-- HinterlandBGTest spawn copy
-- Literal snapshot export from live DB on 2026-05-03.
--
-- Source slice:
--   map = 0
--   phaseMask = 1
--   position_x BETWEEN -1600.000 AND 1066.667
--   position_y BETWEEN -5866.666 AND -4266.667
--
-- Destination normalization:
--   map = 1411
--   zoneId = 47
--   areaId = 6738
--   phaseMask = 4294967295
--
-- Fixed ID allocations from this snapshot:
--   creature guid range   = 9001718 .. 9001873
--   waypoint id range     = 53004947 .. 53004956
--   gameobject guid range = 5714939 .. 5715360
-- Regenerate this file if current live max IDs have moved past this snapshot.
--
-- Source row counts:
--   creatures      = 156
--   creature_addon = 27
--   waypoint_data  = 161
--   gameobjects    = 422
--
-- Intentionally excluded:
--   game_event_creature
--   game_event_gameobject
--   pool_gameobject
--   gameobject_addon

INSERT INTO `creature` (`guid`, `id1`, `id2`, `id3`, `map`, `zoneId`, `areaId`, `spawnMask`, `phaseMask`, `equipment_id`, `position_x`, `position_y`, `position_z`, `orientation`, `spawntimesecs`, `wander_distance`, `currentwaypoint`, `curhealth`, `curmana`, `MovementType`, `npcflag`, `unit_flags`, `dynamicflags`, `ScriptName`, `VerifiedBuild`, `CreateObject`, `Comment`) VALUES
    (9001718, 32823, 0, 0, 1411, 47, 6738, 1, 4294967295, 0, -607.196, -4616.31, 10.0356, 0, 120, 0, 0, 1, 0, 0, 0, 0, 0, '', 46368, 1, '[HLBGTest copy from creature 52733]'),
    (9001719, 34654, 0, 0, 1411, 47, 6738, 1, 4294967295, 0, -599.391, -4617.47, 9.89139, 5.67232, 120, 0, 0, 1, 0, 0, 0, 0, 0, '', 46368, 1, '[HLBGTest copy from creature 52785]'),
    (9001720, 15760, 0, 0, 1411, 47, 6738, 1, 4294967295, 1, -629.124, -4574.99, 12.4413, 3.9619, 120, 0, 0, 1, 0, 0, 0, 0, 0, '', 52237, 1, '[HLBGTest copy from creature 66809]'),
    (9001721, 15760, 0, 0, 1411, 47, 6738, 1, 4294967295, 1, -631.04, -4576.93, 12.4413, 0.750492, 120, 0, 0, 1, 0, 0, 0, 0, 0, '', 52237, 1, '[HLBGTest copy from creature 66810]'),
    (9001722, 8213, 0, 0, 1411, 47, 6738, 1, 4294967295, 0, 204.115, -4712.17, 4.82577, 0.363795, 72000, 0, 0, 2980, 0, 0, 0, 0, 0, '', 0, 0, '[HLBGTest copy from creature 69119]'),
    (9001723, 8215, 0, 0, 1411, 47, 6738, 1, 4294967295, 0, 45.7322, -4276.31, 122.036, 4.22167, 72000, 0, 0, 6645, 0, 2, 0, 0, 0, '', 0, 0, '[HLBGTest copy from creature 77480]'),
    (9001724, 14731, 0, 0, 1411, 47, 6738, 1, 4294967295, 0, -622.033, -4583.4, 11.7704, 5.51524, 350, 0, 0, 2061, 0, 0, 0, 0, 0, '', 0, 0, '[HLBGTest copy from creature 92884]'),
    (9001725, 17598, 0, 0, 1411, 47, 6738, 1, 4294967295, 0, -622.67, -4533.81, 11.8626, 6.03884, 350, 0, 0, 1919, 0, 0, 0, 0, 0, '', 0, 0, '[HLBGTest copy from creature 92885]'),
    (9001726, 14734, 0, 0, 1411, 47, 6738, 1, 4294967295, 1, -562.74, -4633.94, 30.4836, 1.8326, 350, 0, 0, 2880, 0, 0, 0, 0, 0, '', 0, 0, '[HLBGTest copy from creature 92886]'),
    (9001727, 14734, 0, 0, 1411, 47, 6738, 1, 4294967295, 1, -560.995, -4632.43, 30.4295, 1.13446, 350, 0, 0, 2880, 0, 0, 0, 0, 0, '', 0, 0, '[HLBGTest copy from creature 92887]'),
    (9001728, 14734, 0, 0, 1411, 47, 6738, 1, 4294967295, 1, -559.672, -4633.37, 30.4392, 0.820305, 350, 0, 0, 2880, 0, 0, 0, 0, 0, '', 0, 0, '[HLBGTest copy from creature 92888]'),
    (9001729, 4314, 0, 0, 1411, 47, 6738, 1, 4294967295, 1, -631.736, -4720.6, 5.48226, 5.55015, 600, 0, 0, 10572, 0, 0, 0, 0, 0, '', 0, 0, '[HLBGTest copy from creature 92889]'),
    (9001730, 8885, 0, 0, 1411, 47, 6738, 1, 4294967295, 0, -599.365, -4579.15, 9.93336, 3.56047, 350, 0, 0, 42, 0, 0, 0, 0, 0, '', 0, 0, '[HLBGTest copy from creature 92890]'),
    (9001731, 14737, 0, 0, 1411, 47, 6738, 1, 4294967295, 1, -589.954, -4548.46, 9.16149, 3.22886, 350, 0, 0, 1990, 0, 2, 0, 0, 0, '', 0, 0, '[HLBGTest copy from creature 92909]'),
    (9001732, 14736, 0, 0, 1411, 47, 6738, 1, 4294967295, 1, -616.891, -4585.67, 27.8052, 2.74017, 350, 0, 0, 3968, 0, 0, 0, 0, 0, '', 0, 0, '[HLBGTest copy from creature 92910]'),
    (9001733, 14739, 0, 0, 1411, 47, 6738, 1, 4294967295, 1, -541.708, -4608.89, 13.2518, 2.86234, 350, 0, 0, 2061, 0, 2, 0, 0, 0, '', 0, 0, '[HLBGTest copy from creature 92911]'),
    (9001734, 14738, 0, 0, 1411, 47, 6738, 1, 4294967295, 1, -563.159, -4631.15, 13.3094, 1.85005, 350, 0, 0, 2061, 0, 0, 0, 0, 0, '', 0, 0, '[HLBGTest copy from creature 92912]'),
    (9001735, 14740, 0, 0, 1411, 47, 6738, 1, 4294967295, 1, -626.071, -4667.71, 6.50807, 2.75762, 350, 0, 0, 1651, 0, 0, 0, 0, 0, '', 0, 0, '[HLBGTest copy from creature 92913]'),
    (9001736, 14741, 0, 0, 1411, 47, 6738, 1, 4294967295, 1, -574.573, -4622.76, 9.69658, 1.36136, 350, 0, 0, 1848, 0, 0, 0, 0, 0, '', 0, 0, '[HLBGTest copy from creature 92914]'),
    (9001737, 2505, 0, 0, 1411, 47, 6738, 1, 4294967295, 0, 302.187, -4844.87, -22.9063, 2.97742, 350, 10, 0, 2228, 0, 1, 0, 0, 0, '', 0, 0, '[HLBGTest copy from creature 92941]'),
    (9001738, 2505, 0, 0, 1411, 47, 6738, 1, 4294967295, 0, 392.586, -4859.38, -13.263, 6.03567, 350, 10, 0, 2228, 0, 1, 0, 0, 0, '', 0, 0, '[HLBGTest copy from creature 92954]'),
    (9001739, 2505, 0, 0, 1411, 47, 6738, 1, 4294967295, 0, -379.925, -4665.08, -9.57356, 1.70823, 350, 10, 0, 2228, 0, 1, 0, 0, 0, '', 0, 0, '[HLBGTest copy from creature 92956]'),
    (9001740, 2505, 0, 0, 1411, 47, 6738, 1, 4294967295, 0, -15.465, -4853.16, -16.6703, 6.01399, 350, 10, 0, 2228, 0, 1, 0, 0, 0, '', 0, 0, '[HLBGTest copy from creature 92957]'),
    (9001741, 2505, 0, 0, 1411, 47, 6738, 1, 4294967295, 0, -313.444, -4681.32, -6.66424, 0.810481, 350, 10, 0, 2228, 0, 1, 0, 0, 0, '', 0, 0, '[HLBGTest copy from creature 92958]'),
    (9001742, 2505, 0, 0, 1411, 47, 6738, 1, 4294967295, 0, -517.037, -4676.53, -8.6365, 0.126125, 350, 10, 0, 2228, 0, 1, 0, 0, 0, '', 0, 0, '[HLBGTest copy from creature 92959]'),
    (9001743, 2505, 0, 0, 1411, 47, 6738, 1, 4294967295, 0, -119.453, -4884.3, -16.8463, 3.46045, 350, 10, 0, 2228, 0, 1, 0, 0, 0, '', 0, 0, '[HLBGTest copy from creature 92960]'),
    (9001744, 2505, 0, 0, 1411, 47, 6738, 1, 4294967295, 0, -752.72, -4553.87, -18.7259, 4.25035, 350, 10, 0, 2228, 0, 1, 0, 0, 0, '', 0, 0, '[HLBGTest copy from creature 92961]'),
    (9001745, 2505, 0, 0, 1411, 47, 6738, 1, 4294967295, 0, -453.86, -4674.8, -9.82564, 2.5265, 350, 10, 0, 2228, 0, 1, 0, 0, 0, '', 0, 0, '[HLBGTest copy from creature 92962]'),
    (9001746, 2505, 0, 0, 1411, 47, 6738, 1, 4294967295, 0, 54.5881, -4852.3, -19.0851, 4.54055, 350, 10, 0, 2228, 0, 1, 0, 0, 0, '', 0, 0, '[HLBGTest copy from creature 92964]'),
    (9001747, 2505, 0, 0, 1411, 47, 6738, 1, 4294967295, 0, -191.058, -4810.76, -7.5348, 2.93142, 350, 10, 0, 2228, 0, 1, 0, 0, 0, '', 0, 0, '[HLBGTest copy from creature 92967]'),
    (9001748, 2505, 0, 0, 1411, 47, 6738, 1, 4294967295, 0, 405.627, -4760.84, -9.67976, 1.3694, 350, 10, 0, 2228, 0, 1, 0, 0, 0, '', 0, 0, '[HLBGTest copy from creature 92971]'),
    (9001749, 2505, 0, 0, 1411, 47, 6738, 1, 4294967295, 0, 491.681, -4746.69, -9.6381, 5.73809, 350, 10, 0, 2228, 0, 1, 0, 0, 0, '', 0, 0, '[HLBGTest copy from creature 92972]'),
    (9001750, 2505, 0, 0, 1411, 47, 6738, 1, 4294967295, 0, 442.759, -4790.35, -10.0811, 1.70862, 350, 10, 0, 2228, 0, 1, 0, 0, 0, '', 0, 0, '[HLBGTest copy from creature 92973]'),
    (9001751, 2505, 0, 0, 1411, 47, 6738, 1, 4294967295, 0, -120.499, -4681.16, -6.34757, 5.43241, 350, 10, 0, 2228, 0, 1, 0, 0, 0, '', 0, 0, '[HLBGTest copy from creature 92974]'),
    (9001752, 2505, 0, 0, 1411, 47, 6738, 1, 4294967295, 0, 173.13, -4772.56, -5.88934, 2.38705, 350, 10, 0, 2228, 0, 1, 0, 0, 0, '', 0, 0, '[HLBGTest copy from creature 92975]'),
    (9001753, 2926, 0, 0, 1411, 47, 6738, 1, 4294967295, 0, 218.316, -4449.47, 121.309, 3.93839, 350, 5, 0, 2488, 0, 1, 0, 0, 0, '', 0, 0, '[HLBGTest copy from creature 92976]'),
    (9001754, 2505, 0, 0, 1411, 47, 6738, 1, 4294967295, 0, 464.511, -4718.72, 4.05409, 5.95845, 350, 10, 0, 2228, 0, 1, 0, 0, 0, '', 0, 0, '[HLBGTest copy from creature 92977]'),
    (9001755, 2505, 0, 0, 1411, 47, 6738, 1, 4294967295, 0, -122.84, -4824.25, -4.66291, 3.78641, 350, 10, 0, 2228, 0, 1, 0, 0, 0, '', 0, 0, '[HLBGTest copy from creature 92978]'),
    (9001756, 2505, 0, 0, 1411, 47, 6738, 1, 4294967295, 0, -195.581, -4885.19, -16.5459, 4.27974, 350, 10, 0, 2228, 0, 1, 0, 0, 0, '', 0, 0, '[HLBGTest copy from creature 92979]'),
    (9001757, 2505, 0, 0, 1411, 47, 6738, 1, 4294967295, 0, 315.712, -4777.15, -30.629, 5.27449, 350, 10, 0, 2228, 0, 1, 0, 0, 0, '', 0, 0, '[HLBGTest copy from creature 92980]'),
    (9001758, 2505, 0, 0, 1411, 47, 6738, 1, 4294967295, 0, -221.012, -4645.19, -8.76627, 5.51871, 350, 10, 0, 2228, 0, 1, 0, 0, 0, '', 0, 0, '[HLBGTest copy from creature 92998]'),
    (9001759, 2505, 0, 0, 1411, 47, 6738, 1, 4294967295, 0, 283.124, -4754.02, -15.6798, 4.80248, 350, 10, 0, 2228, 0, 1, 0, 0, 0, '', 0, 0, '[HLBGTest copy from creature 92999]'),
    (9001760, 2505, 0, 0, 1411, 47, 6738, 1, 4294967295, 0, 214.391, -4747.57, -12.4037, 5.31015, 350, 10, 0, 2228, 0, 1, 0, 0, 0, '', 0, 0, '[HLBGTest copy from creature 93000]'),
    (9001761, 2505, 0, 0, 1411, 47, 6738, 1, 4294967295, 0, 244.776, -4773.49, -15.9578, 3.0044, 350, 10, 0, 2228, 0, 1, 0, 0, 0, '', 0, 0, '[HLBGTest copy from creature 93001]'),
    (9001762, 2505, 0, 0, 1411, 47, 6738, 1, 4294967295, 0, 86.2432, -4759.21, -5.06178, 0.174785, 350, 10, 0, 2228, 0, 1, 0, 0, 0, '', 0, 0, '[HLBGTest copy from creature 93007]'),
    (9001763, 2926, 0, 0, 1411, 47, 6738, 1, 4294967295, 0, 19.7264, -4361.74, 134.192, 0.056691, 350, 5, 0, 2488, 0, 1, 0, 0, 0, '', 0, 0, '[HLBGTest copy from creature 93025]'),
    (9001764, 2505, 0, 0, 1411, 47, 6738, 1, 4294967295, 0, 109.187, -4770.13, -4.13647, 1.96534, 350, 10, 0, 2228, 0, 1, 0, 0, 0, '', 0, 0, '[HLBGTest copy from creature 93028]'),
    (9001765, 2505, 0, 0, 1411, 47, 6738, 1, 4294967295, 0, 387.477, -4724.52, -5.0523, 0.552813, 350, 10, 0, 2228, 0, 1, 0, 0, 0, '', 0, 0, '[HLBGTest copy from creature 93029]'),
    (9001766, 2505, 0, 0, 1411, 47, 6738, 1, 4294967295, 0, 359.375, -4737.5, -4.1239, 0, 350, 10, 0, 2228, 0, 1, 0, 0, 0, '', 0, 0, '[HLBGTest copy from creature 93030]'),
    (9001767, 2505, 0, 0, 1411, 47, 6738, 1, 4294967295, 0, 46.835, -4788.89, -5.67404, 5.09748, 350, 10, 0, 2228, 0, 1, 0, 0, 0, '', 0, 0, '[HLBGTest copy from creature 93034]'),
    (9001768, 2505, 0, 0, 1411, 47, 6738, 1, 4294967295, 0, 315.914, -4706.9, 5.3171, 5.12625, 350, 10, 0, 2228, 0, 1, 0, 0, 0, '', 0, 0, '[HLBGTest copy from creature 93035]'),
    (9001769, 2505, 0, 0, 1411, 47, 6738, 1, 4294967295, 0, -52.4953, -4755.58, -3.90083, 5.90956, 350, 10, 0, 2228, 0, 1, 0, 0, 0, '', 0, 0, '[HLBGTest copy from creature 93059]'),
    (9001770, 2926, 0, 0, 1411, 47, 6738, 1, 4294967295, 0, 94.5354, -4517.43, 136.444, 0.599372, 350, 5, 0, 2488, 0, 1, 0, 0, 0, '', 0, 0, '[HLBGTest copy from creature 93082]'),
    (9001771, 2926, 0, 0, 1411, 47, 6738, 1, 4294967295, 0, -22.8571, -4290.83, 120.806, 5.37737, 350, 5, 0, 2488, 0, 1, 0, 0, 0, '', 0, 0, '[HLBGTest copy from creature 93093]'),
    (9001772, 2505, 0, 0, 1411, 47, 6738, 1, 4294967295, 0, -688.59, -4507.64, 10.2782, 1.9809, 350, 10, 0, 2228, 0, 1, 0, 0, 0, '', 0, 0, '[HLBGTest copy from creature 93106]'),
    (9001773, 2926, 0, 0, 1411, 47, 6738, 1, 4294967295, 0, 32.0518, -4422.68, 150.152, 4.95054, 350, 5, 0, 2488, 0, 1, 0, 0, 0, '', 0, 0, '[HLBGTest copy from creature 93147]'),
    (9001774, 2926, 0, 0, 1411, 47, 6738, 1, 4294967295, 0, -19.5781, -4399.59, 145.291, 1.93825, 350, 5, 0, 2488, 0, 1, 0, 0, 0, '', 0, 0, '[HLBGTest copy from creature 93149]'),
    (9001775, 2926, 0, 0, 1411, 47, 6738, 1, 4294967295, 0, 26.6744, -4405.46, 145.152, 2.89424, 350, 5, 0, 2488, 0, 1, 0, 0, 0, '', 0, 0, '[HLBGTest copy from creature 93151]'),
    (9001776, 2505, 0, 0, 1411, 47, 6738, 1, 4294967295, 0, 385.539, -4784.49, 0.529967, 2.15588, 350, 10, 0, 2228, 0, 1, 0, 0, 0, '', 0, 0, '[HLBGTest copy from creature 93186]'),
    (9001777, 2926, 0, 0, 1411, 47, 6738, 1, 4294967295, 0, 132.386, -4388.78, 120.48, 0.762917, 350, 5, 0, 2488, 0, 1, 0, 0, 0, '', 0, 0, '[HLBGTest copy from creature 93298]'),
    (9001778, 2926, 0, 0, 1411, 47, 6738, 1, 4294967295, 0, 59.302, -4325.83, 124.6, 0.764921, 350, 5, 0, 2488, 0, 1, 0, 0, 0, '', 0, 0, '[HLBGTest copy from creature 93300]'),
    (9001779, 2926, 0, 0, 1411, 47, 6738, 1, 4294967295, 0, 1.96076, -4274.1, 119.399, 0.555494, 350, 0, 0, 2488, 0, 0, 0, 0, 0, '', 0, 0, '[HLBGTest copy from creature 93350]'),
    (9001780, 2926, 0, 0, 1411, 47, 6738, 1, 4294967295, 0, -112.484, -4319.53, 133.509, 5.97748, 350, 5, 0, 2488, 0, 1, 0, 0, 0, '', 0, 0, '[HLBGTest copy from creature 93351]'),
    (9001781, 2505, 0, 0, 1411, 47, 6738, 1, 4294967295, 0, -421.896, -4651.29, -6.98523, 5.22579, 350, 10, 0, 2228, 0, 1, 0, 0, 0, '', 0, 0, '[HLBGTest copy from creature 93389]'),
    (9001782, 4466, 0, 0, 1411, 47, 6738, 1, 4294967295, 1, 256.04, -4343.34, 117.849, 1.07437, 350, 5, 0, 2399, 0, 1, 0, 0, 0, '', 0, 0, '[HLBGTest copy from creature 93542]'),
    (9001783, 4466, 0, 0, 1411, 47, 6738, 1, 4294967295, 1, 219.883, -4353.14, 120.054, 4.15984, 350, 5, 0, 2399, 0, 1, 0, 0, 0, '', 0, 0, '[HLBGTest copy from creature 93544]'),
    (9001784, 2926, 0, 0, 1411, 47, 6738, 1, 4294967295, 0, 50.2581, -4480.91, 141.801, 1.13576, 350, 5, 0, 2488, 0, 1, 0, 0, 0, '', 0, 0, '[HLBGTest copy from creature 93592]'),
    (9001785, 2926, 0, 0, 1411, 47, 6738, 1, 4294967295, 0, 126.33, -4579.81, 119.419, 1.91106, 350, 5, 0, 2488, 0, 1, 0, 0, 0, '', 0, 0, '[HLBGTest copy from creature 93596]'),
    (9001786, 2926, 0, 0, 1411, 47, 6738, 1, 4294967295, 0, -17.9534, -4380.72, 142.422, 0.394641, 350, 5, 0, 2488, 0, 1, 0, 0, 0, '', 0, 0, '[HLBGTest copy from creature 93597]'),
    (9001787, 2505, 0, 0, 1411, 47, 6738, 1, 4294967295, 0, -17.0068, -4794, -3.96567, 4.42144, 350, 10, 0, 2228, 0, 1, 0, 0, 0, '', 0, 0, '[HLBGTest copy from creature 93604]'),
    (9001788, 2505, 0, 0, 1411, 47, 6738, 1, 4294967295, 0, -50.0403, -4816.81, -4.68518, 4.77948, 350, 10, 0, 2228, 0, 1, 0, 0, 0, '', 0, 0, '[HLBGTest copy from creature 93607]'),
    (9001789, 2505, 0, 0, 1411, 47, 6738, 1, 4294967295, 0, -85.2066, -4711.84, -4.41027, 2.47661, 350, 10, 0, 2228, 0, 1, 0, 0, 0, '', 0, 0, '[HLBGTest copy from creature 93609]'),
    (9001790, 2926, 0, 0, 1411, 47, 6738, 1, 4294967295, 0, -61.296, -4331.49, 123.538, 0.587931, 350, 5, 0, 2488, 0, 1, 0, 0, 0, '', 0, 0, '[HLBGTest copy from creature 93613]'),
    (9001791, 2926, 0, 0, 1411, 47, 6738, 1, 4294967295, 0, -54.4927, -4346.08, 127.858, 5.23342, 350, 5, 0, 2488, 0, 1, 0, 0, 0, '', 0, 0, '[HLBGTest copy from creature 93630]'),
    (9001792, 4467, 0, 0, 1411, 47, 6738, 1, 4294967295, 1, 219.947, -4308.61, 117.883, 0.296706, 350, 3, 0, 1679, 3923, 1, 0, 0, 0, '', 0, 0, '[HLBGTest copy from creature 93660]'),
    (9001793, 4467, 0, 0, 1411, 47, 6738, 1, 4294967295, 1, 227.279, -4320.21, 117.748, 2.00713, 350, 3, 0, 1679, 3923, 1, 0, 0, 0, '', 0, 0, '[HLBGTest copy from creature 93661]'),
    (9001794, 4466, 0, 0, 1411, 47, 6738, 1, 4294967295, 1, 247.858, -4287.32, 118.768, 0.21655, 350, 5, 0, 2399, 0, 1, 0, 0, 0, '', 0, 0, '[HLBGTest copy from creature 93663]'),
    (9001795, 2926, 0, 0, 1411, 47, 6738, 1, 4294967295, 0, 214.313, -4522.59, 120.717, 5.17429, 350, 5, 0, 2488, 0, 1, 0, 0, 0, '', 0, 0, '[HLBGTest copy from creature 93676]'),
    (9001796, 2926, 0, 0, 1411, 47, 6738, 1, 4294967295, 0, -151.502, -4348.89, 132.655, 2.91171, 350, 5, 0, 2488, 0, 1, 0, 0, 0, '', 0, 0, '[HLBGTest copy from creature 93686]'),
    (9001797, 4466, 0, 0, 1411, 47, 6738, 1, 4294967295, 1, 223.068, -4344.02, 118.292, 1.35557, 350, 0, 0, 2399, 0, 2, 0, 0, 0, '', 0, 0, '[HLBGTest copy from creature 93713]'),
    (9001798, 4466, 0, 0, 1411, 47, 6738, 1, 4294967295, 1, 264.906, -4331.19, 118.5, 3.20023, 350, 5, 0, 2399, 0, 1, 0, 0, 0, '', 0, 0, '[HLBGTest copy from creature 93715]'),
    (9001799, 4467, 0, 0, 1411, 47, 6738, 1, 4294967295, 1, 220.818, -4293.25, 117.85, 2.93309, 350, 5, 0, 1679, 3923, 1, 0, 0, 0, '', 0, 0, '[HLBGTest copy from creature 93725]'),
    (9001800, 25994, 0, 0, 1411, 47, 6738, 1, 4294967295, 0, -466.788, -4532.08, 11.1267, 3.47321, 120, 0, 0, 1, 0, 0, 0, 0, 0, '', 50063, 1, '[HLBGTest copy from creature 94525]'),
    (9001801, 16781, 0, 0, 1411, 47, 6738, 1, 4294967295, 0, -474.941, -4528.3, 12.8381, 4.66003, 120, 0, 0, 2453, 0, 0, 0, 0, 0, '', 50172, 1, '[HLBGTest copy from creature 94566]'),
    (9001802, 16781, 0, 0, 1411, 47, 6738, 1, 4294967295, 0, -463.082, -4537.73, 9.4355, 3.07178, 120, 0, 0, 1651, 0, 0, 0, 0, 0, '', 50063, 1, '[HLBGTest copy from creature 94567]'),
    (9001803, 16781, 0, 0, 1411, 47, 6738, 1, 4294967295, 0, -468.089, -4537.65, 10.3289, 0.0349066, 120, 0, 0, 2138, 0, 0, 0, 0, 0, '', 50172, 1, '[HLBGTest copy from creature 94568]'),
    (9001804, 16781, 0, 0, 1411, 47, 6738, 1, 4294967295, 0, -475.423, -4532.37, 12.327, 1.5708, 120, 0, 0, 2453, 0, 0, 0, 0, 0, '', 50063, 1, '[HLBGTest copy from creature 94612]'),
    (9001805, 26520, 0, 0, 1411, 47, 6738, 1, 4294967295, 0, -460.188, -4526.52, 10.3584, 1.8675, 120, 0, 0, 1, 0, 0, 0, 0, 0, '', 50063, 1, '[HLBGTest copy from creature 94784]'),
    (9001806, 17066, 0, 0, 1411, 47, 6738, 1, 4294967295, 0, -480.95, -4538.86, 17.9323, 5.77704, 120, 0, 0, 1, 0, 0, 0, 0, 0, '', 50063, 1, '[HLBGTest copy from creature 94847]'),
    (9001807, 26355, 0, 0, 1411, 47, 6738, 1, 4294967295, 0, -447.95, -4527.65, 8.67929, 1.53589, 120, 0, 0, 1, 0, 0, 0, 0, 0, '', 50063, 1, '[HLBGTest copy from creature 94960]'),
    (9001808, 16592, 0, 0, 1411, 47, 6738, 1, 4294967295, 0, -448.118, -4527.08, 8.96146, 0.0174525, 120, 0, 0, 1, 0, 0, 0, 0, 0, '', 50063, 1, '[HLBGTest copy from creature 245524]'),
    (9001809, 25944, 0, 0, 1411, 47, 6738, 1, 4294967295, 0, -457.319, -4525.64, 9.81651, 1.8675, 120, 0, 0, 1, 0, 0, 0, 0, 0, '', 50063, 1, '[HLBGTest copy from creature 245700]'),
    (9001810, 800002, 0, 0, 1411, 47, 6738, 1, 4294967295, 0, -575.404, -4599.32, 10.4665, 5.32751, 300, 0, 0, 18430, 0, 0, 0, 0, 0, '', 0, 0, '[HLBGTest copy from creature 3110568]'),
    (9001811, 800002, 0, 0, 1411, 47, 6738, 1, 4294967295, 0, 62.7756, -4724.48, 11.7936, 1.84379, 300, 0, 0, 18430, 0, 0, 0, 0, 0, '', 0, 0, '[HLBGTest copy from creature 3110569]'),
    (9001812, 8885, 0, 0, 1411, 47, 6738, 1, 4294967295, 0, -597.301, -4584.65, 9.81047, 3.4375, 300, 0, 0, 42, 0, 0, 0, 0, 0, '', 0, 0, '[HLBGTest copy from creature 3111600]'),
    (9001813, 810001, 0, 0, 1411, 47, 6738, 1, 4294967295, 0, -4.64928, -4659.51, 11.0719, 2.51696, 300, 0, 0, 630000, 0, 0, 0, 0, 0, '', 0, 0, '[HLBGTest copy from creature 3111603]'),
    (9001814, 810001, 0, 0, 1411, 47, 6738, 1, 4294967295, 0, 1.76989, -4652.5, 11.342, 2.6305, 300, 0, 0, 630000, 0, 0, 0, 0, 0, '', 0, 0, '[HLBGTest copy from creature 3111604]'),
    (9001815, 810001, 0, 0, 1411, 47, 6738, 1, 4294967295, 0, 27.3033, -4709.8, 9.26786, 4.97569, 300, 30, 0, 630000, 0, 1, 0, 0, 0, '', 0, 0, '[HLBGTest copy from creature 3111605]'),
    (9001816, 810001, 0, 0, 1411, 47, 6738, 1, 4294967295, 0, 13.4784, -4710.55, 6.61461, 4.46361, 300, 30, 0, 630000, 0, 1, 0, 0, 0, '', 0, 0, '[HLBGTest copy from creature 3111606]'),
    (9001817, 810001, 0, 0, 1411, 47, 6738, 1, 4294967295, 0, -0.973979, -4702.36, 7.11153, 3.64601, 300, 30, 0, 630000, 0, 1, 0, 0, 0, '', 0, 0, '[HLBGTest copy from creature 3111607]'),
    (9001818, 810001, 0, 0, 1411, 47, 6738, 1, 4294967295, 0, 46.1406, -4698.42, 8.98425, 2.02104, 300, 0, 0, 630000, 0, 0, 0, 0, 0, '', 0, 0, '[HLBGTest copy from creature 3111609]'),
    (9001819, 810001, 0, 0, 1411, 47, 6738, 1, 4294967295, 0, 42.5085, -4705.43, 10.1169, 2.57082, 300, 0, 0, 630000, 0, 0, 0, 0, 0, '', 0, 0, '[HLBGTest copy from creature 3111610]'),
    (9001820, 810001, 0, 0, 1411, 47, 6738, 1, 4294967295, 0, 53.8337, -4715.55, 11.7946, 1.04638, 300, 0, 0, 630000, 0, 0, 0, 0, 0, '', 0, 0, '[HLBGTest copy from creature 3111611]'),
    (9001821, 810001, 0, 0, 1411, 47, 6738, 1, 4294967295, 0, 58.9342, -4721.24, 48.99, 3.58559, 300, 0, 0, 630000, 0, 0, 0, 0, 0, '', 0, 0, '[HLBGTest copy from creature 3111612]'),
    (9001822, 810001, 0, 0, 1411, 47, 6738, 1, 4294967295, 0, 66.2435, -4723.84, 48.99, 4.94747, 300, 0, 0, 630000, 0, 0, 0, 0, 0, '', 0, 0, '[HLBGTest copy from creature 3111613]'),
    (9001823, 810002, 0, 0, 1411, 47, 6738, 1, 4294967295, 0, -588.861, -4578.63, 9.89977, 0.776169, 300, 0, 0, 7560000, 119820, 0, 0, 0, 0, '', 0, 0, '[HLBGTest copy from creature 3111616]'),
    (9001824, 810003, 0, 0, 1411, 47, 6738, 1, 4294967295, 0, 64.4524, -4716.48, 48.99, 1.40605, 300, 0, 0, 7560000, 0, 0, 0, 0, 0, '', 0, 0, '[HLBGTest copy from creature 3111617]'),
    (9001825, 810000, 0, 0, 1411, 47, 6738, 1, 4294967295, 0, -487.906, -4582.34, 8.94294, 1.14646, 300, 30, 0, 2796600, 0, 1, 0, 0, 0, '', NULL, 0, '[HLBGTest copy from creature 5300542]'),
    (9001826, 810000, 0, 0, 1411, 47, 6738, 1, 4294967295, 0, -484.116, -4600.77, 8.11937, 1.86824, 300, 30, 0, 2796600, 0, 1, 0, 0, 0, '', NULL, 0, '[HLBGTest copy from creature 5300543]'),
    (9001827, 810000, 0, 0, 1411, 47, 6738, 1, 4294967295, 0, -513.931, -4551.89, 11.5408, 0.0570712, 300, 0, 0, 2796600, 0, 0, 0, 0, 0, '', NULL, 0, '[HLBGTest copy from creature 5300544]'),
    (9001828, 810000, 0, 0, 1411, 47, 6738, 1, 4294967295, 0, -520.002, -4519.08, 11.2796, 0.12383, 300, 0, 0, 2796600, 0, 0, 0, 0, 0, '', NULL, 0, '[HLBGTest copy from creature 5300545]'),
    (9001829, 55002, 0, 0, 1411, 47, 6738, 1, 4294967295, 0, -615.086, -4629.58, 8.95394, 6.16648, 300, 0, 0, 630000, 199700, 0, 0, 0, 0, '', NULL, 0, '[HLBGTest copy from creature 5300546]'),
    (9001830, 55002, 0, 0, 1411, 47, 6738, 1, 4294967295, 0, 45.5683, -4658.35, 15.8515, 1.88609, 300, 0, 0, 630000, 199700, 0, 0, 0, 0, '', NULL, 0, '[HLBGTest copy from creature 5300547]'),
    (9001831, 810001, 0, 0, 1411, 47, 6738, 1, 4294967295, 0, -11.4967, -4662.25, 11.2207, 2.39187, 300, 0, 0, 4687650, 0, 0, 0, 0, 0, '', NULL, 0, '[HLBGTest copy from creature 5300548]'),
    (9001832, 810001, 0, 0, 1411, 47, 6738, 1, 4294967295, 0, 1.5618, -4642.79, 12.617, 2.42486, 300, 0, 0, 4687650, 0, 0, 0, 0, 0, '', NULL, 0, '[HLBGTest copy from creature 5300549]'),
    (9001833, 810001, 0, 0, 1411, 47, 6738, 1, 4294967295, 0, -62.2993, -4653.25, 9.45994, 3.39796, 300, 30, 0, 4687650, 0, 1, 0, 0, 0, '', NULL, 0, '[HLBGTest copy from creature 5300550]'),
    (9001834, 810001, 0, 0, 1411, 47, 6738, 1, 4294967295, 0, -94.114, -4644.54, 8.96387, 2.49554, 300, 30, 0, 4687650, 0, 1, 0, 0, 0, '', NULL, 0, '[HLBGTest copy from creature 5300551]'),
    (9001835, 810001, 0, 0, 1411, 47, 6738, 1, 4294967295, 0, -112.108, -4629.78, 10.6601, 2.46962, 300, 0, 0, 4687650, 0, 0, 0, 0, 0, '', NULL, 0, '[HLBGTest copy from creature 5300552]'),
    (9001836, 810001, 0, 0, 1411, 47, 6738, 1, 4294967295, 0, -112.425, -4616.39, 10.9293, 2.81206, 300, 0, 0, 4687650, 0, 0, 0, 0, 0, '', NULL, 0, '[HLBGTest copy from creature 5300553]'),
    (9001837, 810001, 0, 0, 1411, 47, 6738, 1, 4294967295, 0, -113.24, -4604.26, 10.9811, 2.21751, 300, 0, 0, 4687650, 0, 0, 0, 0, 0, '', NULL, 0, '[HLBGTest copy from creature 5300554]'),
    (9001838, 810001, 0, 0, 1411, 47, 6738, 1, 4294967295, 0, -368.691, -4432.72, 12.2899, 3.10737, 300, 0, 0, 4687650, 0, 0, 0, 0, 0, '', NULL, 0, '[HLBGTest copy from creature 5300555]'),
    (9001839, 810001, 0, 0, 1411, 47, 6738, 1, 4294967295, 0, -370.784, -4425.23, 13.3185, 3.73648, 300, 0, 0, 4687650, 0, 0, 0, 0, 0, '', NULL, 0, '[HLBGTest copy from creature 5300556]'),
    (9001840, 810001, 0, 0, 1411, 47, 6738, 1, 4294967295, 0, -370.04, -4428.84, 12.7149, 3.74511, 300, 0, 0, 4687650, 0, 0, 0, 0, 0, '', NULL, 0, '[HLBGTest copy from creature 5300557]'),
    (9001841, 810000, 0, 0, 1411, 47, 6738, 1, 4294967295, 0, -376.77, -4425.44, 12.6718, 0.073368, 300, 0, 0, 2796600, 0, 0, 0, 0, 0, '', NULL, 0, '[HLBGTest copy from creature 5300558]'),
    (9001842, 810000, 0, 0, 1411, 47, 6738, 1, 4294967295, 0, -376.095, -4427.95, 12.4658, 0.061587, 300, 0, 0, 2796600, 0, 0, 0, 0, 0, '', NULL, 0, '[HLBGTest copy from creature 5300559]'),
    (9001843, 810000, 0, 0, 1411, 47, 6738, 1, 4294967295, 0, -374.232, -4430.63, 12.3484, 0.490415, 300, 0, 0, 2796600, 0, 0, 0, 0, 0, '', NULL, 0, '[HLBGTest copy from creature 5300560]'),
    (9001844, 810000, 0, 0, 1411, 47, 6738, 1, 4294967295, 0, -320.159, -4508.85, 11.7798, 0.727618, 300, 0, 0, 552900, 0, 0, 0, 0, 0, '', NULL, 0, '[HLBGTest copy from creature 5300563]'),
    (9001845, 810000, 0, 0, 1411, 47, 6738, 1, 4294967295, 0, -319.925, -4502.68, 11.6988, 1.17451, 300, 0, 0, 552900, 0, 0, 0, 0, 0, '', NULL, 0, '[HLBGTest copy from creature 5300564]'),
    (9001846, 810000, 0, 0, 1411, 47, 6738, 1, 4294967295, 0, -315.9, -4505.82, 12.3305, 4.58235, 300, 0, 0, 552900, 0, 0, 0, 0, 0, '', NULL, 0, '[HLBGTest copy from creature 5300565]'),
    (9001847, 810000, 0, 0, 1411, 47, 6738, 1, 4294967295, 0, -313.821, -4512.62, 12.585, 5.27036, 300, 0, 0, 552900, 0, 0, 0, 0, 0, '', NULL, 0, '[HLBGTest copy from creature 5300566]'),
    (9001848, 810000, 0, 0, 1411, 47, 6738, 1, 4294967295, 0, -316.55, -4515.45, 12.2053, 1.34965, 300, 0, 0, 552900, 0, 0, 0, 0, 0, '', NULL, 0, '[HLBGTest copy from creature 5300567]'),
    (9001849, 810001, 0, 0, 1411, 47, 6738, 1, 4294967295, 0, -311.018, -4517.71, 12.7394, 1.1376, 300, 0, 0, 630000, 0, 0, 0, 0, 0, '', NULL, 0, '[HLBGTest copy from creature 5300568]'),
    (9001850, 810001, 0, 0, 1411, 47, 6738, 1, 4294967295, 0, -308.563, -4510.61, 13.241, 1.50516, 300, 0, 0, 630000, 0, 0, 0, 0, 0, '', NULL, 0, '[HLBGTest copy from creature 5300569]'),
    (9001851, 810001, 0, 0, 1411, 47, 6738, 1, 4294967295, 0, -312.745, -4509.04, 12.7792, 2.92202, 300, 0, 0, 630000, 0, 0, 0, 0, 0, '', NULL, 0, '[HLBGTest copy from creature 5300570]'),
    (9001852, 810001, 0, 0, 1411, 47, 6738, 1, 4294967295, 0, -313.858, -4511.65, 12.5984, 4.75279, 300, 0, 0, 630000, 0, 0, 0, 0, 0, '', NULL, 0, '[HLBGTest copy from creature 5300571]'),
    (9001853, 810001, 0, 0, 1411, 47, 6738, 1, 4294967295, 0, -313.949, -4509.4, 12.6176, 4.75279, 300, 0, 0, 630000, 0, 0, 0, 0, 0, '', NULL, 0, '[HLBGTest copy from creature 5300572]'),
    (9001854, 810006, 0, 0, 1411, 47, 6738, 1, 4294967295, 1, -538.437, -4553.17, 11.58, 0.803638, 300, 0, 0, 552900, 0, 2, 0, 0, 0, '', NULL, 0, '[HLBGTest copy from creature 9000378]'),
    (9001855, 810007, 0, 0, 1411, 47, 6738, 1, 4294967295, 1, -544.181, -4534.25, 11.5607, 5.5773, 300, 0, 0, 552900, 0, 2, 0, 0, 0, '', NULL, 0, '[HLBGTest copy from creature 9000379]'),
    (9001856, 810008, 0, 0, 1411, 47, 6738, 1, 4294967295, 1, -554.715, -4541.16, 11.5021, 5.58515, 300, 0, 0, 368650, 39940, 2, 0, 0, 0, '', NULL, 0, '[HLBGTest copy from creature 9000381]'),
    (9001857, 810009, 0, 0, 1411, 47, 6738, 1, 4294967295, 1, -1.94835, -4678.92, 10.6792, 1.20342, 300, 0, 0, 460750, 0, 2, 0, 0, 0, '', NULL, 0, '[HLBGTest copy from creature 9000383]'),
    (9001858, 810010, 0, 0, 1411, 47, 6738, 1, 4294967295, 1, 29.4266, -4682.28, 6.80323, 2.49147, 300, 0, 0, 414675, 0, 2, 0, 0, 0, '', NULL, 0, '[HLBGTest copy from creature 9000384]'),
    (9001859, 810011, 0, 0, 1411, 47, 6738, 1, 4294967295, 1, 32.7582, -4666.75, 9.62828, 3.48893, 300, 0, 0, 368600, 0, 2, 0, 0, 0, '', NULL, 0, '[HLBGTest copy from creature 9000385]'),
    (9001860, 810012, 0, 0, 1411, 47, 6738, 1, 4294967295, 0, -628.66, -4692.23, 5.40483, 6.179, 300, 0, 0, 184300, 0, 0, 0, 0, 0, '', NULL, 0, '[HLBGTest copy from creature 9001603]'),
    (9001861, 810012, 0, 0, 1411, 47, 6738, 1, 4294967295, 0, -622.748, -4680.01, 5.34674, 0.00393801, 300, 0, 0, 184300, 0, 0, 0, 0, 0, '', NULL, 0, '[HLBGTest copy from creature 9001604]'),
    (9001862, 810016, 0, 0, 1411, 47, 6738, 1, 4294967295, 0, -568.9, -4591.73, 10.5859, 4.26269, 300, 0, 0, 117968, 39940, 0, 0, 0, 0, '', NULL, 0, '[HLBGTest copy from creature 9001607]'),
    (9001863, 810016, 0, 0, 1411, 47, 6738, 1, 4294967295, 0, -567.182, -4598.66, 10.6225, 2.61493, 300, 0, 0, 117968, 39940, 0, 0, 0, 0, '', NULL, 0, '[HLBGTest copy from creature 9001608]'),
    (9001864, 810013, 0, 0, 1411, 47, 6738, 1, 4294967295, 0, -12.7101, -4692.74, 8.0781, 0.777794, 300, 0, 0, 184300, 0, 0, 0, 0, 0, '', NULL, 0, '[HLBGTest copy from creature 9001609]'),
    (9001865, 810013, 0, 0, 1411, 47, 6738, 1, 4294967295, 0, 44.8668, -4674.7, 8.49234, 1.31106, 300, 0, 0, 184300, 0, 0, 0, 0, 0, '', NULL, 0, '[HLBGTest copy from creature 9001610]'),
    (9001866, 810015, 0, 0, 1411, 47, 6738, 1, 4294967295, 0, 41.9391, -4643.55, 12.0292, 2.55278, 300, 0, 0, 165870, 0, 0, 0, 0, 0, '', NULL, 0, '[HLBGTest copy from creature 9001611]'),
    (9001867, 810013, 0, 0, 1411, 47, 6738, 1, 4294967295, 0, 35.9405, -4639.45, 11.7561, 5.72079, 300, 0, 0, 184300, 0, 0, 0, 0, 0, '', NULL, 0, '[HLBGTest copy from creature 9001612]'),
    (9001868, 810017, 0, 0, 1411, 47, 6738, 1, 4294967295, 0, 35.582, -4644.91, 11.538, 0.855235, 300, 0, 0, 202730, 0, 0, 0, 0, 0, '', NULL, 0, '[HLBGTest copy from creature 9001613]'),
    (9001869, 810017, 0, 0, 1411, 47, 6738, 1, 4294967295, 0, 34.7611, -4719.18, 8.97144, 1.38457, 300, 0, 0, 202730, 0, 0, 0, 0, 0, '', NULL, 0, '[HLBGTest copy from creature 9001614]'),
    (9001870, 810017, 0, 0, 1411, 47, 6738, 1, 4294967295, 0, -28.5006, -4567.59, 12.2058, 3.61982, 300, 0, 0, 202730, 0, 0, 0, 0, 0, '', NULL, 0, '[HLBGTest copy from creature 9001615]'),
    (9001871, 2134, 0, 0, 1411, 47, 6738, 1, 4294967295, 1, 19.6925, -4713.23, 7.47907, 1.33394, 300, 0, 0, 198, 0, 0, 0, 0, 0, '', NULL, 0, '[HLBGTest copy from creature 9001624]'),
    (9001872, 10055, 0, 0, 1411, 47, 6738, 1, 4294967295, 1, 1.72928, -4704.88, 6.50533, 1.0567, 300, 0, 0, 1003, 0, 0, 0, 0, 0, '', NULL, 0, '[HLBGTest copy from creature 9001625]'),
    (9001873, 800002, 0, 0, 1411, 47, 6738, 1, 4294967295, 0, -647.392, -4714.67, 4.96817, 0.480165, 300, 0, 0, 111864, 0, 0, 0, 0, 0, '', NULL, 0, '[HLBGTest copy from creature 9001628]');

INSERT INTO `creature_addon` (`guid`, `path_id`, `mount`, `bytes1`, `bytes2`, `emote`, `visibilityDistanceType`, `auras`) VALUES
    (9001720, 0, 0, 0, 1, 0, 0, '26251'),
    (9001721, 0, 0, 0, 1, 0, 0, '26252'),
    (9001723, 53004947, 0, 0, 0, 0, 0, NULL),
    (9001724, 0, 0, 1, 1, 0, 0, NULL),
    (9001725, 0, 0, 0, 1, 0, 0, NULL),
    (9001729, 0, 0, 0, 1, 0, 0, NULL),
    (9001731, 53004948, 0, 0, 1, 0, 0, ''),
    (9001732, 0, 0, 0, 1, 0, 0, NULL),
    (9001733, 53004949, 0, 0, 1, 0, 0, ''),
    (9001734, 0, 0, 0, 1, 10, 0, NULL),
    (9001735, 0, 0, 0, 1, 0, 0, NULL),
    (9001736, 0, 0, 0, 2, 0, 0, NULL),
    (9001782, 0, 0, 0, 1, 0, 0, NULL),
    (9001783, 0, 0, 0, 1, 0, 0, NULL),
    (9001792, 0, 0, 0, 1, 0, 0, NULL),
    (9001793, 0, 0, 0, 1, 0, 0, NULL),
    (9001794, 0, 0, 0, 1, 0, 0, NULL),
    (9001797, 53004950, 0, 0, 0, 0, 0, NULL),
    (9001798, 0, 0, 0, 1, 0, 0, NULL),
    (9001799, 0, 0, 0, 1, 0, 0, NULL),
    (9001806, 0, 0, 0, 1, 0, 0, NULL),
    (9001854, 53004954, 0, 0, 0, 0, 0, NULL),
    (9001855, 53004955, 0, 0, 0, 0, 0, NULL),
    (9001856, 53004956, 0, 0, 0, 0, 0, NULL),
    (9001857, 53004951, 0, 0, 0, 0, 0, NULL),
    (9001858, 53004953, 0, 0, 0, 0, 0, NULL),
    (9001859, 53004952, 0, 0, 0, 0, 0, NULL);

INSERT INTO `waypoint_data` (`id`, `point`, `position_x`, `position_y`, `position_z`, `orientation`, `velocity`, `delay`, `smoothTransition`, `move_type`, `action`, `action_chance`, `wpguid`) VALUES
    (53004947, 1, 45.7322, -4276.31, 121.934, NULL, 0, 0, 0, 0, 0, 100, 0),
    (53004947, 2, 38.2129, -4290.5, 120.188, NULL, 0, 0, 0, 0, 0, 100, 0),
    (53004947, 3, 30.5641, -4307.61, 119.227, NULL, 0, 0, 0, 0, 0, 100, 0),
    (53004947, 4, 25.0927, -4318.85, 121.626, NULL, 0, 0, 0, 0, 0, 100, 0),
    (53004947, 5, 13.2462, -4342.29, 132.827, NULL, 0, 0, 0, 0, 0, 100, 0),
    (53004947, 6, 2.13944, -4364.68, 134.591, NULL, 0, 0, 0, 0, 0, 100, 0),
    (53004947, 7, -5.65537, -4386.5, 141.237, NULL, 0, 0, 0, 0, 0, 100, 0),
    (53004947, 8, -8.60511, -4403.34, 145.002, NULL, 0, 0, 0, 0, 0, 100, 0),
    (53004947, 9, -5.24793, -4410.12, 146.478, NULL, 0, 0, 0, 0, 0, 100, 0),
    (53004947, 10, 3.24584, -4417.3, 148.509, NULL, 0, 0, 0, 0, 0, 100, 0),
    (53004947, 11, 12.5762, -4419.51, 148.825, NULL, 0, 0, 0, 0, 0, 100, 0),
    (53004947, 12, 24.2177, -4420.4, 150.201, NULL, 0, 0, 0, 0, 0, 100, 0),
    (53004947, 13, 33.1245, -4421.45, 149.629, NULL, 0, 0, 0, 0, 0, 100, 0),
    (53004947, 14, 43.5279, -4423.21, 143.939, NULL, 0, 0, 0, 0, 0, 100, 0),
    (53004947, 15, 54.9536, -4426.73, 141.35, NULL, 0, 0, 0, 0, 0, 100, 0),
    (53004947, 16, 63.5226, -4432.15, 140.476, NULL, 0, 0, 0, 0, 0, 100, 0),
    (53004947, 17, 68.8785, -4439.29, 141.47, NULL, 0, 0, 0, 0, 0, 100, 0),
    (53004947, 18, 71.8559, -4448.77, 143.758, NULL, 0, 0, 0, 0, 0, 100, 0),
    (53004947, 19, 78.9004, -4455.19, 145.919, NULL, 0, 0, 0, 0, 0, 100, 0),
    (53004947, 20, 88.9427, -4454.16, 144.87, NULL, 0, 0, 0, 0, 0, 100, 0),
    (53004947, 21, 103.061, -4449.78, 140.592, NULL, 0, 0, 0, 0, 0, 100, 0),
    (53004947, 22, 115.877, -4450.91, 136.236, NULL, 0, 0, 0, 0, 0, 100, 0),
    (53004947, 23, 132.232, -4453.86, 133.827, NULL, 0, 0, 0, 0, 0, 100, 0),
    (53004947, 24, 143.996, -4456.58, 131.239, NULL, 0, 0, 0, 0, 0, 100, 0),
    (53004947, 25, 159.499, -4458.71, 123.403, NULL, 0, 0, 0, 0, 0, 100, 0),
    (53004947, 26, 174.179, -4451.76, 119.956, NULL, 0, 0, 0, 0, 0, 100, 0),
    (53004947, 27, 187.098, -4437.99, 119.504, NULL, 0, 0, 0, 0, 0, 100, 0),
    (53004947, 28, 199.674, -4416.42, 119.535, NULL, 0, 0, 0, 0, 0, 100, 0),
    (53004947, 29, 208.972, -4393.22, 121.037, NULL, 0, 0, 0, 0, 0, 100, 0),
    (53004947, 30, 217.313, -4374.91, 120.942, NULL, 0, 0, 0, 0, 0, 100, 0),
    (53004947, 31, 229.111, -4360.34, 117.635, NULL, 0, 0, 0, 0, 0, 100, 0),
    (53004947, 32, 245.495, -4341.49, 117.329, NULL, 0, 0, 0, 0, 0, 100, 0),
    (53004947, 33, 258.167, -4319.98, 117.277, NULL, 0, 0, 0, 0, 0, 100, 0),
    (53004947, 34, 268.007, -4299.97, 117.637, NULL, 0, 0, 0, 0, 0, 100, 0),
    (53004947, 35, 273.688, -4282.12, 118.428, NULL, 0, 0, 0, 0, 0, 100, 0),
    (53004947, 36, 277.916, -4258.74, 118.213, NULL, 0, 0, 0, 0, 0, 100, 0),
    (53004947, 37, 275.303, -4239.49, 122.347, NULL, 0, 0, 0, 0, 0, 100, 0),
    (53004947, 38, 266.546, -4226.79, 120.768, NULL, 0, 0, 0, 0, 0, 100, 0),
    (53004947, 39, 254.673, -4220.14, 118.197, NULL, 0, 0, 0, 0, 0, 100, 0),
    (53004947, 40, 237.69, -4216.56, 121.126, NULL, 0, 0, 0, 0, 0, 100, 0),
    (53004947, 41, 225.39, -4214.38, 120.486, NULL, 0, 0, 0, 0, 0, 100, 0),
    (53004947, 42, 212.982, -4212.87, 120.757, NULL, 0, 0, 0, 0, 0, 100, 0),
    (53004947, 43, 194.242, -4212.84, 118.877, NULL, 0, 0, 0, 0, 0, 100, 0),
    (53004947, 44, 169.324, -4214.7, 118.274, NULL, 0, 0, 0, 0, 0, 100, 0),
    (53004947, 45, 150.884, -4217.94, 119.046, NULL, 0, 0, 0, 0, 0, 100, 0),
    (53004947, 46, 133.193, -4223.78, 119.319, NULL, 0, 0, 0, 0, 0, 100, 0),
    (53004947, 47, 118.221, -4229.78, 121.22, NULL, 0, 0, 0, 0, 0, 100, 0),
    (53004947, 48, 102.669, -4232.37, 117.785, NULL, 0, 0, 0, 0, 0, 100, 0),
    (53004947, 49, 91.8199, -4232.63, 117.105, NULL, 0, 0, 0, 0, 0, 100, 0),
    (53004947, 50, 72.0954, -4238.04, 122.215, NULL, 0, 0, 0, 0, 0, 100, 0),
    (53004947, 51, 55.3805, -4250.38, 120.047, NULL, 0, 0, 0, 0, 0, 100, 0),
    (53004947, 52, 49.0704, -4265.32, 118.984, NULL, 0, 0, 0, 0, 0, 100, 0),
    (53004948, 1, -591.677, -4554.79, 9.16149, NULL, 0, 0, 0, 0, 0, 100, 0),
    (53004948, 2, -595.75, -4559.67, 9.16149, NULL, 0, 6000, 0, 0, 929090, 100, 0),
    (53004948, 3, -589.954, -4548.46, 9.16149, NULL, 0, 29000, 0, 0, 929091, 100, 0),
    (53004949, 1, -538.094, -4609.55, 13.1128, NULL, 0, 500, 0, 0, 0, 100, 0),
    (53004949, 2, -538.094, -4609.55, 13.1128, 5.98648, 0, 8000, 0, 0, 0, 100, 0),
    (53004949, 3, -539.336, -4606.85, 13.1152, NULL, 0, 500, 0, 0, 0, 100, 0),
    (53004949, 4, -539.336, -4606.85, 13.1152, 0.977384, 0, 10000, 0, 0, 0, 100, 0),
    (53004949, 5, -542.105, -4606.52, 13.1229, NULL, 0, 500, 0, 0, 0, 100, 0),
    (53004949, 6, -542.105, -4606.52, 13.1229, 1.81514, 0, 9000, 0, 0, 0, 100, 0),
    (53004949, 7, -543.708, -4611.15, 13.1518, NULL, 0, 0, 0, 0, 0, 100, 0),
    (53004949, 8, -540.034, -4611.84, 13.1192, NULL, 0, 0, 0, 0, 0, 100, 0),
    (53004949, 9, -539.916, -4609.01, 13.1177, NULL, 0, 0, 0, 0, 0, 100, 0),
    (53004949, 10, -541.708, -4608.89, 13.1227, NULL, 0, 500, 0, 0, 0, 100, 0),
    (53004949, 11, -541.708, -4608.89, 13.1227, 2.86234, 0, 48000, 0, 0, 929110, 100, 0),
    (53004950, 1, 226.57, -4343.68, 117.83, NULL, 0, 0, 0, 0, 0, 100, 0),
    (53004950, 2, 236.442, -4341.03, 117.294, NULL, 0, 0, 0, 0, 0, 100, 0),
    (53004950, 3, 245.718, -4334.8, 117.29, NULL, 0, 0, 0, 0, 0, 100, 0),
    (53004950, 4, 250.884, -4323.64, 117.376, NULL, 0, 0, 0, 0, 0, 100, 0),
    (53004950, 5, 253.171, -4311.95, 117.686, NULL, 0, 0, 0, 0, 0, 100, 0),
    (53004950, 6, 251.469, -4298.25, 118.443, NULL, 0, 0, 0, 0, 0, 100, 0),
    (53004950, 7, 243.057, -4291.43, 118.3, NULL, 0, 0, 0, 0, 0, 100, 0),
    (53004950, 8, 230.547, -4285.75, 117.75, NULL, 0, 0, 0, 0, 0, 100, 0),
    (53004950, 9, 217.302, -4286.04, 117.7, NULL, 0, 0, 0, 0, 0, 100, 0),
    (53004950, 10, 206.501, -4293.32, 117.516, NULL, 0, 0, 0, 0, 0, 100, 0),
    (53004950, 11, 200.868, -4303.83, 118.418, NULL, 0, 0, 0, 0, 0, 100, 0),
    (53004950, 12, 198.303, -4315.49, 118.248, NULL, 0, 0, 0, 0, 0, 100, 0),
    (53004950, 13, 201.057, -4327.87, 117.695, NULL, 0, 0, 0, 0, 0, 100, 0),
    (53004950, 14, 206.896, -4339.16, 117.576, NULL, 0, 0, 0, 0, 0, 100, 0),
    (53004950, 15, 212.757, -4342.42, 118.431, NULL, 0, 0, 0, 0, 0, 100, 0),
    (53004951, 1, 0.119459, -4656.62, 11.0927, NULL, 0, 0, 0, 0, 0, 100, 0),
    (53004951, 2, 3.21881, -4658.24, 10.8739, NULL, 0, 0, 0, 0, 0, 100, 0),
    (53004951, 3, 6.31816, -4659.87, 10.6188, NULL, 0, 0, 0, 0, 0, 100, 0),
    (53004951, 4, 16.2556, -4665.39, 9.52289, NULL, 0, 0, 0, 0, 0, 100, 0),
    (53004951, 5, 22.1918, -4669.1, 8.7527, NULL, 0, 0, 0, 0, 0, 100, 0),
    (53004951, 6, 27.9835, -4673.19, 7.91538, NULL, 0, 0, 0, 0, 0, 100, 0),
    (53004951, 7, 29.8512, -4674.71, 7.63194, NULL, 0, 0, 0, 0, 0, 100, 0),
    (53004951, 8, 33.3496, -4678.47, 6.94661, NULL, 0, 0, 0, 0, 0, 100, 0),
    (53004951, 9, 37.4563, -4684.42, 6.94938, NULL, 0, 0, 0, 0, 0, 100, 0),
    (53004951, 10, 39.9897, -4689.74, 7.68384, NULL, 0, 0, 0, 0, 0, 100, 0),
    (53004951, 11, 40.6983, -4693.16, 8.31728, NULL, 0, 0, 0, 0, 0, 100, 0),
    (53004951, 12, 41.8742, -4698.84, 9.34954, NULL, 0, 0, 0, 0, 0, 100, 0),
    (53004951, 13, 43.5511, -4701.89, 9.70941, NULL, 0, 0, 0, 0, 0, 100, 0),
    (53004951, 14, 43.8373, -4702.22, 9.72845, NULL, 0, 0, 0, 0, 0, 100, 0),
    (53004952, 1, 35.2304, -4667.43, 9.74155, NULL, 0, 0, 0, 0, 0, 100, 0),
    (53004952, 2, 40.1011, -4672.46, 8.78756, NULL, 0, 0, 0, 0, 0, 100, 0),
    (53004952, 3, 43.6761, -4676.15, 8.01036, NULL, 0, 0, 0, 0, 0, 100, 0),
    (53004952, 4, 47.1104, -4678.48, 7.63067, NULL, 0, 0, 0, 0, 0, 100, 0),
    (53004952, 5, 51.1554, -4680.65, 7.53208, NULL, 0, 0, 0, 0, 0, 100, 0),
    (53004952, 6, 53.9307, -4681.91, 7.63419, NULL, 0, 0, 0, 0, 0, 100, 0),
    (53004952, 7, 61.1235, -4683.74, 8.37552, NULL, 0, 0, 0, 0, 0, 100, 0),
    (53004952, 8, 64.642, -4684.94, 8.88276, NULL, 0, 0, 0, 0, 0, 100, 0),
    (53004952, 9, 74.0709, -4689.31, 9.53284, NULL, 0, 0, 0, 0, 0, 100, 0),
    (53004952, 10, 77.6787, -4691.36, 9.6577, NULL, 0, 0, 0, 0, 0, 100, 0),
    (53004952, 11, 80.9429, -4693.93, 10.0418, NULL, 0, 0, 0, 0, 0, 100, 0),
    (53004952, 12, 83.8419, -4697.21, 10.1938, NULL, 0, 0, 0, 0, 0, 100, 0),
    (53004952, 13, 87.6775, -4703.19, 10.1483, NULL, 0, 0, 0, 0, 0, 100, 0),
    (53004952, 14, 89.8504, -4707.48, 10.3733, NULL, 0, 0, 0, 0, 0, 100, 0),
    (53004952, 15, 92.629, -4715.2, 10.7192, NULL, 0, 0, 0, 0, 0, 100, 0),
    (53004952, 16, 93.744, -4718.52, 10.4662, NULL, 0, 0, 0, 0, 0, 100, 0),
    (53004952, 17, 94.4063, -4720.49, 10.1331, NULL, 0, 0, 0, 0, 0, 100, 0),
    (53004953, 1, 27.0875, -4680.49, 6.92778, NULL, 0, 0, 0, 0, 0, 100, 0),
    (53004953, 2, 24.4454, -4678.19, 7.41819, NULL, 0, 0, 0, 0, 0, 100, 0),
    (53004953, 3, 19.1611, -4673.6, 8.55119, NULL, 0, 0, 0, 0, 0, 100, 0),
    (53004953, 4, 12.143, -4668.04, 9.79559, NULL, 0, 0, 0, 0, 0, 100, 0),
    (53004953, 5, 6.90799, -4663.76, 10.464, NULL, 0, 0, 0, 0, 0, 100, 0),
    (53004953, 6, 1.87691, -4659.05, 10.9022, NULL, 0, 0, 0, 0, 0, 100, 0),
    (53004953, 7, -3.56107, -4654.66, 11.3198, NULL, 0, 0, 0, 0, 0, 100, 0),
    (53004953, 8, -9.0043, -4650.25, 11.9604, NULL, 0, 0, 0, 0, 0, 100, 0),
    (53004953, 9, -12.0798, -4647.79, 12.3598, NULL, 0, 0, 0, 0, 0, 100, 0),
    (53004953, 10, -21.3841, -4641.84, 12.665, NULL, 0, 0, 0, 0, 0, 100, 0),
    (53004954, 1, -524.726, -4539.32, 10.7716, NULL, 0, 0, 0, 0, 0, 100, 0),
    (53004954, 2, -516.338, -4538.14, 10.5514, NULL, 0, 0, 0, 0, 0, 100, 0),
    (53004954, 3, -509.778, -4535.69, 10.4509, NULL, 0, 0, 0, 0, 0, 100, 0),
    (53004954, 4, -503.218, -4533.25, 10.906, NULL, 0, 0, 0, 0, 0, 100, 0),
    (53004954, 5, -496.658, -4530.81, 11.7111, NULL, 0, 0, 0, 0, 0, 100, 0),
    (53004954, 6, -493.378, -4529.59, 12.0973, NULL, 0, 0, 0, 0, 0, 100, 0),
    (53004954, 7, -486.818, -4527.15, 12.7372, NULL, 0, 0, 0, 0, 0, 100, 0),
    (53004954, 8, -482.613, -4525.58, 13.0448, NULL, 0, 0, 0, 0, 0, 100, 0),
    (53004955, 1, -539.921, -4541.83, 10.0014, NULL, 0, 0, 0, 0, 0, 100, 0),
    (53004955, 2, -545.237, -4546.38, 9.66854, NULL, 0, 0, 0, 0, 0, 100, 0),
    (53004955, 3, -549.186, -4550.97, 10.1211, NULL, 0, 0, 0, 0, 0, 100, 0),
    (53004955, 4, -553.58, -4556.42, 10.3015, NULL, 0, 0, 0, 0, 0, 100, 0),
    (53004955, 5, -557.975, -4561.87, 9.95839, NULL, 0, 0, 0, 0, 0, 100, 0),
    (53004955, 6, -560.587, -4566.4, 9.66216, NULL, 0, 0, 0, 0, 0, 100, 0),
    (53004955, 7, -560.977, -4570.37, 9.54459, NULL, 0, 0, 0, 0, 0, 100, 0),
    (53004955, 8, -559.987, -4572.78, 9.55898, NULL, 0, 0, 0, 0, 0, 100, 0),
    (53004955, 9, -557.784, -4575.5, 9.61284, NULL, 0, 0, 0, 0, 0, 100, 0),
    (53004955, 10, -555.593, -4578.36, 9.70478, NULL, 0, 0, 0, 0, 0, 100, 0),
    (53004955, 11, -553.941, -4582.28, 9.75502, NULL, 0, 0, 0, 0, 0, 100, 0),
    (53004955, 12, -553.349, -4586.28, 9.65746, NULL, 0, 0, 0, 0, 0, 100, 0),
    (53004955, 13, -554.191, -4592.1, 9.44837, NULL, 0, 0, 0, 0, 0, 100, 0),
    (53004955, 14, -554.325, -4594.94, 9.44138, NULL, 0, 0, 0, 0, 0, 100, 0),
    (53004955, 15, -554.655, -4598.42, 9.5146, NULL, 0, 0, 0, 0, 0, 100, 0),
    (53004955, 16, -555.23, -4601.88, 9.55298, NULL, 0, 0, 0, 0, 0, 100, 0),
    (53004955, 17, -555.23, -4601.88, 9.55298, NULL, 0, 0, 0, 0, 0, 100, 0),
    (53004955, 18, -555.859, -4605.65, 9.58737, NULL, 0, 0, 0, 0, 0, 100, 0),
    (53004956, 1, -553.742, -4586.25, 9.63264, NULL, 0, 0, 0, 0, 0, 100, 0),
    (53004956, 2, -554.024, -4581.14, 9.7719, NULL, 0, 0, 0, 0, 0, 100, 0),
    (53004956, 3, -554.98, -4578.35, 9.74609, NULL, 0, 0, 0, 0, 0, 100, 0),
    (53004956, 4, -558.271, -4573.89, 9.62069, NULL, 0, 0, 0, 0, 0, 100, 0),
    (53004956, 5, -561.558, -4571.54, 9.49488, NULL, 0, 0, 0, 0, 0, 100, 0),
    (53004956, 6, -563.698, -4570.73, 9.42751, NULL, 0, 0, 0, 0, 0, 100, 0),
    (53004956, 7, -567.171, -4570.3, 9.33165, NULL, 0, 0, 0, 0, 0, 100, 0),
    (53004956, 8, -570.098, -4569.91, 9.23514, NULL, 0, 0, 0, 0, 0, 100, 0),
    (53004956, 9, -576.689, -4567.61, 9.08707, NULL, 0, 0, 0, 0, 0, 100, 0),
    (53004956, 10, -579.53, -4565.96, 9.04093, NULL, 0, 0, 0, 0, 0, 100, 0),
    (53004956, 11, -582.369, -4563.57, 9.04108, NULL, 0, 0, 0, 0, 0, 100, 0),
    (53004956, 12, -584.253, -4561.58, 9.0688, NULL, 0, 0, 0, 0, 0, 100, 0),
    (53004956, 13, -588.299, -4558.08, 9.10684, NULL, 0, 0, 0, 0, 0, 100, 0);

INSERT INTO `gameobject` (`guid`, `id`, `map`, `zoneId`, `areaId`, `spawnMask`, `phaseMask`, `position_x`, `position_y`, `position_z`, `orientation`, `rotation0`, `rotation1`, `rotation2`, `rotation3`, `spawntimesecs`, `animprogress`, `state`, `ScriptName`, `VerifiedBuild`, `Comment`) VALUES
    (5714939, 180411, 1411, 47, 6738, 1, 4294967295, -597.5, -4606.02, 17.7917, 2.46091, 0, 0, 0.942641, 0.333808, 120, 255, 1, '', 45942, '[HLBGTest copy from gameobject 2575]'),
    (5714940, 180411, 1411, 47, 6738, 1, 4294967295, -606.148, -4567.18, 21.984, 2.75761, 0, 0, 0.981627, 0.190812, 120, 255, 1, '', 45942, '[HLBGTest copy from gameobject 2576]'),
    (5714941, 180523, 1411, 47, 6738, 1, 4294967295, -628.663, -4577.13, 11.9649, 1.20428, 0, 0, 0.566406, 0.824126, 120, 255, 1, '', 45942, '[HLBGTest copy from gameobject 2732]'),
    (5714942, 180425, 1411, 47, 6738, 1, 4294967295, -629.307, -4579.81, 29.9231, 2.63544, 0, 0, 0.968147, 0.250381, 120, 255, 1, '', 45942, '[HLBGTest copy from gameobject 3200]'),
    (5714943, 180425, 1411, 47, 6738, 1, 4294967295, -632.813, -4584.07, 29.495, 2.11185, 0, 0, 0.870356, 0.492424, 120, 255, 1, '', 45942, '[HLBGTest copy from gameobject 3201]'),
    (5714944, 195664, 1411, 47, 6738, 1, 4294967295, -607.196, -4616.31, 9.95226, 0, 0, 0, 0, 1, 120, 255, 1, '', 46368, '[HLBGTest copy from gameobject 3330]'),
    (5714945, 180471, 1411, 47, 6738, 1, 4294967295, -610.369, -4566.49, 16.3506, 0.680677, 0, 0, 0.333806, 0.942642, 120, 255, 1, '', 45942, '[HLBGTest copy from gameobject 7995]'),
    (5714946, 180471, 1411, 47, 6738, 1, 4294967295, -627.283, -4572.67, 15.3693, 0.837757, 0, 0, 0.406736, 0.913546, 120, 255, 1, '', 45942, '[HLBGTest copy from gameobject 7996]'),
    (5714947, 180471, 1411, 47, 6738, 1, 4294967295, -632.191, -4599.38, 15.7388, 3.4034, 0, 0, -0.991445, 0.130528, 120, 255, 1, '', 45942, '[HLBGTest copy from gameobject 7997]'),
    (5714948, 180471, 1411, 47, 6738, 1, 4294967295, -633.321, -4579, 15.4365, 1.309, 0, 0, 0.608761, 0.793354, 120, 255, 1, '', 45942, '[HLBGTest copy from gameobject 7998]'),
    (5714949, 180472, 1411, 47, 6738, 1, 4294967295, -605.283, -4571.31, 17.347, 2.68781, 0, 0, 0.97437, 0.224951, 120, 255, 1, '', 45942, '[HLBGTest copy from gameobject 8166]'),
    (5714950, 180472, 1411, 47, 6738, 1, 4294967295, -626.373, -4568.43, 20.8719, 5.53269, 0, 0, -0.366501, 0.930418, 120, 255, 1, '', 45942, '[HLBGTest copy from gameobject 8167]'),
    (5714951, 180472, 1411, 47, 6738, 1, 4294967295, -629.406, -4569.79, 16.9084, 4.38078, 0, 0, -0.814116, 0.580703, 120, 255, 1, '', 45942, '[HLBGTest copy from gameobject 8168]'),
    (5714952, 180472, 1411, 47, 6738, 1, 4294967295, -637.037, -4594.47, 17.5511, 5.88176, 0, 0, -0.199368, 0.979925, 120, 255, 1, '', 45942, '[HLBGTest copy from gameobject 8169]'),
    (5714953, 180472, 1411, 47, 6738, 1, 4294967295, -638.778, -4571.51, 16.9275, 0.279252, 0, 0, 0.139173, 0.990268, 120, 255, 1, '', 45942, '[HLBGTest copy from gameobject 8170]'),
    (5714954, 180426, 1411, 47, 6738, 1, 4294967295, -570.205, -4596.07, 24.9382, 1.48353, 0, 0, 0.67559, 0.737278, 120, 255, 1, '', 45942, '[HLBGTest copy from gameobject 15789]'),
    (5714955, 180426, 1411, 47, 6738, 1, 4294967295, -570.898, -4590.86, 18.338, 1.32645, 0, 0, 0.615661, 0.788011, 120, 255, 1, '', 45942, '[HLBGTest copy from gameobject 15790]'),
    (5714956, 180426, 1411, 47, 6738, 1, 4294967295, -573.799, -4582.73, 19.1308, 5.49779, 0, 0, -0.382683, 0.92388, 120, 255, 1, '', 45942, '[HLBGTest copy from gameobject 15791]'),
    (5714957, 180426, 1411, 47, 6738, 1, 4294967295, -574.901, -4601.15, 21.7372, 1.39626, 0, 0, 0.642787, 0.766045, 120, 255, 1, '', 45942, '[HLBGTest copy from gameobject 15792]'),
    (5714958, 180426, 1411, 47, 6738, 1, 4294967295, -575.33, -4580.14, 19.8753, 0.977383, 0, 0, 0.469471, 0.882948, 120, 255, 1, '', 45942, '[HLBGTest copy from gameobject 15793]'),
    (5714959, 180426, 1411, 47, 6738, 1, 4294967295, -579.366, -4578.73, 26.7454, 1.13446, 0, 0, 0.537299, 0.843392, 120, 255, 1, '', 45942, '[HLBGTest copy from gameobject 15794]'),
    (5714960, 180426, 1411, 47, 6738, 1, 4294967295, -579.832, -4604.66, 17.1763, 0.733038, 0, 0, 0.358368, 0.93358, 120, 255, 1, '', 45942, '[HLBGTest copy from gameobject 15795]'),
    (5714961, 180426, 1411, 47, 6738, 1, 4294967295, -580.08, -4594.6, 23.5532, 3.24635, 0, 0, -0.998629, 0.0523532, 120, 255, 1, '', 45942, '[HLBGTest copy from gameobject 15796]'),
    (5714962, 180426, 1411, 47, 6738, 1, 4294967295, -583.151, -4609.06, 21.7957, 5.77704, 0, 0, -0.25038, 0.968148, 120, 255, 1, '', 45942, '[HLBGTest copy from gameobject 15797]'),
    (5714963, 180426, 1411, 47, 6738, 1, 4294967295, -597.408, -4624.04, 23.6585, 2.75761, 0, 0, 0.981627, 0.190812, 120, 255, 1, '', 45942, '[HLBGTest copy from gameobject 15798]'),
    (5714964, 180427, 1411, 47, 6738, 1, 4294967295, -621.707, -4582.93, 39.7087, 4.46804, 0, 0, -0.788011, 0.615662, 120, 255, 1, '', 45942, '[HLBGTest copy from gameobject 16046]'),
    (5714965, 180427, 1411, 47, 6738, 1, 4294967295, -621.783, -4583.01, 40.2235, 3.31614, 0, 0, -0.996194, 0.087165, 120, 255, 1, '', 45942, '[HLBGTest copy from gameobject 16047]'),
    (5714966, 180427, 1411, 47, 6738, 1, 4294967295, -621.83, -4583.05, 38.6633, 0.575957, 0, 0, 0.284015, 0.95882, 120, 255, 1, '', 45942, '[HLBGTest copy from gameobject 16048]'),
    (5714967, 180427, 1411, 47, 6738, 1, 4294967295, -621.835, -4583.02, 37.5411, 6.05629, 0, 0, -0.113203, 0.993572, 120, 255, 1, '', 45942, '[HLBGTest copy from gameobject 16049]'),
    (5714968, 180427, 1411, 47, 6738, 1, 4294967295, -621.84, -4582.97, 39.9881, 2.09439, 0, 0, 0.866025, 0.500001, 120, 255, 1, '', 45942, '[HLBGTest copy from gameobject 16050]'),
    (5714969, 180427, 1411, 47, 6738, 1, 4294967295, -621.844, -4582.84, 41.3356, 4.41568, 0, 0, -0.803857, 0.594823, 120, 255, 1, '', 45942, '[HLBGTest copy from gameobject 16051]'),
    (5714970, 180427, 1411, 47, 6738, 1, 4294967295, -621.901, -4582.84, 41.69, 0.314158, 0, 0, 0.156434, 0.987688, 120, 255, 1, '', 45942, '[HLBGTest copy from gameobject 16052]'),
    (5714971, 180427, 1411, 47, 6738, 1, 4294967295, -621.91, -4582.96, 39.912, 2.07694, 0, 0, 0.861629, 0.507539, 120, 255, 1, '', 45942, '[HLBGTest copy from gameobject 16053]'),
    (5714972, 180427, 1411, 47, 6738, 1, 4294967295, -621.932, -4583.01, 39.216, 5.53269, 0, 0, -0.366501, 0.930418, 120, 255, 1, '', 45942, '[HLBGTest copy from gameobject 16054]'),
    (5714973, 180427, 1411, 47, 6738, 1, 4294967295, -621.976, -4582.93, 39.3324, 2.87979, 0, 0, 0.991445, 0.130528, 120, 255, 1, '', 45942, '[HLBGTest copy from gameobject 16055]'),
    (5714974, 180353, 1411, 47, 6738, 1, 4294967295, -600.587, -4616.26, 9.87815, 0, 0, 0, 0, 1, 120, 255, 1, '', 46368, '[HLBGTest copy from gameobject 16298]'),
    (5714975, 180353, 1411, 47, 6738, 1, 4294967295, -604.179, -4611, 9.88511, 0, 0, 0, 0, 1, 120, 255, 1, '', 46368, '[HLBGTest copy from gameobject 16299]'),
    (5714976, 180353, 1411, 47, 6738, 1, 4294967295, -604.604, -4621.73, 10.0267, 0, 0, 0, 0, 1, 120, 255, 1, '', 46368, '[HLBGTest copy from gameobject 16300]'),
    (5714977, 180353, 1411, 47, 6738, 1, 4294967295, -610.507, -4619.6, 10.1667, 0, 0, 0, 0, 1, 120, 255, 1, '', 46368, '[HLBGTest copy from gameobject 16301]'),
    (5714978, 180353, 1411, 47, 6738, 1, 4294967295, -611.151, -4612.9, 9.92945, 0, 0, 0, 0, 1, 120, 255, 1, '', 46368, '[HLBGTest copy from gameobject 16302]'),
    (5714979, 195164, 1411, 47, 6738, 1, 4294967295, -600.743, -4615.18, 10.5774, 0, 0, 0, 0, 1, 120, 255, 1, '', 46368, '[HLBGTest copy from gameobject 19008]'),
    (5714980, 195164, 1411, 47, 6738, 1, 4294967295, -600.76, -4617.65, 10.6074, 0, 0, 0, 0, 1, 120, 255, 1, '', 46368, '[HLBGTest copy from gameobject 19009]'),
    (5714981, 195164, 1411, 47, 6738, 1, 4294967295, -603.229, -4611.47, 10.5897, 0, 0, 0, 0, 1, 120, 255, 1, '', 46368, '[HLBGTest copy from gameobject 19010]'),
    (5714982, 195164, 1411, 47, 6738, 1, 4294967295, -603.264, -4621.42, 10.7013, 0, 0, 0, 0, 1, 120, 255, 1, '', 46368, '[HLBGTest copy from gameobject 19011]'),
    (5714983, 195164, 1411, 47, 6738, 1, 4294967295, -605.222, -4610.94, 10.5871, 0, 0, 0, 0, 1, 120, 255, 1, '', 46368, '[HLBGTest copy from gameobject 19012]'),
    (5714984, 195164, 1411, 47, 6738, 1, 4294967295, -606.106, -4621.91, 10.7766, 0, 0, 0, 0, 1, 120, 255, 1, '', 46368, '[HLBGTest copy from gameobject 19013]'),
    (5714985, 195164, 1411, 47, 6738, 1, 4294967295, -609.684, -4620.44, 10.8465, 0, 0, 0, 0, 1, 120, 255, 1, '', 46368, '[HLBGTest copy from gameobject 19014]'),
    (5714986, 195164, 1411, 47, 6738, 1, 4294967295, -609.955, -4612.03, 10.6139, 0, 0, 0, 0, 1, 120, 255, 1, '', 46368, '[HLBGTest copy from gameobject 19015]'),
    (5714987, 195164, 1411, 47, 6738, 1, 4294967295, -610.839, -4618.63, 10.8864, 0, 0, 0, 0, 1, 120, 255, 1, '', 46368, '[HLBGTest copy from gameobject 19016]'),
    (5714988, 195164, 1411, 47, 6738, 1, 4294967295, -611.753, -4614.17, 10.668, 0, 0, 0, 0, 1, 120, 255, 1, '', 46368, '[HLBGTest copy from gameobject 19017]'),
    (5714989, 190089, 1411, 47, 6738, 1, 4294967295, -624.429, -4585.31, 11.6871, 1.58825, 0, 0, 0.71325, 0.70091, 120, 255, 1, '', 45942, '[HLBGTest copy from gameobject 37682]'),
    (5714990, 179968, 1411, 47, 6738, 1, 4294967295, -600.623, -4617.51, 9.8946, 2.80998, 0, 0, 0.986285, 0.16505, 120, 255, 1, '', 46368, '[HLBGTest copy from gameobject 43591]'),
    (5714991, 179968, 1411, 47, 6738, 1, 4294967295, -600.651, -4615.15, 9.8662, 0, 0, 0, 0, 1, 120, 255, 1, '', 46368, '[HLBGTest copy from gameobject 43592]'),
    (5714992, 179968, 1411, 47, 6738, 1, 4294967295, -603.168, -4611.48, 9.88715, 4.15388, 0, 0, -0.874619, 0.48481, 120, 255, 1, '', 46368, '[HLBGTest copy from gameobject 43593]'),
    (5714993, 179968, 1411, 47, 6738, 1, 4294967295, -603.405, -4621.54, 10.0069, 1.98967, 0, 0, 0.83867, 0.54464, 120, 255, 1, '', 46368, '[HLBGTest copy from gameobject 43594]'),
    (5714994, 179968, 1411, 47, 6738, 1, 4294967295, -605.181, -4610.84, 9.88115, 4.72984, 0, 0, -0.700909, 0.713251, 120, 255, 1, '', 46368, '[HLBGTest copy from gameobject 43595]'),
    (5714995, 179968, 1411, 47, 6738, 1, 4294967295, -606.056, -4621.98, 10.0704, 1.48353, 0, 0, 0.67559, 0.737278, 120, 255, 1, '', 46368, '[HLBGTest copy from gameobject 43596]'),
    (5714996, 179968, 1411, 47, 6738, 1, 4294967295, -609.616, -4620.51, 10.1424, 1.02974, 0, 0, 0.492423, 0.870356, 120, 255, 1, '', 46368, '[HLBGTest copy from gameobject 43597]'),
    (5714997, 179968, 1411, 47, 6738, 1, 4294967295, -609.936, -4611.99, 9.91146, 2.07694, 0, 0, 0.861629, 0.507539, 120, 255, 1, '', 46368, '[HLBGTest copy from gameobject 43598]'),
    (5714998, 179968, 1411, 47, 6738, 1, 4294967295, -610.887, -4618.68, 10.1788, 3.4034, 0, 0, -0.991445, 0.130528, 120, 255, 1, '', 46368, '[HLBGTest copy from gameobject 43599]'),
    (5714999, 179968, 1411, 47, 6738, 1, 4294967295, -611.851, -4614.12, 9.96188, 6.0912, 0, 0, -0.0958452, 0.995396, 120, 255, 1, '', 46368, '[HLBGTest copy from gameobject 43600]'),
    (5715000, 142127, 1411, 47, 6738, 1, 4294967295, -47.878, -4897.72, 20.0918, 2.70526, 0.16719, -0.028256, 0.962478, 0.211862, 2, 100, 1, '', 0, '[HLBGTest copy from gameobject 46007]'),
    (5715001, 142968, 1411, 47, 6738, 1, 4294967295, 38.9479, -4641.74, 11.8895, 3.14159, 0, 0, -1, 0, 120, 255, 1, '', 45772, '[HLBGTest copy from gameobject 46037]'),
    (5715002, 142967, 1411, 47, 6738, 1, 4294967295, 224.78, -4315.29, 117.729, 3.34231, 0, 0, -0.994968, 0.100189, 120, 255, 1, '', 46182, '[HLBGTest copy from gameobject 46044]'),
    (5715003, 179885, 1411, 47, 6738, 1, 4294967295, -571.221, -4596.28, 10.3823, 2.19039, 0, 0, 0.889017, 0.457874, 120, 255, 1, '', 45772, '[HLBGTest copy from gameobject 46050]'),
    (5715004, 179887, 1411, 47, 6738, 1, 4294967295, -588.373, -4547.32, 9.1969, 2.38237, 0, 0, 0.928809, 0.370558, 120, 255, 1, '', 45772, '[HLBGTest copy from gameobject 46052]'),
    (5715005, 2556, 1411, 47, 6738, 1, 4294967295, 264.878, -4685.26, -8.57834, -1.67552, 0.069275, 0.320579, -0.664674, 0.671296, 2, 100, 1, '', 0, '[HLBGTest copy from gameobject 46053]'),
    (5715006, 179895, 1411, 47, 6738, 1, 4294967295, -599.543, -4610.39, 9.73191, 5.83419, 0, 0, -0.222615, 0.974906, 120, 255, 1, '', 48632, '[HLBGTest copy from gameobject 46054]'),
    (5715007, 179886, 1411, 47, 6738, 1, 4294967295, -593.066, -4546.81, 8.97534, 2.11185, 0, 0, 0.870356, 0.492424, 120, 255, 1, '', 45772, '[HLBGTest copy from gameobject 46082]'),
    (5715008, 179910, 1411, 47, 6738, 1, 4294967295, 408.8, -4826.95, 10.575, 2.86234, 0, 0, 0.990268, 0.139173, 10, 100, 1, '', 0, '[HLBGTest copy from gameobject 46196]'),
    (5715009, 179913, 1411, 47, 6738, 1, 4294967295, -560.658, -4619.69, 10.1144, 2.18166, 0, 0, 0.88701, 0.461749, 2, 100, 1, '', 0, '[HLBGTest copy from gameobject 46197]'),
    (5715010, 177224, 1411, 47, 6738, 1, 4294967295, -562.72, -4630.31, 31.1001, 2.47837, 0, 0, 0.945519, 0.325567, 7200, 100, 1, '', 0, '[HLBGTest copy from gameobject 46214]'),
    (5715011, 153470, 1411, 47, 6738, 1, 4294967295, -689.347, -4559.89, -0.785528, -2.51327, 0, 0, -0.951056, 0.309019, 7200, 100, 1, '', 0, '[HLBGTest copy from gameobject 46226]'),
    (5715012, 2068, 1411, 47, 6738, 1, 4294967295, -743.028, -4465.44, 9.26164, -0.069813, 0, 0, -0.0348994, 0.999391, 180, 100, 1, '', 0, '[HLBGTest copy from gameobject 46286]'),
    (5715013, 2068, 1411, 47, 6738, 1, 4294967295, -802.868, -4460.14, 8.75458, 1.79769, 0, 0, 0.782608, 0.622514, 180, 100, 1, '', 0, '[HLBGTest copy from gameobject 46287]'),
    (5715014, 2068, 1411, 47, 6738, 1, 4294967295, -528.292, -4589.23, 9.62677, 1.48353, 0, 0, 0.67559, 0.737277, 180, 100, 1, '', 0, '[HLBGTest copy from gameobject 46307]'),
    (5715015, 2068, 1411, 47, 6738, 1, 4294967295, -731.011, -4510.92, 6.02543, 1.09956, 0, 0, 0.5225, 0.852639, 180, 100, 1, '', 0, '[HLBGTest copy from gameobject 46308]'),
    (5715016, 2068, 1411, 47, 6738, 1, 4294967295, -607.983, -4582.3, 9.72136, -2.89725, 0, 0, -0.992546, 0.121868, 180, 100, 1, '', 0, '[HLBGTest copy from gameobject 46314]'),
    (5715017, 2068, 1411, 47, 6738, 1, 4294967295, -521.844, -4502.74, 10.1411, 1.95477, 0, 0, 0.829038, 0.559192, 180, 100, 1, '', 0, '[HLBGTest copy from gameobject 46315]'),
    (5715018, 2068, 1411, 47, 6738, 1, 4294967295, -488.094, -4548.03, 10.278, 1.36136, 0, 0, 0.629322, 0.777145, 180, 100, 1, '', 0, '[HLBGTest copy from gameobject 46318]'),
    (5715019, 2068, 1411, 47, 6738, 1, 4294967295, -670.489, -4553.04, 5.86212, -0.959931, 0, 0, -0.461749, 0.887011, 180, 100, 1, '', 0, '[HLBGTest copy from gameobject 46319]'),
    (5715020, 2068, 1411, 47, 6738, 1, 4294967295, -557.488, -4620.13, 10.6123, 0.820305, 0, 0, 0.398749, 0.91706, 180, 100, 1, '', 0, '[HLBGTest copy from gameobject 46348]'),
    (5715021, 2068, 1411, 47, 6738, 1, 4294967295, -646.192, -4594.06, 9.09663, 2.05949, 0, 0, 0.857168, 0.515037, 180, 100, 1, '', 0, '[HLBGTest copy from gameobject 46349]'),
    (5715022, 2068, 1411, 47, 6738, 1, 4294967295, 164.417, -4743.52, 1.03506, -1.32645, 0, 0, -0.615661, 0.788011, 180, 100, 1, '', 0, '[HLBGTest copy from gameobject 46351]'),
    (5715023, 2068, 1411, 47, 6738, 1, 4294967295, -473.161, -4588.85, 8.90176, -2.23402, 0, 0, -0.898794, 0.438372, 180, 100, 1, '', 0, '[HLBGTest copy from gameobject 46352]'),
    (5715024, 2068, 1411, 47, 6738, 1, 4294967295, -493.695, -4610.89, 7.72567, 3.10669, 0, 0, 0.999848, 0.0174505, 180, 100, 1, '', 0, '[HLBGTest copy from gameobject 46372]'),
    (5715025, 2068, 1411, 47, 6738, 1, 4294967295, -112.019, -4656.11, 6.36985, -0.488692, 0, 0, -0.241922, 0.970296, 180, 100, 1, '', 0, '[HLBGTest copy from gameobject 46374]'),
    (5715026, 2068, 1411, 47, 6738, 1, 4294967295, -457.803, -4549.83, 6.87578, 4.71239, 0, 0, 0.707106, -0.707107, 180, 100, 1, '', 0, '[HLBGTest copy from gameobject 46375]'),
    (5715027, 2068, 1411, 47, 6738, 1, 4294967295, -485.254, -4604.51, 7.43423, 1.25664, 0, 0, 0.587786, 0.809016, 180, 100, 1, '', 0, '[HLBGTest copy from gameobject 46376]'),
    (5715028, 2068, 1411, 47, 6738, 1, 4294967295, -215.656, -4570.68, 11.1453, 0.226893, 0, 0, 0.113203, 0.993572, 180, 100, 1, '', 0, '[HLBGTest copy from gameobject 46378]'),
    (5715029, 2068, 1411, 47, 6738, 1, 4294967295, -346.469, -4605.1, 8.97484, -1.8326, 0, 0, -0.793355, 0.60876, 180, 100, 1, '', 0, '[HLBGTest copy from gameobject 46379]'),
    (5715030, 2068, 1411, 47, 6738, 1, 4294967295, -29.108, -4574.31, 11.2146, 0.383972, 0, 0, 0.190809, 0.981627, 180, 100, 1, '', 0, '[HLBGTest copy from gameobject 46381]'),
    (5715031, 2068, 1411, 47, 6738, 1, 4294967295, -478.874, -4597.85, 8.48413, -0.628319, 0, 0, -0.309017, 0.951056, 180, 100, 1, '', 0, '[HLBGTest copy from gameobject 46407]'),
    (5715032, 2068, 1411, 47, 6738, 1, 4294967295, 202.048, -4722.03, 4.15109, -2.30383, 0, 0, -0.913544, 0.406739, 180, 100, 1, '', 0, '[HLBGTest copy from gameobject 46408]'),
    (5715033, 2068, 1411, 47, 6738, 1, 4294967295, -897.303, -4397.14, 9.57116, 2.80998, 0, 0, 0.986286, 0.165048, 180, 100, 1, '', 0, '[HLBGTest copy from gameobject 46409]'),
    (5715034, 2068, 1411, 47, 6738, 1, 4294967295, 47.6152, -4696.43, 8.54735, 1.62316, 0, 0, 0.725376, 0.688353, 180, 100, 1, '', 0, '[HLBGTest copy from gameobject 46410]'),
    (5715035, 2068, 1411, 47, 6738, 1, 4294967295, -932.438, -4419.02, 2.96595, -1.20428, 0, 0, -0.566407, 0.824125, 180, 100, 1, '', 0, '[HLBGTest copy from gameobject 46411]'),
    (5715036, 2068, 1411, 47, 6738, 1, 4294967295, 170.564, -4707.38, 14.8963, -0.733038, 0, 0, -0.358368, 0.93358, 180, 100, 1, '', 0, '[HLBGTest copy from gameobject 46412]'),
    (5715037, 2068, 1411, 47, 6738, 1, 4294967295, -628.323, -4639.52, 10.4146, 0.680678, 0, 0, 0.333807, 0.942642, 180, 100, 1, '', 0, '[HLBGTest copy from gameobject 46414]'),
    (5715038, 2068, 1411, 47, 6738, 1, 4294967295, -631.212, -4505.6, 14.1107, 2.60054, 0, 0, 0.96363, 0.267239, 180, 100, 1, '', 0, '[HLBGTest copy from gameobject 46415]'),
    (5715039, 2068, 1411, 47, 6738, 1, 4294967295, -983.612, -4394.97, 10.3429, -0.628319, 0, 0, -0.309017, 0.951056, 180, 100, 1, '', 0, '[HLBGTest copy from gameobject 46416]'),
    (5715040, 2068, 1411, 47, 6738, 1, 4294967295, -337.585, -4633.88, 9.86941, 0.20944, 0, 0, 0.104529, 0.994522, 180, 100, 1, '', 0, '[HLBGTest copy from gameobject 46417]'),
    (5715041, 2068, 1411, 47, 6738, 1, 4294967295, -334.877, -4481.4, 10.8134, -0.890118, -0, -0, -0.430511, 0.902585, 180, 100, 1, '', NULL, '[HLBGTest copy from gameobject 46435]'),
    (5715042, 2068, 1411, 47, 6738, 1, 4294967295, -67.1886, -4655.48, 8.81271, 1.3439, 0, 0, 0.622513, 0.782609, 180, 100, 1, '', 0, '[HLBGTest copy from gameobject 46436]'),
    (5715043, 187653, 1411, 47, 6738, 1, 4294967295, -543.734, -4552.04, 10.5638, 5.37562, 0, 0, -0.438371, 0.898794, 120, 255, 1, '', 50063, '[HLBGTest copy from gameobject 50530]'),
    (5715044, 187653, 1411, 47, 6738, 1, 4294967295, -565.248, -4576.37, 9.69496, 2.56563, 0, 0, 0.958819, 0.284016, 120, 255, 1, '', 50063, '[HLBGTest copy from gameobject 50531]'),
    (5715045, 187653, 1411, 47, 6738, 1, 4294967295, -551.602, -4544.24, 10.2203, 3.6652, 0, 0, -0.965925, 0.258821, 120, 255, 1, '', 50063, '[HLBGTest copy from gameobject 50532]'),
    (5715046, 181302, 1411, 47, 6738, 1, 4294967295, -453.823, -4532.42, 8.68156, 0.104719, 0, 0, 0.0523357, 0.99863, 120, 255, 1, '', 50063, '[HLBGTest copy from gameobject 50758]'),
    (5715047, 181302, 1411, 47, 6738, 1, 4294967295, -455.477, -4531.36, 8.90797, 4.7822, 0, 0, -0.681998, 0.731354, 120, 255, 1, '', 50063, '[HLBGTest copy from gameobject 50759]'),
    (5715048, 181305, 1411, 47, 6738, 1, 4294967295, -459.714, -4533.19, 9.20334, 3.59538, 0, 0, -0.97437, 0.224951, 120, 255, 1, '', 50063, '[HLBGTest copy from gameobject 50842]'),
    (5715049, 181306, 1411, 47, 6738, 1, 4294967295, -455.339, -4533.85, 8.70586, 4.95674, 0, 0, -0.615661, 0.788011, 120, 255, 1, '', 50063, '[HLBGTest copy from gameobject 50878]'),
    (5715050, 181307, 1411, 47, 6738, 1, 4294967295, -460.311, -4533.53, 10.1628, 0.59341, 0, 0, 0.292371, 0.956305, 120, 255, 1, '', 50063, '[HLBGTest copy from gameobject 50938]'),
    (5715051, 181605, 1411, 47, 6738, 1, 4294967295, -480.95, -4538.86, 11.3489, 5.77704, 0, 0, -0.25038, 0.968148, 120, 255, 1, '', 50063, '[HLBGTest copy from gameobject 51036]'),
    (5715052, 181355, 1411, 47, 6738, 1, 4294967295, -438.838, -4524.08, 8.72819, 0.855211, 0, 0, 0.414693, 0.909961, 120, 255, 1, '', 50063, '[HLBGTest copy from gameobject 51617]'),
    (5715053, 181355, 1411, 47, 6738, 1, 4294967295, -584.169, -4546.21, 9.90844, 4.79966, 0, 0, -0.67559, 0.737278, 120, 255, 1, '', 50063, '[HLBGTest copy from gameobject 51758]'),
    (5715054, 181355, 1411, 47, 6738, 1, 4294967295, -584.917, -4609.13, 9.89951, 4.46804, 0, 0, -0.788011, 0.615662, 120, 255, 1, '', 50063, '[HLBGTest copy from gameobject 51759]'),
    (5715055, 181355, 1411, 47, 6738, 1, 4294967295, -647.69, -4717.64, 5.03787, 0.977383, 0, 0, 0.469471, 0.882948, 120, 255, 1, '', 50063, '[HLBGTest copy from gameobject 51760]'),
    (5715056, 181355, 1411, 47, 6738, 1, 4294967295, -643.153, -4701.28, 4.82018, 5.70723, 0, 0, -0.284015, 0.95882, 120, 255, 1, '', 50063, '[HLBGTest copy from gameobject 51761]'),
    (5715057, 181355, 1411, 47, 6738, 1, 4294967295, -637.256, -4522.71, 11.3868, 2.56563, 0, 0, 0.958819, 0.284016, 120, 255, 1, '', 50063, '[HLBGTest copy from gameobject 51762]'),
    (5715058, 181355, 1411, 47, 6738, 1, 4294967295, -471.503, -4527.17, 12.3199, 4.66003, 0, 0, -0.725374, 0.688355, 120, 255, 1, '', 50063, '[HLBGTest copy from gameobject 51867]'),
    (5715059, 181355, 1411, 47, 6738, 1, 4294967295, -465.215, -4540.75, 9.22225, 3.78737, 0, 0, -0.948323, 0.317306, 120, 255, 1, '', 50063, '[HLBGTest copy from gameobject 51869]'),
    (5715060, 181355, 1411, 47, 6738, 1, 4294967295, -597.768, -4591.46, 9.82312, 6.16101, 0, 0, -0.0610485, 0.998135, 120, 255, 1, '', 50063, '[HLBGTest copy from gameobject 51962]'),
    (5715061, 181355, 1411, 47, 6738, 1, 4294967295, -524.296, -4531.64, 11.2075, 6.05629, 0, 0, -0.113203, 0.993572, 120, 255, 1, '', 50063, '[HLBGTest copy from gameobject 51963]'),
    (5715062, 181355, 1411, 47, 6738, 1, 4294967295, -555.274, -4568.21, 10.0461, 3.4383, 0, 0, -0.989016, 0.147811, 120, 255, 1, '', 50063, '[HLBGTest copy from gameobject 52019]'),
    (5715063, 181355, 1411, 47, 6738, 1, 4294967295, -594.688, -4617.7, 9.52885, 0.418879, 0, 0, 0.207911, 0.978148, 120, 255, 1, '', 50063, '[HLBGTest copy from gameobject 52021]'),
    (5715064, 188020, 1411, 47, 6738, 1, 4294967295, -443.035, -4520.55, 9.73783, 1.67551, 0, 0, 0.743144, 0.669131, 120, 255, 1, '', 50063, '[HLBGTest copy from gameobject 52363]'),
    (5715065, 188020, 1411, 47, 6738, 1, 4294967295, -478.957, -4531.07, 12.6211, 1.8675, 0, 0, 0.803857, 0.594823, 120, 255, 1, '', 50063, '[HLBGTest copy from gameobject 52364]'),
    (5715066, 188020, 1411, 47, 6738, 1, 4294967295, -439.959, -4530.23, 7.89196, 4.85202, 0, 0, -0.656058, 0.75471, 120, 255, 1, '', 50063, '[HLBGTest copy from gameobject 52365]'),
    (5715067, 188020, 1411, 47, 6738, 1, 4294967295, -473.365, -4542.07, 10.1714, 1.85005, 0, 0, 0.798635, 0.601815, 120, 255, 1, '', 50063, '[HLBGTest copy from gameobject 52433]'),
    (5715068, 188021, 1411, 47, 6738, 1, 4294967295, -457.816, -4530.89, 8.69254, 1.90241, 0, 0, 0.814116, 0.580703, 120, 255, 1, '', 50063, '[HLBGTest copy from gameobject 52519]'),
    (5715069, 181388, 1411, 47, 6738, 1, 4294967295, -611.439, -4588.19, 11.6871, 4.13643, 0, 0, -0.878817, 0.47716, 120, 255, 1, '', 50063, '[HLBGTest copy from gameobject 52649]'),
    (5715070, 181388, 1411, 47, 6738, 1, 4294967295, -616.252, -4593.14, 11.6871, 5.60251, 0, 0, -0.333807, 0.942641, 120, 255, 1, '', 50063, '[HLBGTest copy from gameobject 52763]'),
    (5715071, 181392, 1411, 47, 6738, 1, 4294967295, -627.478, -4589.49, 24.1062, 0.733038, 0, 0, 0.358368, 0.93358, 120, 255, 1, '', 50063, '[HLBGTest copy from gameobject 53572]'),
    (5715072, 181392, 1411, 47, 6738, 1, 4294967295, -609.756, -4582.46, 15.3684, 6.26573, 0, 0, -0.00872612, 0.999962, 120, 255, 1, '', 50063, '[HLBGTest copy from gameobject 53573]'),
    (5715073, 181392, 1411, 47, 6738, 1, 4294967295, -636.119, -4599.01, 16.3318, 3.99681, 0, 0, -0.909961, 0.414694, 120, 255, 1, '', 50063, '[HLBGTest copy from gameobject 53574]'),
    (5715074, 181392, 1411, 47, 6738, 1, 4294967295, -624.136, -4570.4, 18.7716, 2.40855, 0, 0, 0.93358, 0.358368, 120, 255, 1, '', 50063, '[HLBGTest copy from gameobject 53575]'),
    (5715075, 181392, 1411, 47, 6738, 1, 4294967295, -615.45, -4576.88, 24.271, 3.94445, 0, 0, -0.920505, 0.390732, 120, 255, 1, '', 50063, '[HLBGTest copy from gameobject 53576]'),
    (5715076, 181392, 1411, 47, 6738, 1, 4294967295, -638.408, -4570.88, 16.1013, 3.17653, 0, 0, -0.999847, 0.0174693, 120, 255, 1, '', 50063, '[HLBGTest copy from gameobject 53627]'),
    (5715077, 181392, 1411, 47, 6738, 1, 4294967295, -635.401, -4566.94, 16.0823, 1.78023, 0, 0, 0.777145, 0.629321, 120, 255, 1, '', 50063, '[HLBGTest copy from gameobject 53687]'),
    (5715078, 181392, 1411, 47, 6738, 1, 4294967295, -604.096, -4599.68, 16.9652, 5.58505, 0, 0, -0.34202, 0.939693, 120, 255, 1, '', 50063, '[HLBGTest copy from gameobject 53690]'),
    (5715079, 181392, 1411, 47, 6738, 1, 4294967295, -622.192, -4594.98, 15.1447, 4.76475, 0, 0, -0.688354, 0.725374, 120, 255, 1, '', 50063, '[HLBGTest copy from gameobject 53718]'),
    (5715080, 181392, 1411, 47, 6738, 1, 4294967295, -615.334, -4589.27, 24.2244, 5.51524, 0, 0, -0.374606, 0.927184, 120, 255, 1, '', 50063, '[HLBGTest copy from gameobject 53721]'),
    (5715081, 181393, 1411, 47, 6738, 1, 4294967295, -523.749, -4511.91, 11.9685, 0.0698117, 0, 0, 0.0348988, 0.999391, 120, 255, 1, '', 50063, '[HLBGTest copy from gameobject 53883]'),
    (5715082, 181393, 1411, 47, 6738, 1, 4294967295, -578.332, -4589.98, 11.8291, 1.29154, 0, 0, 0.601814, 0.798636, 120, 255, 1, '', 50063, '[HLBGTest copy from gameobject 53965]'),
    (5715083, 181393, 1411, 47, 6738, 1, 4294967295, -584.311, -4627.52, 13.5195, 3.26377, 0, 0, -0.998135, 0.0610518, 120, 255, 1, '', 50063, '[HLBGTest copy from gameobject 53966]'),
    (5715084, 181393, 1411, 47, 6738, 1, 4294967295, -514.545, -4562.39, 11.8661, 0.191985, 0, 0, 0.0958452, 0.995396, 120, 255, 1, '', 50063, '[HLBGTest copy from gameobject 53967]'),
    (5715085, 181393, 1411, 47, 6738, 1, 4294967295, -605.514, -4598.37, 18.0096, 2.46091, 0, 0, 0.942641, 0.333808, 120, 255, 1, '', 50063, '[HLBGTest copy from gameobject 53977]'),
    (5715086, 181401, 1411, 47, 6738, 1, 4294967295, -605.532, -4590.8, 15.3616, 0.942477, 0, 0, 0.45399, 0.891007, 120, 255, 1, '', 50063, '[HLBGTest copy from gameobject 54120]'),
    (5715087, 181401, 1411, 47, 6738, 1, 4294967295, -612.96, -4598.89, 15.0267, 3.82227, 0, 0, -0.942641, 0.333808, 120, 255, 1, '', 50063, '[HLBGTest copy from gameobject 54228]'),
    (5715088, 187576, 1411, 47, 6738, 1, 4294967295, -632.737, -4718.25, 5.79148, 3.64774, 0, 0, -0.968147, 0.250381, 120, 255, 1, '', 50063, '[HLBGTest copy from gameobject 54835]'),
    (5715089, 180405, 1411, 47, 6738, 1, 4294967295, -600.074, -4603.57, 27.9527, 1.20428, 0, 0, 0.566406, 0.824126, 120, 255, 1, '', 45942, '[HLBGTest copy from gameobject 68005]'),
    (5715090, 180405, 1411, 47, 6738, 1, 4294967295, -620.325, -4573.3, 35.3569, 3.3685, 0, 0, -0.993571, 0.113208, 120, 255, 1, '', 45942, '[HLBGTest copy from gameobject 68006]'),
    (5715091, 180405, 1411, 47, 6738, 1, 4294967295, -623.764, -4593.28, 34.0192, 6.26573, 0, 0, -0.00872612, 0.999962, 120, 255, 1, '', 45942, '[HLBGTest copy from gameobject 68007]'),
    (5715092, 180405, 1411, 47, 6738, 1, 4294967295, -636.354, -4569.66, 12.2898, 1.18682, 0, 0, 0.559193, 0.829038, 120, 255, 1, '', 45942, '[HLBGTest copy from gameobject 68008]'),
    (5715093, 180406, 1411, 47, 6738, 1, 4294967295, -605.939, -4601.92, 12.3803, 1.32645, 0, 0, 0.615661, 0.788011, 120, 255, 1, '', 45942, '[HLBGTest copy from gameobject 68318]'),
    (5715094, 180406, 1411, 47, 6738, 1, 4294967295, -611.778, -4580.44, 34.7815, 2.18166, 0, 0, 0.887011, 0.461749, 120, 255, 1, '', 45942, '[HLBGTest copy from gameobject 68319]'),
    (5715095, 180406, 1411, 47, 6738, 1, 4294967295, -630.964, -4587.06, 35.4654, 5.41052, 0, 0, -0.422618, 0.906308, 120, 255, 1, '', 45942, '[HLBGTest copy from gameobject 68320]'),
    (5715096, 180407, 1411, 47, 6738, 1, 4294967295, -518.557, -4547.27, 18.7186, 2.42601, 0, 0, 0.936672, 0.350207, 120, 255, 1, '', 45942, '[HLBGTest copy from gameobject 68623]'),
    (5715097, 180407, 1411, 47, 6738, 1, 4294967295, -522.365, -4527.26, 18.7718, 2.05949, 0, 0, 0.857167, 0.515038, 120, 255, 1, '', 45942, '[HLBGTest copy from gameobject 68624]'),
    (5715098, 180407, 1411, 47, 6738, 1, 4294967295, -601.903, -4597.53, 12.3791, 1.20428, 0, 0, 0.566406, 0.824126, 120, 255, 1, '', 45942, '[HLBGTest copy from gameobject 68627]'),
    (5715099, 180407, 1411, 47, 6738, 1, 4294967295, -614.333, -4590.38, 35.1423, 1.01229, 0, 0, 0.484809, 0.87462, 120, 255, 1, '', 45942, '[HLBGTest copy from gameobject 68628]'),
    (5715100, 180415, 1411, 47, 6738, 1, 4294967295, -631.799, -4561.67, 19.5999, 2.35619, 0, 0, 0.92388, 0.382683, 120, 255, 1, '', 45942, '[HLBGTest copy from gameobject 68997]'),
    (5715101, 180415, 1411, 47, 6738, 1, 4294967295, -636.442, -4574.1, 25.5931, 5.70723, 0, 0, -0.284015, 0.95882, 120, 255, 1, '', 45942, '[HLBGTest copy from gameobject 68998]'),
    (5715102, 180415, 1411, 47, 6738, 1, 4294967295, -638.915, -4578.73, 26.275, 2.32129, 0, 0, 0.91706, 0.39875, 120, 255, 1, '', 45942, '[HLBGTest copy from gameobject 68999]'),
    (5715103, 180415, 1411, 47, 6738, 1, 4294967295, -640.54, -4563.96, 21.8412, 1.15192, 0, 0, 0.544639, 0.838671, 120, 255, 1, '', 45942, '[HLBGTest copy from gameobject 69000]'),
    (5715104, 180415, 1411, 47, 6738, 1, 4294967295, -643.216, -4570.74, 23.7382, 4.59022, 0, 0, -0.748956, 0.66262, 120, 255, 1, '', 45942, '[HLBGTest copy from gameobject 69001]'),
    (5715105, 180844, 1411, 47, 6738, 1, 4294967295, -630.094, -4576, 17.1913, 0.261798, 0, 0, 0.130526, 0.991445, 120, 255, 1, '', 52237, '[HLBGTest copy from gameobject 71547]'),
    (5715106, 187972, 1411, 47, 6738, 1, 4294967295, -447.95, -4527.65, 8.59595, 1.53589, 0, 0, 0.694658, 0.71934, 120, 255, 1, '', 50063, '[HLBGTest copy from gameobject 76317]'),
    (5715107, 181355, 1411, 47, 6738, 1, 4294967295, -523.75, -4543.87, 11.0213, 0.383971, 0, 0, 0.190808, 0.981627, 120, 255, 1, '', 50063, '[HLBGTest copy from gameobject 78422]'),
    (5715108, 181355, 1411, 47, 6738, 1, 4294967295, -556.6, -4613.37, 9.90796, 2.65289, 0, 0, 0.970295, 0.241925, 120, 255, 1, '', 50063, '[HLBGTest copy from gameobject 78424]'),
    (5715109, 181355, 1411, 47, 6738, 1, 4294967295, -584.188, -4620.94, 9.46219, 1.90241, 0, 0, 0.814116, 0.580703, 120, 255, 1, '', 50063, '[HLBGTest copy from gameobject 78425]'),
    (5715110, 181355, 1411, 47, 6738, 1, 4294967295, -600.376, -4568.05, 9.57636, 6.16101, 0, 0, -0.0610485, 0.998135, 120, 255, 1, '', 50063, '[HLBGTest copy from gameobject 78426]'),
    (5715111, 181392, 1411, 47, 6738, 1, 4294967295, -605.819, -4566.96, 16.5068, 0.733038, 0, 0, 0.358368, 0.93358, 120, 255, 1, '', 50063, '[HLBGTest copy from gameobject 78975]'),
    (5715112, 179908, 1411, 47, 6738, 1, 4294967295, 217.35, -4318.79, 117.73, 0, 0, 0, 0, 1, 2, 100, 1, '', 0, '[HLBGTest copy from gameobject 100511]'),
    (5715113, 179908, 1411, 47, 6738, 1, 4294967295, 108.72, -4365.94, 120.63, 0, 0, 0, 0, 1, 2, 100, 1, '', 0, '[HLBGTest copy from gameobject 100512]'),
    (5715114, 142142, 1411, 47, 6738, 1, 4294967295, -13.3295, -4387.78, 142.955, 5.23599, 0, 0, -0.5, 0.866025, 900, 255, 1, '', 48632, '[HLBGTest copy from gameobject 203154]'),
    (5715115, 142142, 1411, 47, 6738, 1, 4294967295, -192.009, -4346.85, 120.757, 4.53786, 0, 0, -0.766044, 0.642789, 900, 255, 1, '', 50664, '[HLBGTest copy from gameobject 203157]'),
    (5715116, 142142, 1411, 47, 6738, 1, 4294967295, 153.413, -4587.04, 119.025, 3.31614, 0, 0, -0.996194, 0.087165, 900, 255, 1, '', 49345, '[HLBGTest copy from gameobject 203164]'),
    (5715117, 142142, 1411, 47, 6738, 1, 4294967295, 154.721, -4485.13, 126.177, 4.90438, 0, 0, -0.636078, 0.771625, 900, 255, 1, '', 50664, '[HLBGTest copy from gameobject 203165]'),
    (5715118, 142142, 1411, 47, 6738, 1, 4294967295, 81.3494, -4316.38, 121.672, 1.69297, 0, 0, 0.748956, 0.66262, 900, 255, 1, '', 50664, '[HLBGTest copy from gameobject 203182]'),
    (5715119, 142142, 1411, 47, 6738, 1, 4294967295, -83.7886, -4318.95, 127.546, 1.37881, 0, 0, 0.636078, 0.771625, 900, 255, 1, '', 47720, '[HLBGTest copy from gameobject 203186]'),
    (5715120, 142142, 1411, 47, 6738, 1, 4294967295, 179.138, -4381.11, 118.616, 4.57276, 0, 0, -0.754709, 0.656059, 900, 255, 1, '', 47612, '[HLBGTest copy from gameobject 203189]'),
    (5715121, 176583, 1411, 47, 6738, 1, 4294967295, 225.686, -4330.83, 117.633, 0.279252, 0, 0, 0.139173, 0.990268, 900, 255, 1, '', 50664, '[HLBGTest copy from gameobject 203233]'),
    (5715122, 176583, 1411, 47, 6738, 1, 4294967295, 54.9439, -4500.57, 145.834, 6.24828, 0, 0, -0.0174522, 0.999848, 900, 255, 1, '', 50375, '[HLBGTest copy from gameobject 203240]'),
    (5715123, 2041, 1411, 47, 6738, 1, 4294967295, 249.01, -4457.45, 102.536, 0.244346, 0, 0, 0.121869, 0.992546, 900, 255, 1, '', 53622, '[HLBGTest copy from gameobject 203251]'),
    (5715124, 2042, 1411, 47, 6738, 1, 4294967295, 62.7072, -4282.95, 116.939, 1.15192, 0, 0, 0.544639, 0.838671, 900, 255, 1, '', 50664, '[HLBGTest copy from gameobject 203258]'),
    (5715125, 2043, 1411, 47, 6738, 1, 4294967295, 208.619, -4577.21, 120.027, 4.5204, 0, 0, -0.771625, 0.636078, 900, 255, 1, '', 50063, '[HLBGTest copy from gameobject 203265]'),
    (5715126, 2043, 1411, 47, 6738, 1, 4294967295, 286.887, -4306.71, 118.855, 2.09439, 0, 0, 0.866025, 0.500001, 900, 255, 1, '', 49345, '[HLBGTest copy from gameobject 203266]'),
    (5715127, 2045, 1411, 47, 6738, 1, 4294967295, -144.687, -4860.1, -16.9362, 6.21337, 0, 0, -0.0348988, 0.999391, 900, 255, 1, '', 50664, '[HLBGTest copy from gameobject 203273]'),
    (5715128, 2045, 1411, 47, 6738, 1, 4294967295, -151.148, -4909.86, -19.1006, 0.802851, 0, 0, 0.390731, 0.920505, 900, 255, 1, '', 50664, '[HLBGTest copy from gameobject 203274]'),
    (5715129, 2045, 1411, 47, 6738, 1, 4294967295, -216.165, -4848.26, -12.7663, 2.3911, 0, 0, 0.930417, 0.366502, 900, 255, 1, '', 50664, '[HLBGTest copy from gameobject 203275]'),
    (5715130, 2045, 1411, 47, 6738, 1, 4294967295, -366.355, -4749.6, -25.055, 3.71755, 0, 0, -0.958819, 0.284016, 900, 255, 1, '', 50664, '[HLBGTest copy from gameobject 203276]'),
    (5715131, 2045, 1411, 47, 6738, 1, 4294967295, -777.527, -4570.92, -23.8076, 5.68977, 0, 0, -0.292372, 0.956305, 900, 255, 1, '', 48632, '[HLBGTest copy from gameobject 203277]'),
    (5715132, 2045, 1411, 47, 6738, 1, 4294967295, -785.382, -4656.31, -24.7362, 5.044, 0, 0, -0.580703, 0.814116, 900, 255, 1, '', 48632, '[HLBGTest copy from gameobject 203278]'),
    (5715133, 2045, 1411, 47, 6738, 1, 4294967295, 227.089, -4819.19, -19.5382, 6.03884, 0, 0, -0.121869, 0.992546, 900, 255, 1, '', 50664, '[HLBGTest copy from gameobject 203279]'),
    (5715134, 2045, 1411, 47, 6738, 1, 4294967295, 308.52, -4750.46, -11.8114, 4.38078, 0, 0, -0.814116, 0.580703, 900, 255, 1, '', 49345, '[HLBGTest copy from gameobject 203280]'),
    (5715135, 2045, 1411, 47, 6738, 1, 4294967295, 458.723, -4765.3, -8.45733, 1.11701, 0, 0, 0.529919, 0.848048, 900, 255, 1, '', 50664, '[HLBGTest copy from gameobject 203281]'),
    (5715136, 2045, 1411, 47, 6738, 1, 4294967295, 99.9873, -4773.28, -4.84176, 6.24828, 0, 0, -0.0174522, 0.999848, 900, 255, 1, '', 48632, '[HLBGTest copy from gameobject 203282]'),
    (5715137, 2045, 1411, 47, 6738, 1, 4294967295, -291.338, -4744.9, -25.2299, 4.25861, 0, 0, -0.848047, 0.529921, 900, 255, 1, '', 47720, '[HLBGTest copy from gameobject 203283]'),
    (5715138, 2045, 1411, 47, 6738, 1, 4294967295, -442.294, -4808.89, -25.8227, 5.8294, 0, 0, -0.224951, 0.97437, 900, 255, 1, '', 47720, '[HLBGTest copy from gameobject 203284]'),
    (5715139, 2045, 1411, 47, 6738, 1, 4294967295, 19.2655, -4890.57, -19.0195, 5.61996, 0, 0, -0.325567, 0.945519, 900, 255, 1, '', 47612, '[HLBGTest copy from gameobject 203285]'),
    (5715140, 2045, 1411, 47, 6738, 1, 4294967295, -599.362, -4761.99, -25.7426, 3.83973, 0, 0, -0.939692, 0.34202, 900, 255, 1, '', 48120, '[HLBGTest copy from gameobject 203286]'),
    (5715141, 2045, 1411, 47, 6738, 1, 4294967295, -120.28, -4735.02, -24.48, 4.31097, 0, 0, -0.833885, 0.551938, 900, 255, 1, '', 50375, '[HLBGTest copy from gameobject 203287]'),
    (5715142, 2045, 1411, 47, 6738, 1, 4294967295, -485.872, -4719.62, -29.8458, 2.74016, 0, 0, 0.979924, 0.19937, 900, 255, 1, '', 50375, '[HLBGTest copy from gameobject 203288]'),
    (5715143, 2045, 1411, 47, 6738, 1, 4294967295, -52.3074, -4766.53, -2.46612, 5.70723, 0, 0, -0.284015, 0.95882, 900, 255, 1, '', 50375, '[HLBGTest copy from gameobject 203289]'),
    (5715144, 2045, 1411, 47, 6738, 1, 4294967295, 12.7143, -4829.58, -17.039, 3.03684, 0, 0, 0.998629, 0.0523532, 900, 255, 1, '', 50375, '[HLBGTest copy from gameobject 203290]'),
    (5715145, 2045, 1411, 47, 6738, 1, 4294967295, 365.045, -4815.13, -12.0386, 5.32326, 0, 0, -0.461748, 0.887011, 900, 255, 1, '', 50375, '[HLBGTest copy from gameobject 203291]'),
    (5715146, 2045, 1411, 47, 6738, 1, 4294967295, -199.985, -4725.92, -28.7294, 1.85005, 0, 0, 0.798635, 0.601815, 900, 255, 1, '', 52237, '[HLBGTest copy from gameobject 203292]'),
    (5715147, 2045, 1411, 47, 6738, 1, 4294967295, -250.644, -4651.93, -12.5148, 4.79966, 0, 0, -0.67559, 0.737278, 900, 255, 1, '', 52237, '[HLBGTest copy from gameobject 203293]'),
    (5715148, 2045, 1411, 47, 6738, 1, 4294967295, -407.803, -4586.45, -10.9108, 1.41372, 0, 0, 0.649447, 0.760406, 900, 255, 1, '', 46182, '[HLBGTest copy from gameobject 203294]'),
    (5715149, 2045, 1411, 47, 6738, 1, 4294967295, -418.383, -4633, -10.4412, 2.1293, 0, 0, 0.874619, 0.48481, 900, 255, 1, '', 46368, '[HLBGTest copy from gameobject 203295]'),
    (5715150, 2045, 1411, 47, 6738, 1, 4294967295, -501.541, -4655.18, -7.51504, 0.366518, 0, 0, 0.182235, 0.983255, 900, 255, 1, '', 51943, '[HLBGTest copy from gameobject 203296]'),
    (5715151, 2045, 1411, 47, 6738, 1, 4294967295, 396.026, -4747.28, -9.89115, 4.83456, 0, 0, -0.66262, 0.748956, 900, 255, 1, '', 52237, '[HLBGTest copy from gameobject 203297]'),
    (5715152, 2045, 1411, 47, 6738, 1, 4294967295, 428.389, -4857.91, -12.8203, 1.62316, 0, 0, 0.725374, 0.688355, 900, 255, 1, '', 45772, '[HLBGTest copy from gameobject 203298]'),
    (5715153, 2045, 1411, 47, 6738, 1, 4294967295, -645.925, -4777.93, -8.68316, 5.044, 0, 0, -0.580703, 0.814116, 900, 255, 1, '', 46182, '[HLBGTest copy from gameobject 203299]'),
    (5715154, 2046, 1411, 47, 6738, 1, 4294967295, -9.83615, -4469.2, 155.765, 0.244346, 0, 0, 0.121869, 0.992546, 900, 255, 1, '', 50664, '[HLBGTest copy from gameobject 203305]'),
    (5715155, 2046, 1411, 47, 6738, 1, 4294967295, 98.4678, -4596.08, 118.84, 4.71239, 0, 0, -0.707107, 0.707107, 900, 255, 1, '', 48632, '[HLBGTest copy from gameobject 203313]'),
    (5715156, 2046, 1411, 47, 6738, 1, 4294967295, -230.018, -4438.47, 20.1907, 2.86234, 0, 0, 0.990268, 0.139175, 900, 255, 1, '', 45772, '[HLBGTest copy from gameobject 203320]'),
    (5715157, 2046, 1411, 47, 6738, 1, 4294967295, -57.5888, -4553.34, 16.4739, 1.93731, 0, 0, 0.824125, 0.566408, 900, 255, 1, '', 52237, '[HLBGTest copy from gameobject 203321]'),
    (5715158, 2046, 1411, 47, 6738, 1, 4294967295, -758.931, -4435.09, 13.9278, 5.63741, 0, 0, -0.317305, 0.948324, 900, 255, 1, '', 52237, '[HLBGTest copy from gameobject 203322]'),
    (5715159, 2046, 1411, 47, 6738, 1, 4294967295, 120.831, -4352.99, 121.36, 2.35619, 0, 0, 0.92388, 0.382683, 900, 255, 1, '', 51943, '[HLBGTest copy from gameobject 203323]'),
    (5715160, 324, 1411, 47, 6738, 1, 4294967295, -121.696, -4368.51, 153.591, 4.69494, 0, 0, -0.71325, 0.70091, 900, 255, 1, '', 48632, '[HLBGTest copy from gameobject 203335]'),
    (5715161, 324, 1411, 47, 6738, 1, 4294967295, 107.217, -4568.66, 132.759, 1.71042, 0, 0, 0.754709, 0.656059, 900, 255, 1, '', 52237, '[HLBGTest copy from gameobject 203336]'),
    (5715162, 2047, 1411, 47, 6738, 1, 4294967295, -121.696, -4368.51, 153.591, 4.69494, 0, 0, -0.71325, 0.70091, 900, 255, 1, '', 48632, '[HLBGTest copy from gameobject 203346]'),
    (5715163, 2047, 1411, 47, 6738, 1, 4294967295, 107.217, -4568.66, 132.759, 1.71042, 0, 0, 0.754709, 0.656059, 900, 255, 1, '', 52237, '[HLBGTest copy from gameobject 203347]'),
    (5715164, 2040, 1411, 47, 6738, 1, 4294967295, -773.764, -4422.3, 25.206, 5.61996, 0, 0, -0.325567, 0.945519, 900, 255, 1, '', 52237, '[HLBGTest copy from gameobject 203380]'),
    (5715165, 2040, 1411, 47, 6738, 1, 4294967295, -625.061, -4760.33, -21.4149, 3.03684, 0, 0, 0.998629, 0.0523532, 900, 255, 1, '', 50172, '[HLBGTest copy from gameobject 203382]'),
    (5715166, 2040, 1411, 47, 6738, 1, 4294967295, -446.243, -4447.46, 39.4552, 2.46091, 0, 0, 0.942641, 0.333808, 900, 255, 1, '', 50664, '[HLBGTest copy from gameobject 203387]'),
    (5715167, 2040, 1411, 47, 6738, 1, 4294967295, -433.382, -4637.36, -6.58656, 0.977383, 0, 0, 0.469471, 0.882948, 900, 255, 1, '', 45942, '[HLBGTest copy from gameobject 203388]'),
    (5715168, 2040, 1411, 47, 6738, 1, 4294967295, -243.824, -4371.58, 106.547, 3.31614, 0, 0, -0.996194, 0.087165, 900, 255, 1, '', 50664, '[HLBGTest copy from gameobject 203398]'),
    (5715169, 2040, 1411, 47, 6738, 1, 4294967295, -234.91, -4436.33, 20.7302, 2.00713, 0, 0, 0.843391, 0.5373, 900, 255, 1, '', 47168, '[HLBGTest copy from gameobject 203399]'),
    (5715170, 2040, 1411, 47, 6738, 1, 4294967295, -164.917, -4644.05, -5.50173, 0.733038, 0, 0, 0.358368, 0.93358, 900, 255, 1, '', 50664, '[HLBGTest copy from gameobject 203408]'),
    (5715171, 2040, 1411, 47, 6738, 1, 4294967295, -61.2061, -4550.14, 15.3726, 3.49067, 0, 0, -0.984807, 0.173652, 900, 255, 1, '', 52237, '[HLBGTest copy from gameobject 203413]'),
    (5715172, 2040, 1411, 47, 6738, 1, 4294967295, 0.844455, -4469.67, 155.277, 4.7473, 0, 0, -0.694658, 0.71934, 900, 255, 1, '', 52237, '[HLBGTest copy from gameobject 203417]'),
    (5715173, 2040, 1411, 47, 6738, 1, 4294967295, 122.431, -4356.28, 121.259, 2.40855, 0, 0, 0.93358, 0.358368, 900, 255, 1, '', 46182, '[HLBGTest copy from gameobject 203422]'),
    (5715174, 2040, 1411, 47, 6738, 1, 4294967295, 172.95, -4770.56, -5.95633, 2.07694, 0, 0, 0.861629, 0.507539, 900, 255, 1, '', 52237, '[HLBGTest copy from gameobject 203424]'),
    (5715175, 2040, 1411, 47, 6738, 1, 4294967295, 233.826, -4605.66, 108.223, 3.78737, 0, 0, -0.948323, 0.317306, 900, 255, 1, '', 50664, '[HLBGTest copy from gameobject 203427]'),
    (5715176, 2040, 1411, 47, 6738, 1, 4294967295, 377.842, -4680.53, 12.5864, 1.20428, 0, 0, 0.566406, 0.824126, 900, 255, 1, '', 45772, '[HLBGTest copy from gameobject 203437]'),
    (5715177, 1734, 1411, 47, 6738, 1, 4294967295, -773.764, -4422.3, 25.206, 5.61996, 0, 0, -0.325567, 0.945519, 900, 255, 1, '', 52237, '[HLBGTest copy from gameobject 203459]'),
    (5715178, 1734, 1411, 47, 6738, 1, 4294967295, -625.061, -4760.33, -21.4149, 3.03684, 0, 0, 0.998629, 0.0523532, 900, 255, 1, '', 50172, '[HLBGTest copy from gameobject 203461]'),
    (5715179, 1734, 1411, 47, 6738, 1, 4294967295, -446.243, -4447.46, 39.4552, 2.46091, 0, 0, 0.942641, 0.333808, 900, 255, 1, '', 50664, '[HLBGTest copy from gameobject 203466]'),
    (5715180, 1734, 1411, 47, 6738, 1, 4294967295, -433.382, -4637.36, -6.58656, 0.977383, 0, 0, 0.469471, 0.882948, 900, 255, 1, '', 45942, '[HLBGTest copy from gameobject 203467]'),
    (5715181, 1734, 1411, 47, 6738, 1, 4294967295, -243.824, -4371.58, 106.547, 3.31614, 0, 0, -0.996194, 0.087165, 900, 255, 1, '', 50664, '[HLBGTest copy from gameobject 203477]'),
    (5715182, 1734, 1411, 47, 6738, 1, 4294967295, -234.91, -4436.33, 20.7302, 2.00713, 0, 0, 0.843391, 0.5373, 900, 255, 1, '', 47168, '[HLBGTest copy from gameobject 203478]'),
    (5715183, 1734, 1411, 47, 6738, 1, 4294967295, -164.917, -4644.05, -5.50173, 0.733038, 0, 0, 0.358368, 0.93358, 900, 255, 1, '', 50664, '[HLBGTest copy from gameobject 203487]'),
    (5715184, 1734, 1411, 47, 6738, 1, 4294967295, -61.2061, -4550.14, 15.3726, 3.49067, 0, 0, -0.984807, 0.173652, 900, 255, 1, '', 52237, '[HLBGTest copy from gameobject 203492]'),
    (5715185, 1734, 1411, 47, 6738, 1, 4294967295, 0.844455, -4469.67, 155.277, 4.7473, 0, 0, -0.694658, 0.71934, 900, 255, 1, '', 52237, '[HLBGTest copy from gameobject 203496]'),
    (5715186, 1734, 1411, 47, 6738, 1, 4294967295, 122.431, -4356.28, 121.259, 2.40855, 0, 0, 0.93358, 0.358368, 900, 255, 1, '', 46182, '[HLBGTest copy from gameobject 203501]'),
    (5715187, 1734, 1411, 47, 6738, 1, 4294967295, 172.95, -4770.56, -5.95633, 2.07694, 0, 0, 0.861629, 0.507539, 900, 255, 1, '', 52237, '[HLBGTest copy from gameobject 203503]'),
    (5715188, 1734, 1411, 47, 6738, 1, 4294967295, 233.826, -4605.66, 108.223, 3.78737, 0, 0, -0.948323, 0.317306, 900, 255, 1, '', 50664, '[HLBGTest copy from gameobject 203506]'),
    (5715189, 1734, 1411, 47, 6738, 1, 4294967295, 377.842, -4680.53, 12.5864, 1.20428, 0, 0, 0.566406, 0.824126, 900, 255, 1, '', 45772, '[HLBGTest copy from gameobject 203516]'),
    (5715190, 2047, 1411, 47, 6738, 1, 4294967295, -773.764, -4422.3, 25.206, 5.61996, 0, 0, -0.325567, 0.945519, 900, 255, 1, '', 52237, '[HLBGTest copy from gameobject 203538]'),
    (5715191, 2047, 1411, 47, 6738, 1, 4294967295, -625.061, -4760.33, -21.4149, 3.03684, 0, 0, 0.998629, 0.0523532, 900, 255, 1, '', 50172, '[HLBGTest copy from gameobject 203540]'),
    (5715192, 2047, 1411, 47, 6738, 1, 4294967295, -446.243, -4447.46, 39.4552, 2.46091, 0, 0, 0.942641, 0.333808, 900, 255, 1, '', 50664, '[HLBGTest copy from gameobject 203545]'),
    (5715193, 2047, 1411, 47, 6738, 1, 4294967295, -433.382, -4637.36, -6.58656, 0.977383, 0, 0, 0.469471, 0.882948, 900, 255, 1, '', 45942, '[HLBGTest copy from gameobject 203546]'),
    (5715194, 2047, 1411, 47, 6738, 1, 4294967295, -243.824, -4371.58, 106.547, 3.31614, 0, 0, -0.996194, 0.087165, 900, 255, 1, '', 50664, '[HLBGTest copy from gameobject 203556]'),
    (5715195, 2047, 1411, 47, 6738, 1, 4294967295, -234.91, -4436.33, 20.7302, 2.00713, 0, 0, 0.843391, 0.5373, 900, 255, 1, '', 47168, '[HLBGTest copy from gameobject 203557]'),
    (5715196, 2047, 1411, 47, 6738, 1, 4294967295, -164.917, -4644.05, -5.50173, 0.733038, 0, 0, 0.358368, 0.93358, 900, 255, 1, '', 50664, '[HLBGTest copy from gameobject 203566]'),
    (5715197, 2047, 1411, 47, 6738, 1, 4294967295, -61.2061, -4550.14, 15.3726, 3.49067, 0, 0, -0.984807, 0.173652, 900, 255, 1, '', 52237, '[HLBGTest copy from gameobject 203571]'),
    (5715198, 2047, 1411, 47, 6738, 1, 4294967295, 0.844455, -4469.67, 155.277, 4.7473, 0, 0, -0.694658, 0.71934, 900, 255, 1, '', 52237, '[HLBGTest copy from gameobject 203575]'),
    (5715199, 2047, 1411, 47, 6738, 1, 4294967295, 122.431, -4356.28, 121.259, 2.40855, 0, 0, 0.93358, 0.358368, 900, 255, 1, '', 46182, '[HLBGTest copy from gameobject 203580]'),
    (5715200, 2047, 1411, 47, 6738, 1, 4294967295, 172.95, -4770.56, -5.95633, 2.07694, 0, 0, 0.861629, 0.507539, 900, 255, 1, '', 52237, '[HLBGTest copy from gameobject 203582]'),
    (5715201, 2047, 1411, 47, 6738, 1, 4294967295, 233.826, -4605.66, 108.223, 3.78737, 0, 0, -0.948323, 0.317306, 900, 255, 1, '', 50664, '[HLBGTest copy from gameobject 203585]'),
    (5715202, 2047, 1411, 47, 6738, 1, 4294967295, 377.842, -4680.53, 12.5864, 1.20428, 0, 0, 0.566406, 0.824126, 900, 255, 1, '', 45772, '[HLBGTest copy from gameobject 203595]'),
    (5715203, 181371, 1411, 47, 6738, 1, 4294967295, -448.118, -4527.08, 8.87813, 0.0174525, 0, 0, 0.00872612, 0.999962, 120, 255, 1, '', 50063, '[HLBGTest copy from gameobject 242625]'),
    (5715204, 190536, 1411, 47, 6738, 1, 4294967295, 103.028, -4766.73, 7.71183, 4.37133, 0, 0, 0.816849, -0.576851, 300, 0, 1, '', 0, '[HLBGTest copy from gameobject 2135533]'),
    (5715205, 190536, 1411, 47, 6738, 1, 4294967295, 95.6993, -4763.89, 0.00191567, 2.93012, 0, 0, 0.994415, 0.105539, 300, 0, 1, '', 0, '[HLBGTest copy from gameobject 2135536]'),
    (5715206, 181646, 1411, 47, 6738, 1, 4294967295, 94.0991, -4774.26, 8.65514, 2.91838, 0, 0, 0.993778, 0.111375, 300, 0, 1, '', 0, '[HLBGTest copy from gameobject 2135544]'),
    (5715207, 190536, 1411, 47, 6738, 1, 4294967295, 75.6035, -4867.34, 15.7633, 1.51325, 0, 0, 0.686471, 0.727157, 300, 0, 1, '', 0, '[HLBGTest copy from gameobject 2135554]'),
    (5715208, 178365, 1411, 47, 6738, 1, 4294967295, 50.4483, -4699.21, 8.73354, 2.62624, -0, -0, 0.966985, 0.254834, 300, 0, 1, '', NULL, '[HLBGTest copy from gameobject 2135588]'),
    (5715209, 178365, 1411, 47, 6738, 1, 4294967295, 44.1735, -4709.57, 10.0261, 2.58359, -0, -0, 0.961331, 0.275396, 300, 0, 1, '', NULL, '[HLBGTest copy from gameobject 2135592]'),
    (5715210, 193163, 1411, 47, 6738, 1, 4294967295, 68.3664, -4722.7, 11.7935, 1.73933, 0, 0, 0.764113, 0.645083, 300, 0, 1, '', 0, '[HLBGTest copy from gameobject 2135593]'),
    (5715211, 191148, 1411, 47, 6738, 1, 4294967295, -658.911, -4741.84, 8.01834, 5.95277, 0, 0, 0.164457, -0.986384, 300, 255, 1, '', 0, '[HLBGTest copy from gameobject 2135598]'),
    (5715212, 192820, 1411, 47, 6738, 1, 4294967295, 64.7799, -4715.7, 10.1763, 2.56924, 0, 0, 0.95933, 0.282286, 300, 255, 1, '', 0, '[HLBGTest copy from gameobject 2135599]'),
    (5715213, 189997, 1411, 47, 6738, 1, 4294967295, -116.584, -4640.48, 9.0831, 0.0255568, 0, 0, 0.0127781, 0.999918, 300, 0, 1, '', 0, '[HLBGTest copy from gameobject 2135601]'),
    (5715214, 189997, 1411, 47, 6738, 1, 4294967295, -116.741, -4643.92, 8.45053, 3.08304, 0, 0, 0.999572, 0.0292721, 300, 0, 1, '', 0, '[HLBGTest copy from gameobject 2135602]'),
    (5715215, 189997, 1411, 47, 6738, 1, 4294967295, -115.697, -4627.25, 10.7257, 2.9561, -0, -0, 0.995702, 0.0926134, 300, 0, 1, '', NULL, '[HLBGTest copy from gameobject 2135603]'),
    (5715216, 189997, 1411, 47, 6738, 1, 4294967295, -114.293, -4619.62, 10.9626, 3.00479, -0, -0, 0.997662, 0.068348, 300, 0, 1, '', NULL, '[HLBGTest copy from gameobject 2135604]'),
    (5715217, 189997, 1411, 47, 6738, 1, 4294967295, -113.711, -4615.03, 11.019, 3.0797, -0, -0, 0.999521, 0.0309414, 300, 0, 1, '', NULL, '[HLBGTest copy from gameobject 2135607]'),
    (5715218, 189997, 1411, 47, 6738, 1, 4294967295, -114.515, -4611.16, 11.0041, 3.51088, -0, -0, 0.983002, -0.183596, 300, 0, 1, '', NULL, '[HLBGTest copy from gameobject 2135608]'),
    (5715219, 189997, 1411, 47, 6738, 1, 4294967295, -115.791, -4608.15, 11.14, 3.64754, 0, 0, 0.968172, -0.250284, 300, 0, 1, '', 0, '[HLBGTest copy from gameobject 2135609]'),
    (5715220, 189997, 1411, 47, 6738, 1, 4294967295, -101.039, -4504.2, 23.6081, 5.32201, 0, 0, 0.4623, -0.886723, 300, 0, 1, '', 0, '[HLBGTest copy from gameobject 2135610]'),
    (5715221, 189997, 1411, 47, 6738, 1, 4294967295, -98.0625, -4502.4, 24.7188, 5.04634, 0, 0, 0.579751, -0.814794, 300, 0, 1, '', 0, '[HLBGTest copy from gameobject 2135611]'),
    (5715222, 189997, 1411, 47, 6738, 1, 4294967295, -105.477, -4505.67, 23.9798, 5.29398, 0, 0, 0.474682, -0.880157, 300, 0, 1, '', 0, '[HLBGTest copy from gameobject 2135613]'),
    (5715223, 189997, 1411, 47, 6738, 1, 4294967295, -109.985, -4507.27, 25.4718, 5.16911, 0, 0, 0.528674, -0.848825, 300, 0, 1, '', 0, '[HLBGTest copy from gameobject 2135614]'),
    (5715224, 189997, 1411, 47, 6738, 1, 4294967295, -113.471, -4508.6, 27.0099, 5.27827, 0, 0, 0.481581, -0.876402, 300, 0, 1, '', 0, '[HLBGTest copy from gameobject 2135615]'),
    (5715225, 189997, 1411, 47, 6738, 1, 4294967295, -106.598, -4505.41, 25.4234, 5.16047, 0, 0, 0.532336, -0.846533, 300, 0, 1, '', 0, '[HLBGTest copy from gameobject 2135616]'),
    (5715226, 189997, 1411, 47, 6738, 1, 4294967295, -102.317, -4503.98, 24.9739, 5.03245, 0, 0, 0.585395, -0.810748, 300, 0, 1, '', 0, '[HLBGTest copy from gameobject 2135617]'),
    (5715227, 189997, 1411, 47, 6738, 1, 4294967295, -96.2629, -4500.95, 26.1876, 5.45107, 0, 0, 0.404158, -0.914689, 300, 0, 1, '', 0, '[HLBGTest copy from gameobject 2135618]'),
    (5715228, 189997, 1411, 47, 6738, 1, 4294967295, -99.7972, -4502.7, 26.1031, 5.10786, 0, 0, 0.554417, -0.832239, 300, 0, 1, '', 0, '[HLBGTest copy from gameobject 2135619]'),
    (5715229, 189997, 1411, 47, 6738, 1, 4294967295, -99.7972, -4502.7, 27.4538, 5.03403, 0, 0, 0.584755, -0.81121, 300, 0, 1, '', 0, '[HLBGTest copy from gameobject 2135620]'),
    (5715230, 189997, 1411, 47, 6738, 1, 4294967295, -103.459, -4503.77, 26.4769, 4.93978, 0, 0, 0.62232, -0.782763, 300, 0, 1, '', 0, '[HLBGTest copy from gameobject 2135621]'),
    (5715231, 189997, 1411, 47, 6738, 1, 4294967295, -107.634, -4504.99, 26.849, 5.27751, 0, 0, 0.481914, -0.876219, 300, 0, 1, '', 0, '[HLBGTest copy from gameobject 2135622]'),
    (5715232, 189997, 1411, 47, 6738, 1, 4294967295, -110.232, -4506.37, 26.8277, 5.14399, 0, 0, 0.539293, -0.842118, 300, 0, 1, '', 0, '[HLBGTest copy from gameobject 2135623]'),
    (5715233, 194849, 1411, 47, 6738, 1, 4294967295, -110.463, -4504.61, 26.0848, 5.23731, 0, 0, 0.499427, -0.866356, 300, 0, 1, '', 0, '[HLBGTest copy from gameobject 2135625]'),
    (5715234, 194849, 1411, 47, 6738, 1, 4294967295, -100.914, -4500.23, 25.5884, 5.10296, 0, 0, 0.556455, -0.830878, 300, 0, 1, '', 0, '[HLBGTest copy from gameobject 2135626]'),
    (5715235, 194849, 1411, 47, 6738, 1, 4294967295, -99.1009, -4497.84, 30.6441, 5.319, 0, 0, 0.463634, -0.886027, 300, 0, 1, '', 0, '[HLBGTest copy from gameobject 2135627]'),
    (5715236, 194849, 1411, 47, 6738, 1, 4294967295, -110.533, -4502.96, 29.9692, 5.24753, 0, 0, 0.494994, -0.868897, 300, 0, 1, '', 0, '[HLBGTest copy from gameobject 2135628]'),
    (5715237, 189997, 1411, 47, 6738, 1, 4294967295, -117.745, -4508.07, 30.0194, 5.67322, 0, 0, 0.300277, -0.953852, 300, 0, 1, '', 0, '[HLBGTest copy from gameobject 2135629]'),
    (5715238, 189997, 1411, 47, 6738, 1, 4294967295, -117.745, -4508.07, 31.3701, 5.67322, 0, 0, 0.300277, -0.953852, 300, 0, 1, '', 0, '[HLBGTest copy from gameobject 2135630]'),
    (5715239, 189997, 1411, 47, 6738, 1, 4294967295, -117.745, -4508.07, 32.7209, 5.67322, 0, 0, 0.300277, -0.953852, 300, 0, 1, '', 0, '[HLBGTest copy from gameobject 2135631]'),
    (5715240, 180322, 1411, 47, 6738, 1, 4294967295, -111.687, -4506.04, 28.1994, 2.15385, 0, 0, 0.880504, 0.474038, 300, 0, 1, '', 0, '[HLBGTest copy from gameobject 2135633]'),
    (5715241, 180322, 1411, 47, 6738, 1, 4294967295, -99.9542, -4500.71, 28.592, 2.13029, 0, 0, 0.874859, 0.484377, 300, 0, 1, '', 0, '[HLBGTest copy from gameobject 2135634]'),
    (5715242, 189997, 1411, 47, 6738, 1, 4294967295, -109.566, -4508.56, 24.7925, 2.13107, 0, 0, 0.875048, 0.484036, 300, 0, 1, '', 0, '[HLBGTest copy from gameobject 2135636]'),
    (5715243, 189997, 1411, 47, 6738, 1, 4294967295, -105.128, -4506.08, 24.8416, 2.15667, 0, 0, 0.881172, 0.472796, 300, 0, 1, '', 0, '[HLBGTest copy from gameobject 2135637]'),
    (5715244, 189997, 1411, 47, 6738, 1, 4294967295, -105.43, -4505.39, 26.4422, 2.1818, 0, 0, 0.887043, 0.461687, 300, 0, 1, '', 0, '[HLBGTest copy from gameobject 2135638]'),
    (5715245, 189997, 1411, 47, 6738, 1, 4294967295, -110.58, -4508.71, 26.128, 1.93954, 0, 0, 0.824756, 0.565489, 300, 0, 1, '', 0, '[HLBGTest copy from gameobject 2135639]'),
    (5715246, 189997, 1411, 47, 6738, 1, 4294967295, -99.9035, -4501.85, 28.8098, 2.12018, 0, 0, 0.872399, 0.488794, 300, 0, 1, '', 0, '[HLBGTest copy from gameobject 2135640]'),
    (5715247, 189997, 1411, 47, 6738, 1, 4294967295, -96.8655, -4499.95, 28.3024, 2.45555, 0, 0, 0.941743, 0.336334, 300, 0, 1, '', 0, '[HLBGTest copy from gameobject 2135641]'),
    (5715248, 189997, 1411, 47, 6738, 1, 4294967295, -108.87, -4507.36, 26.6936, 2.2537, 0, 0, 0.903064, 0.429507, 300, 0, 1, '', 0, '[HLBGTest copy from gameobject 2135642]'),
    (5715249, 189997, 1411, 47, 6738, 1, 4294967295, -110.308, -4508.27, 27.8983, 2.44062, 0, 0, 0.939206, 0.343355, 300, 0, 1, '', 0, '[HLBGTest copy from gameobject 2135643]'),
    (5715250, 189997, 1411, 47, 6738, 1, 4294967295, -111.884, -4507.4, 28.6107, 1.91912, 0, 0, 0.818939, 0.57388, 300, 0, 1, '', 0, '[HLBGTest copy from gameobject 2135644]'),
    (5715251, 189997, 1411, 47, 6738, 1, 4294967295, -106.176, -4505.78, 27.8424, 2.21521, 0, 0, 0.894631, 0.446805, 300, 0, 1, '', 0, '[HLBGTest copy from gameobject 2135645]'),
    (5715252, 189997, 1411, 47, 6738, 1, 4294967295, -102.79, -4504.28, 27.3853, 2.30475, 0, 0, 0.913732, 0.406318, 300, 0, 1, '', 0, '[HLBGTest copy from gameobject 2135646]'),
    (5715253, 189997, 1411, 47, 6738, 1, 4294967295, -103.211, -4503.92, 28.2362, 2.3591, 0, 0, 0.924435, 0.381341, 300, 0, 1, '', 0, '[HLBGTest copy from gameobject 2135647]'),
    (5715254, 180322, 1411, 47, 6738, 1, 4294967295, -120.326, -4494.97, 28.6051, 0.242662, 0, 0, 0.121034, 0.992648, 300, 0, 1, '', 0, '[HLBGTest copy from gameobject 2135648]'),
    (5715255, 189997, 1411, 47, 6738, 1, 4294967295, -120.004, -4500.46, 26.6194, 6.26351, 0, 0, 0.00983738, -0.999952, 300, 0, 1, '', 0, '[HLBGTest copy from gameobject 2135649]'),
    (5715256, 189997, 1411, 47, 6738, 1, 4294967295, -119.34, -4503.4, 27.8107, 0.242649, 0, 0, 0.121027, 0.992649, 300, 0, 1, '', 0, '[HLBGTest copy from gameobject 2135650]'),
    (5715257, 189997, 1411, 47, 6738, 1, 4294967295, -121.986, -4497.72, 27.3554, 0.239308, 0, 0, 0.119369, 0.99285, 300, 0, 1, '', 0, '[HLBGTest copy from gameobject 2135652]'),
    (5715258, 189997, 1411, 47, 6738, 1, 4294967295, -120.771, -4497.38, 28.1147, 0.270724, 0, 0, 0.134949, 0.990853, 300, 0, 1, '', 0, '[HLBGTest copy from gameobject 2135653]'),
    (5715259, 189997, 1411, 47, 6738, 1, 4294967295, -121.48, -4500.29, 28.5268, 0.351609, 0, 0, 0.1749, 0.984586, 300, 0, 1, '', 0, '[HLBGTest copy from gameobject 2135654]'),
    (5715260, 180322, 1411, 47, 6738, 1, 4294967295, -125.095, -4491.03, 30.1903, 4.19443, 0, 0, 0.864612, -0.50244, 300, 0, 1, '', 0, '[HLBGTest copy from gameobject 2135682]'),
    (5715261, 180322, 1411, 47, 6738, 1, 4294967295, -113.637, -4664.01, 1.05295, 1.36796, 0, 0, 0.631883, 0.775064, 300, 0, 1, '', 0, '[HLBGTest copy from gameobject 2135683]'),
    (5715262, 180322, 1411, 47, 6738, 1, 4294967295, -102.357, -4667.91, 0.570496, 1.28785, 0, 0, 0.600339, 0.799746, 300, 0, 1, '', 0, '[HLBGTest copy from gameobject 2135684]'),
    (5715263, 180322, 1411, 47, 6738, 1, 4294967295, -90.9984, -4673.29, 0.995398, 1.07107, 0, 0, 0.510301, 0.859996, 300, 0, 1, '', 0, '[HLBGTest copy from gameobject 2135685]'),
    (5715264, 180322, 1411, 47, 6738, 1, 4294967295, -71.682, -4682.44, 1.0934, 1.33653, 0, 0, 0.619625, 0.784898, 300, 0, 1, '', 0, '[HLBGTest copy from gameobject 2135686]'),
    (5715265, 180322, 1411, 47, 6738, 1, 4294967295, -53.0541, -4687.64, 0.774669, 1.36481, 0, 0, 0.630661, 0.776058, 300, 0, 1, '', 0, '[HLBGTest copy from gameobject 2135687]'),
    (5715266, 180322, 1411, 47, 6738, 1, 4294967295, -44.1462, -4692.2, 0.735607, 1.26507, 0, 0, 0.591191, 0.806531, 300, 0, 1, '', 0, '[HLBGTest copy from gameobject 2135688]'),
    (5715267, 180322, 1411, 47, 6738, 1, 4294967295, -37.6272, -4695.94, 0.965507, 0.99961, 0, 0, 0.479254, 0.877676, 300, 0, 1, '', 0, '[HLBGTest copy from gameobject 2135689]'),
    (5715268, 180322, 1411, 47, 6738, 1, 4294967295, -30.5772, -4702.87, 0.535362, 0.76792, 0, 0, 0.374595, 0.927189, 300, 0, 1, '', 0, '[HLBGTest copy from gameobject 2135690]'),
    (5715269, 180322, 1411, 47, 6738, 1, 4294967295, -18.5035, -4714.1, 1.18949, 1.02467, 0, 0, 0.490214, 0.871602, 300, 0, 1, '', 0, '[HLBGTest copy from gameobject 2135691]'),
    (5715270, 180322, 1411, 47, 6738, 1, 4294967295, -0.996107, -4725.8, 0.486105, 0.923362, 0, 0, 0.445454, 0.895305, 300, 0, 1, '', 0, '[HLBGTest copy from gameobject 2135692]'),
    (5715271, 180322, 1411, 47, 6738, 1, 4294967295, 15.9015, -4736.34, 0.634142, 1.21632, 0, 0, 0.571358, 0.820701, 300, 0, 1, '', 0, '[HLBGTest copy from gameobject 2135693]'),
    (5715272, 180322, 1411, 47, 6738, 1, 4294967295, 28.0414, -4742.47, 0.430945, 1.33727, 0, 0, 0.619915, 0.784669, 300, 0, 1, '', 0, '[HLBGTest copy from gameobject 2135694]'),
    (5715273, 180322, 1411, 47, 6738, 1, 4294967295, 43.5613, -4743.1, 0.112571, 1.76507, 0, 0, 0.772352, 0.635195, 300, 0, 1, '', 0, '[HLBGTest copy from gameobject 2135695]'),
    (5715274, 180322, 1411, 47, 6738, 1, 4294967295, 61.3518, -4739.55, 0.0704146, 1.72266, 0, 0, 0.75871, 0.651429, 300, 0, 1, '', 0, '[HLBGTest copy from gameobject 2135696]'),
    (5715275, 180322, 1411, 47, 6738, 1, 4294967295, 73.5088, -4739.34, 0.646188, 1.77057, 0, 0, 0.774095, 0.633069, 300, 0, 1, '', 0, '[HLBGTest copy from gameobject 2135697]'),
    (5715276, 180322, 1411, 47, 6738, 1, 4294967295, 83.3225, -4739.25, 0.826587, 1.62842, 0, 0, 0.727184, 0.686443, 300, 0, 1, '', 0, '[HLBGTest copy from gameobject 2135698]'),
    (5715277, 180322, 1411, 47, 6738, 1, 4294967295, 94.6651, -4740.5, -0.125755, 1.39119, 0, 0, 0.640842, 0.767673, 300, 0, 1, '', 0, '[HLBGTest copy from gameobject 2135699]'),
    (5715278, 180322, 1411, 47, 6738, 1, 4294967295, 109.216, -4744.4, -0.337135, 1.37864, 0, 0, 0.636013, 0.771679, 300, 0, 1, '', 0, '[HLBGTest copy from gameobject 2135700]'),
    (5715279, 180322, 1411, 47, 6738, 1, 4294967295, 115.475, -4749.12, -0.399487, 1.08485, 0, 0, 0.516214, 0.856459, 300, 0, 1, '', 0, '[HLBGTest copy from gameobject 2135701]'),
    (5715280, 180322, 1411, 47, 6738, 1, 4294967295, 127.736, -4753.29, -0.121008, 1.82705, 0, 0, 0.791662, 0.610959, 300, 0, 1, '', 0, '[HLBGTest copy from gameobject 2135702]'),
    (5715281, 180322, 1411, 47, 6738, 1, 4294967295, 146.791, -4747.44, -0.72638, 1.71238, 0, 0, 0.755351, 0.65532, 300, 0, 1, '', 0, '[HLBGTest copy from gameobject 2135703]'),
    (5715282, 180322, 1411, 47, 6738, 1, 4294967295, 163.191, -4746.16, -0.466426, 1.77835, 0, 0, 0.776552, 0.630053, 300, 0, 1, '', 0, '[HLBGTest copy from gameobject 2135704]'),
    (5715283, 180322, 1411, 47, 6738, 1, 4294967295, 183.384, -4741.34, -0.564456, 2.00062, 0, 0, 0.841638, 0.540041, 300, 0, 1, '', 0, '[HLBGTest copy from gameobject 2135705]'),
    (5715284, 180322, 1411, 47, 6738, 1, 4294967295, 197.007, -4737, -0.75868, 2.15299, 0, 0, 0.8803, 0.474417, 300, 0, 1, '', 0, '[HLBGTest copy from gameobject 2135706]'),
    (5715285, 180322, 1411, 47, 6738, 1, 4294967295, 215.565, -4720.16, -0.770892, 2.47815, 0, 0, 0.945483, 0.325671, 300, 0, 1, '', 0, '[HLBGTest copy from gameobject 2135707]'),
    (5715286, 180322, 1411, 47, 6738, 1, 4294967295, 224.47, -4710.56, -0.00949537, 2.44046, 0, 0, 0.939178, 0.34343, 300, 0, 1, '', 0, '[HLBGTest copy from gameobject 2135708]'),
    (5715287, 180322, 1411, 47, 6738, 1, 4294967295, 226.314, -4704.35, 3.45561, 3.52038, 0, 0, 0.982119, -0.188263, 300, 0, 1, '', 0, '[HLBGTest copy from gameobject 2135709]'),
    (5715288, 180322, 1411, 47, 6738, 1, 4294967295, -131.585, -4660.08, -0.584173, 1.31106, 0, 0, 0.609579, 0.792725, 300, 0, 1, '', 0, '[HLBGTest copy from gameobject 2135710]'),
    (5715289, 180322, 1411, 47, 6738, 1, 4294967295, -148.959, -4652.08, -0.442697, 1.00004, 0, 0, 0.479443, 0.877573, 300, 0, 1, '', 0, '[HLBGTest copy from gameobject 2135711]'),
    (5715290, 180322, 1411, 47, 6738, 1, 4294967295, -163.333, -4640.39, -1.28593, 0.723577, 0, 0, 0.353948, 0.935265, 300, 0, 1, '', 0, '[HLBGTest copy from gameobject 2135712]'),
    (5715291, 180322, 1411, 47, 6738, 1, 4294967295, -173.282, -4630.61, -0.887697, 0.90265, 0, 0, 0.436158, 0.89987, 300, 0, 1, '', 0, '[HLBGTest copy from gameobject 2135713]'),
    (5715292, 180322, 1411, 47, 6738, 1, 4294967295, -191.92, -4618.7, -1.5372, 1.14134, 0, 0, 0.540196, 0.841539, 300, 0, 1, '', 0, '[HLBGTest copy from gameobject 2135714]'),
    (5715293, 180322, 1411, 47, 6738, 1, 4294967295, -204.291, -4614.15, -0.5567, 1.33376, 0, 0, 0.618537, 0.785755, 300, 0, 1, '', 0, '[HLBGTest copy from gameobject 2135715]'),
    (5715294, 180322, 1411, 47, 6738, 1, 4294967295, -228.855, -4611.91, -1.026, 1.69557, 0, 0, 0.749817, 0.661646, 300, 0, 1, '', 0, '[HLBGTest copy from gameobject 2135716]'),
    (5715295, 180322, 1411, 47, 6738, 1, 4294967295, -251.309, -4610.62, -1.3356, 1.18506, 0, 0, 0.558462, 0.82953, 300, 0, 1, '', 0, '[HLBGTest copy from gameobject 2135717]'),
    (5715296, 180322, 1411, 47, 6738, 1, 4294967295, -271.363, -4608.69, -1.70276, 2.08121, 0, 0, 0.86271, 0.505698, 300, 0, 1, '', 0, '[HLBGTest copy from gameobject 2135718]'),
    (5715297, 180322, 1411, 47, 6738, 1, 4294967295, -281.342, -4620.57, -1.0473, 2.82263, 0, 0, 0.98731, 0.158806, 300, 0, 1, '', 0, '[HLBGTest copy from gameobject 2135719]'),
    (5715298, 180322, 1411, 47, 6738, 1, 4294967295, -288.436, -4639.81, -1.33005, 2.74016, 0, 0, 0.979924, 0.199371, 300, 0, 1, '', 0, '[HLBGTest copy from gameobject 2135720]'),
    (5715299, 180322, 1411, 47, 6738, 1, 4294967295, -302.964, -4655.53, -1.22891, 1.85291, 0, 0, 0.799496, 0.600672, 300, 0, 1, '', 0, '[HLBGTest copy from gameobject 2135721]'),
    (5715300, 180322, 1411, 47, 6738, 1, 4294967295, -322.922, -4661.13, -1.71683, 1.82385, 0, 0, 0.790684, 0.612225, 300, 0, 1, '', 0, '[HLBGTest copy from gameobject 2135722]'),
    (5715301, 180322, 1411, 47, 6738, 1, 4294967295, -343.823, -4661.21, -1.46742, 1.43441, 0, 0, 0.657281, 0.753646, 300, 0, 1, '', 0, '[HLBGTest copy from gameobject 2135723]'),
    (5715302, 180322, 1411, 47, 6738, 1, 4294967295, -361.149, -4654.67, -0.773771, 1.05663, 0, 0, 0.504079, 0.863658, 300, 0, 1, '', 0, '[HLBGTest copy from gameobject 2135724]'),
    (5715303, 180322, 1411, 47, 6738, 1, 4294967295, -373.46, -4640.41, -2.31986, 0.231965, 0, 0, 0.115723, 0.993282, 300, 0, 1, '', 0, '[HLBGTest copy from gameobject 2135725]'),
    (5715304, 180322, 1411, 47, 6738, 1, 4294967295, -376.999, -4624.41, -2.16647, 0.0893236, 0, 0, 0.044647, 0.999003, 300, 0, 1, '', 0, '[HLBGTest copy from gameobject 2135726]'),
    (5715305, 180322, 1411, 47, 6738, 1, 4294967295, -374.912, -4605.88, -1.86842, 6.10547, 0, 0, 0.0887407, -0.996055, 300, 0, 1, '', 0, '[HLBGTest copy from gameobject 2135727]'),
    (5715306, 180322, 1411, 47, 6738, 1, 4294967295, -368.122, -4582.74, -1.6244, 6.08742, 0, 0, 0.0977264, -0.995213, 300, 0, 1, '', 0, '[HLBGTest copy from gameobject 2135728]'),
    (5715307, 180322, 1411, 47, 6738, 1, 4294967295, -365.38, -4558.29, -2.28702, 0.0021626, 0, 0, 0.0010813, 0.999999, 300, 0, 1, '', 0, '[HLBGTest copy from gameobject 2135729]'),
    (5715308, 180322, 1411, 47, 6738, 1, 4294967295, -372.354, -4537.5, -1.62095, 0.83863, 0, 0, 0.407135, 0.913368, 300, 0, 1, '', 0, '[HLBGTest copy from gameobject 2135730]'),
    (5715309, 180322, 1411, 47, 6738, 1, 4294967295, -388.998, -4530.01, -1.83129, 1.67116, 0, 0, 0.741686, 0.670748, 300, 0, 1, '', 0, '[HLBGTest copy from gameobject 2135731]'),
    (5715310, 180322, 1411, 47, 6738, 1, 4294967295, -407.324, -4534.88, -2.14955, 2.10048, 0, 0, 0.867543, 0.497363, 300, 0, 1, '', 0, '[HLBGTest copy from gameobject 2135732]'),
    (5715311, 180322, 1411, 47, 6738, 1, 4294967295, -424.494, -4547.61, -2.06741, 2.14174, 0, 0, 0.877618, 0.479361, 300, 0, 1, '', 0, '[HLBGTest copy from gameobject 2135733]'),
    (5715312, 180322, 1411, 47, 6738, 1, 4294967295, -445.489, -4557.03, -1.78588, 2.18939, 0, 0, 0.888788, 0.458318, 300, 0, 1, '', 0, '[HLBGTest copy from gameobject 2135734]'),
    (5715313, 180322, 1411, 47, 6738, 1, 4294967295, -454.333, -4565.76, -2.60497, 2.54282, 0, 0, 0.955518, 0.294934, 300, 0, 1, '', 0, '[HLBGTest copy from gameobject 2135735]'),
    (5715314, 180322, 1411, 47, 6738, 1, 4294967295, -458.53, -4585.62, -2.16803, 3.04704, 0, 0, 0.998883, 0.0472587, 300, 0, 1, '', 0, '[HLBGTest copy from gameobject 2135736]'),
    (5715315, 180322, 1411, 47, 6738, 1, 4294967295, -467.666, -4605.02, -2.18069, 2.32055, 0, 0, 0.916913, 0.399087, 300, 0, 1, '', 0, '[HLBGTest copy from gameobject 2135737]'),
    (5715316, 180322, 1411, 47, 6738, 1, 4294967295, -481.207, -4617.81, -2.14138, 2.30955, 0, 0, 0.914704, 0.404124, 300, 0, 1, '', 0, '[HLBGTest copy from gameobject 2135738]'),
    (5715317, 180322, 1411, 47, 6738, 1, 4294967295, -499.401, -4627.32, -1.57164, 1.62626, 0, 0, 0.726442, 0.687228, 300, 0, 1, '', 0, '[HLBGTest copy from gameobject 2135739]'),
    (5715318, 180322, 1411, 47, 6738, 1, 4294967295, -511.801, -4625.54, -2.14976, 0.846356, 0, 0, 0.41066, 0.911788, 300, 0, 1, '', 0, '[HLBGTest copy from gameobject 2135740]'),
    (5715319, 194839, 1411, 47, 6738, 1, 4294967295, 17.872, -4719.48, 5.21089, 1.29436, -0, -0, 0.602939, 0.797787, 300, 0, 1, '', NULL, '[HLBGTest copy from gameobject 2135744]'),
    (5715320, 194839, 1411, 47, 6738, 1, 4294967295, -1.03245, -4709.5, 5.22192, 1.06267, -0, -0, 0.506685, 0.862131, 300, 0, 1, '', NULL, '[HLBGTest copy from gameobject 2135745]'),
    (5715321, 193163, 1411, 47, 6738, 1, 4294967295, 30.1881, -4716.48, 8.93391, 5.57367, 0, 0, 0.347363, -0.937731, 300, 0, 1, '', 0, '[HLBGTest copy from gameobject 2135747]'),
    (5715322, 193163, 1411, 47, 6738, 1, 4294967295, 6.26794, -4716.88, 4.90297, 3.79082, 0, 0, 0.947774, -0.318943, 300, 0, 1, '', 0, '[HLBGTest copy from gameobject 2135748]'),
    (5715323, 194839, 1411, 47, 6738, 1, 4294967295, -308.242, -4488.63, 11.9624, 1.2632, -0, -0, 0.590437, 0.807084, 300, 0, 1, '', NULL, '[HLBGTest copy from gameobject 2135820]'),
    (5715324, 194839, 1411, 47, 6738, 1, 4294967295, -207.012, -4551.64, 11.608, 0.0105272, 0, 0, 0.00526358, 0.999986, 300, 0, 1, '', 0, '[HLBGTest copy from gameobject 2135821]'),
    (5715325, 194839, 1411, 47, 6738, 1, 4294967295, -157.869, -4500.83, 10.5484, 4.27602, -0, -0, 0.843401, -0.537284, 300, 0, 1, '', NULL, '[HLBGTest copy from gameobject 2135822]'),
    (5715326, 193456, 1411, 47, 6738, 1, 4294967295, -205.736, -4551.75, 11.6273, 3.13094, 0, 0, 0.999986, 0.00532632, 300, 0, 1, '', 0, '[HLBGTest copy from gameobject 2135826]'),
    (5715327, 193456, 1411, 47, 6738, 1, 4294967295, -158.558, -4502.27, 10.6218, 1.03392, -0, -0, 0.49424, 0.869326, 300, 0, 1, '', NULL, '[HLBGTest copy from gameobject 2135827]'),
    (5715328, 193456, 1411, 47, 6738, 1, 4294967295, -307.199, -4486.73, 11.9803, 4.28154, -0, -0, 0.841915, -0.53961, 300, 0, 1, '', NULL, '[HLBGTest copy from gameobject 2135828]'),
    (5715329, 193803, 1411, 47, 6738, 1, 4294967295, -346.358, -4453.26, 11.9227, 3.32727, -0, -0, 0.995694, -0.0927054, 300, 0, 1, '', NULL, '[HLBGTest copy from gameobject 2135829]'),
    (5715330, 193803, 1411, 47, 6738, 1, 4294967295, -172.109, -4536.43, 11.0078, 5.64803, -0, -0, 0.312266, -0.949995, 300, 0, 1, '', NULL, '[HLBGTest copy from gameobject 2135833]'),
    (5715331, 193456, 1411, 47, 6738, 1, 4294967295, -172.109, -4536.43, 11.7578, 3.10413, 0, 0, 0.999825, 0.0187302, 300, 0, 1, '', 0, '[HLBGTest copy from gameobject 2135835]'),
    (5715332, 193456, 1411, 47, 6738, 1, 4294967295, -347.221, -4453.74, 15.8875, 0.239738, 0, 0, 0.119582, 0.992824, 300, 0, 1, '', 0, '[HLBGTest copy from gameobject 2135836]'),
    (5715333, 193456, 1411, 47, 6738, 1, 4294967295, -312.24, -4487.03, 11.6412, 0.708642, -0, -0, 0.346954, 0.937882, 300, 0, 1, '', NULL, '[HLBGTest copy from gameobject 2135837]'),
    (5715334, 193456, 1411, 47, 6738, 1, 4294967295, -165.312, -4501.34, 11.1103, 0.137641, -0, -0, 0.0687662, 0.997633, 300, 0, 1, '', NULL, '[HLBGTest copy from gameobject 2135838]'),
    (5715335, 193456, 1411, 47, 6738, 1, 4294967295, -201.745, -4549.14, 11.7976, 3.18265, 0, 0, 0.999789, -0.0205273, 300, 0, 1, '', 0, '[HLBGTest copy from gameobject 2135839]'),
    (5715336, 194849, 1411, 47, 6738, 1, 4294967295, 12.3249, -4632.77, 12.1821, 2.70984, -0, -0, 0.976789, 0.214203, 300, 0, 1, '', NULL, '[HLBGTest copy from gameobject 2135840]'),
    (5715337, 194849, 1411, 47, 6738, 1, 4294967295, 5.85635, -4643.68, 12.2811, 2.49076, -0, -0, 0.947518, 0.319703, 300, 0, 1, '', NULL, '[HLBGTest copy from gameobject 2135841]'),
    (5715338, 194849, 1411, 47, 6738, 1, 4294967295, -18.2281, -4676.07, 9.9877, 2.38129, -0, -0, 0.928609, 0.371061, 300, 0, 1, '', NULL, '[HLBGTest copy from gameobject 2135843]'),
    (5715339, 194849, 1411, 47, 6738, 1, 4294967295, -10.4239, -4666.05, 10.8993, 2.53304, -0, -0, 0.954064, 0.299603, 300, 0, 1, '', NULL, '[HLBGTest copy from gameobject 2135844]'),
    (5715340, 194849, 1411, 47, 6738, 1, 4294967295, -25.4297, -4685.37, 8.24885, 2.48564, -0, -0, 0.946696, 0.322128, 300, 0, 1, '', NULL, '[HLBGTest copy from gameobject 2135845]'),
    (5715341, 194849, 1411, 47, 6738, 1, 4294967295, -33.1794, -4694.69, 5.4573, 2.41968, -0, -0, 0.93556, 0.353169, 300, 0, 1, '', NULL, '[HLBGTest copy from gameobject 2135846]'),
    (5715342, 194839, 1411, 47, 6738, 1, 4294967295, -19.2152, -4699.57, 6.03036, 0.688391, -0, -0, 0.337439, 0.941347, 300, 0, 1, '', NULL, '[HLBGTest copy from gameobject 2135847]'),
    (5715343, 193163, 1411, 47, 6738, 1, 4294967295, -112.433, -4532.78, 11.4866, 2.90768, -0, -0, 0.993168, 0.11669, 300, 0, 1, '', NULL, '[HLBGTest copy from gameobject 2135850]'),
    (5715344, 193163, 1411, 47, 6738, 1, 4294967295, -152.362, -4508.14, 9.63368, 3.598, -0, -0, 0.974074, -0.226228, 300, 0, 1, '', NULL, '[HLBGTest copy from gameobject 2135851]'),
    (5715345, 193163, 1411, 47, 6738, 1, 4294967295, -207.661, -4542.02, 11.4815, 0.613489, 0, 0, 0.301957, 0.953322, 300, 0, 1, '', 0, '[HLBGTest copy from gameobject 2135852]'),
    (5715346, 193163, 1411, 47, 6738, 1, 4294967295, -311.231, -4496.16, 12.2795, 3.01132, -0, -0, 0.997879, 0.0650902, 300, 0, 1, '', NULL, '[HLBGTest copy from gameobject 2135853]'),
    (5715347, 193163, 1411, 47, 6738, 1, 4294967295, -616.326, -4625.38, 9.2181, 0.337814, 0, 0, 0.168105, 0.985769, 300, 0, 1, '', 0, '[HLBGTest copy from gameobject 2135854]'),
    (5715348, 193163, 1411, 47, 6738, 1, 4294967295, -645.858, -4708.15, 4.87579, 4.21532, 0, 0, 0.859317, -0.511443, 300, 0, 1, '', 0, '[HLBGTest copy from gameobject 2135855]'),
    (5715349, 113531, 1411, 47, 6738, 1, 4294967295, -527.371, -4531.45, 11.3563, 0.199724, 0, 0, 0.0996961, 0.995018, 300, 0, 1, '', 0, '[HLBGTest copy from gameobject 2135857]'),
    (5715350, 534538, 1411, 47, 6738, 1, 4294967295, -259.528, -4486.48, 12.0206, 1.4063, -0, -0, 0.646625, 0.762808, 300, 255, 1, '', NULL, '[HLBGTest copy from gameobject 5531729]'),
    (5715351, 534539, 1411, 47, 6738, 1, 4294967295, -289.315, -4550.19, 13.4157, 3.91878, -0, -0, 0.925443, -0.378887, 300, 255, 1, '', NULL, '[HLBGTest copy from gameobject 5531730]'),
    (5715352, 534540, 1411, 47, 6738, 1, 4294967295, -321.42, -4537.46, 12.1076, 2.58753, -0, -0, 0.961871, 0.273502, 300, 255, 1, '', NULL, '[HLBGTest copy from gameobject 5531731]'),
    (5715353, 538018, 1411, 47, 6738, 1, 4294967295, 57.881, -4823.77, 3.07709, 5.84859, -0, -0, 0.21559, -0.976484, 300, 255, 1, '', NULL, '[HLBGTest copy from gameobject 5531733]'),
    (5715354, 538018, 1411, 47, 6738, 1, 4294967295, 200.973, -4812.34, 1.20649, 4.39245, -0, -0, 0.810711, -0.585446, 300, 255, 1, '', NULL, '[HLBGTest copy from gameobject 5531734]'),
    (5715355, 538019, 1411, 47, 6738, 1, 4294967295, -556.185, -4734.96, -0.509112, 4.14666, -0, -0, 0.876366, -0.481646, 300, 255, 1, '', NULL, '[HLBGTest copy from gameobject 5531736]'),
    (5715356, 193456, 1411, 47, 6738, 1, 4294967295, -107.82, -4497.21, 27.2492, 5.63746, -0, -0, 0.317284, -0.948331, 300, 255, 1, '', NULL, '[HLBGTest copy from gameobject 5531762]'),
    (5715357, 193456, 1411, 47, 6738, 1, 4294967295, -116.275, -4502.18, 27.3309, 4.3981, -0, -0, 0.809056, -0.587732, 300, 255, 1, '', NULL, '[HLBGTest copy from gameobject 5531763]'),
    (5715358, 507570, 1411, 47, 6738, 1, 4294967295, 26.7075, -4724.17, 7.23981, 6.23628, -0, -0, -0.0234499, 0.999725, 300, 255, 1, '', NULL, '[HLBGTest copy from gameobject 5714787]'),
    (5715359, 4000122, 1411, 47, 6738, 1, 4294967295, 107.98, -4696.6, 10.1567, 2.16316, -0, -0, -0.882701, -0.469936, 300, 255, 1, '', NULL, '[HLBGTest copy from gameobject 5714796]'),
    (5715360, 4000122, 1411, 47, 6738, 1, 4294967295, 108.593, -4710.2, 10.7564, 1.46509, -0, -0, -0.668764, -0.743474, 300, 255, 1, '', NULL, '[HLBGTest copy from gameobject 5714797]');