-- DarkChaos Custom Pets Batch -- 42 models, 48 display variants
-- (marmosetpet x3 skins, quilinpetcelestial x4 skins, shapet x2 skins)
--
-- Client DBC requirements (append to CSV DBC files):
--   CreatureModelData.csv : 500591-500632  (42 model entries)
--   CreatureDisplayInfo.csv: 500671-500718  (48 display entries)
--   Spell.csv              : 300742-300789  (48 companion summon spells)
--
-- Sequential ID mapping (all 1:1 sequential):
--   creature_template : 3461230-3461277
--   item_template     : 300412-300459  (spell = item-300412+300742)
--   display_id        : 500671-500718
--
-- Vendor: entry 3461229 (Skeletal Petkeeper, existing), slots 2-49
--
-- NOTE: Multi-skin variants share the same model file. Texture/skin
--       differentiation needs DLL skin-index support (TODO).
--       Collection system registers them as distinct collectibles now.

-- ============================================================
-- 1. CREATURE_MODEL_INFO
-- ============================================================

DELETE FROM `creature_model_info` WHERE `DisplayID` IN (
    500671,500672,500673,500674,500675,500676,500677,500678,500679,500680,
    500681,500682,500683,500684,500685,500686,500687,500688,500689,500690,
    500691,500692,500693,500694,500695,500696,500697,500698,500699,500700,
    500701,500702,500703,500704,500705,500706,500707,500708,500709,500710,
    500711,500712,500713,500714,500715,500716,500717,500718
);

INSERT INTO `creature_model_info`
    (`DisplayID`,`BoundingRadius`,`CombatReach`,`Gender`,`DisplayID_Other_Gender`,`VerifiedBuild`)
VALUES
(500671,0.30,0.60,2,0,0),(500672,0.25,0.50,2,0,0),(500673,0.25,0.50,2,0,0),
(500674,0.30,0.60,2,0,0),(500675,0.30,0.60,2,0,0),(500676,0.25,0.50,2,0,0),
(500677,0.20,0.40,2,0,0),(500678,0.20,0.40,2,0,0),(500679,0.20,0.40,2,0,0),
(500680,0.25,0.50,2,0,0),(500681,0.30,0.60,2,0,0),(500682,0.30,0.60,2,0,0),
(500683,0.25,0.50,2,0,0),(500684,0.20,0.40,2,0,0),(500685,0.30,0.60,2,0,0),
(500686,0.35,0.70,2,0,0),(500687,0.20,0.40,2,0,0),(500688,0.25,0.50,2,0,0),
(500689,0.35,0.70,2,0,0),
-- marmoset x3 (same model bounds)
(500690,0.20,0.40,2,0,0),(500691,0.20,0.40,2,0,0),(500692,0.20,0.40,2,0,0),
(500693,0.30,0.60,2,0,0),(500694,0.25,0.50,2,0,0),(500695,0.25,0.50,2,0,0),
(500696,0.30,0.60,2,0,0),(500697,0.25,0.50,2,0,0),(500698,0.30,0.60,2,0,0),
(500699,0.30,0.60,2,0,0),(500700,0.25,0.50,2,0,0),(500701,0.30,0.60,2,0,0),
-- quilin x4 (same model bounds)
(500702,0.35,0.70,2,0,0),(500703,0.35,0.70,2,0,0),(500704,0.35,0.70,2,0,0),(500705,0.35,0.70,2,0,0),
(500706,0.25,0.50,2,0,0),
-- sha x2 (same model bounds)
(500707,0.35,0.70,2,0,0),(500708,0.35,0.70,2,0,0),
(500709,0.30,0.60,2,0,0),(500710,0.20,0.40,2,0,0),(500711,0.25,0.50,2,0,0),
(500712,0.35,0.70,2,0,0),(500713,0.25,0.50,2,0,0),(500714,0.25,0.50,2,0,0),
(500715,0.30,0.60,2,0,0),(500716,0.30,0.60,2,0,0),(500717,0.35,0.70,2,0,0),
(500718,0.35,0.70,2,0,0);

-- ============================================================
-- 2. CREATURE_TEMPLATE
-- type: 1=Beast 2=Undead 3=Demon 4=Elemental 7=Humanoid 9=Mechanical
-- ============================================================

DELETE FROM `creature_template` WHERE `entry` IN (
    3461230,3461231,3461232,3461233,3461234,3461235,3461236,3461237,3461238,3461239,
    3461240,3461241,3461242,3461243,3461244,3461245,3461246,3461247,3461248,3461249,
    3461250,3461251,3461252,3461253,3461254,3461255,3461256,3461257,3461258,3461259,
    3461260,3461261,3461262,3461263,3461264,3461265,3461266,3461267,3461268,3461269,
    3461270,3461271,3461272,3461273,3461274,3461275,3461276,3461277
);

DELETE FROM `creature_template_model` WHERE `CreatureID` IN (
    3461230,3461231,3461232,3461233,3461234,3461235,3461236,3461237,3461238,3461239,
    3461240,3461241,3461242,3461243,3461244,3461245,3461246,3461247,3461248,3461249,
    3461250,3461251,3461252,3461253,3461254,3461255,3461256,3461257,3461258,3461259,
    3461260,3461261,3461262,3461263,3461264,3461265,3461266,3461267,3461268,3461269,
    3461270,3461271,3461272,3461273,3461274,3461275,3461276,3461277
);

INSERT INTO `creature_template`
    (`entry`,`name`,`subname`,`minlevel`,`maxlevel`,`faction`,`speed_walk`,`speed_run`,
     `unit_class`,`type`,`AIName`,`MovementType`,`RegenHealth`,`VerifiedBuild`)
VALUES
-- #  1  300412 item / 300742 spell
(3461230,'Aether Serpent',      'Custom Companion',1,1,35,1,1.14286,1,1,'',0,1,0),
-- #  2  300413 / 300743
(3461231,'Azmeroth Murloc',     'Custom Companion',1,1,35,1,1.14286,1,7,'',0,1,0),
-- #  3  300414 / 300744
(3461232,'Baby Demon',          'Custom Companion',1,1,35,1,1.14286,1,3,'',0,1,0),
-- #  4  300415 / 300745
(3461233,'Maldraxxus Bat',      'Custom Companion',1,1,35,1,1.14286,1,2,'',0,1,0),
-- #  5  300416 / 300746
(3461234,'Revendreth Bat',      'Custom Companion',1,1,35,1,1.14286,1,2,'',0,1,0),
-- #  6  300417 / 300747
(3461235,'Primal Beaver',       'Custom Companion',1,1,35,1,1.14286,1,1,'',0,1,0),
-- #  7  300418 / 300748
(3461236,'Blood Louse',         'Custom Companion',1,1,35,1,1.14286,1,1,'',0,1,0),
-- #  8  300419 / 300749
(3461237,'Caterpillar Larva',   'Custom Companion',1,1,35,1,1.14286,1,1,'',0,1,0),
-- #  9  300420 / 300750
(3461238,'Corn Stalk',          'Custom Companion',1,1,35,1,1.14286,1,4,'',0,1,0),
-- # 10  300421 / 300751
(3461239,'Golden Dog',          'Custom Companion',1,1,35,1,1.14286,1,1,'',0,1,0),
-- # 11  300422 / 300752
(3461240,'Eye of N''Zoth',      'Custom Companion',1,1,35,1,1.14286,1,1,'',0,1,0),
-- # 12  300423 / 300753
(3461241,'Fox Wyvern',          'Custom Companion',1,1,35,1,1.14286,1,1,'',0,1,0),
-- # 13  300424 / 300754
(3461242,'Future Bot',          'Custom Companion',1,1,35,1,1.14286,1,9,'',0,1,0),
-- # 14  300425 / 300755
(3461243,'Gnome Toy',           'Custom Companion',1,1,35,1,1.14286,1,9,'',0,1,0),
-- # 15  300426 / 300756
(3461244,'Harvest Golem',       'Custom Companion',1,1,35,1,1.14286,1,4,'',0,1,0),
-- # 16  300427 / 300757
(3461245,'Kodo Calf',           'Custom Companion',1,1,35,1,1.14286,1,1,'',0,1,0),
-- # 17  300428 / 300758
(3461246,'Lunar Rabbit',        'Custom Companion',1,1,35,1,1.14286,1,1,'',0,1,0),
-- # 18  300429 / 300759
(3461247,'Magical Fish',        'Custom Companion',1,1,35,1,1.14286,1,1,'',0,1,0),
-- # 19  300430 / 300760
(3461248,'Mammoth Calf',        'Custom Companion',1,1,35,1,1.14286,1,1,'',0,1,0),
-- # 20-22  marmoset x3 (300431-300433 / 300761-300763)
(3461249,'Marmoset',            'Custom Companion',1,1,35,1,1.14286,1,1,'',0,1,0),
(3461250,'Marmoset',            'Custom Companion',1,1,35,1,1.14286,1,1,'',0,1,0),
(3461251,'Marmoset',            'Custom Companion',1,1,35,1,1.14286,1,1,'',0,1,0),
-- # 23  300434 / 300764
(3461252,'Maw Guard Pup',       'Custom Companion',1,1,35,1,1.14286,1,3,'',0,1,0),
-- # 24  300435 / 300765
(3461253,'Mechagon Construct',  'Custom Companion',1,1,35,1,1.14286,1,9,'',0,1,0),
-- # 25  300436 / 300766
(3461254,'Mummy',               'Custom Companion',1,1,35,1,1.14286,1,2,'',0,1,0),
-- # 26  300437 / 300767
(3461255,'Ogre Pup',            'Custom Companion',1,1,35,1,1.14286,1,7,'',0,1,0),
-- # 27  300438 / 300768
(3461256,'Owl',                 'Custom Companion',1,1,35,1,1.14286,1,1,'',0,1,0),
-- # 28  300439 / 300769
(3461257,'Phoenix Hatchling',   'Custom Companion',1,1,35,1,1.14286,1,4,'',0,1,0),
-- # 29  300440 / 300770
(3461258,'Pit Lord Spawn',      'Custom Companion',1,1,35,1,1.14286,1,3,'',0,1,0),
-- # 30  300441 / 300771
(3461259,'Progenitor Bot',      'Custom Companion',1,1,35,1,1.14286,1,9,'',0,1,0),
-- # 31  300442 / 300772
(3461260,'Progenitor Worm',     'Custom Companion',1,1,35,1,1.14286,1,1,'',0,1,0),
-- # 32-35  quilin x4 (300443-300446 / 300773-300776)
(3461261,'Celestial Quilin',    'Custom Companion',1,1,35,1,1.14286,1,4,'',0,1,0),
(3461262,'Celestial Quilin',    'Custom Companion',1,1,35,1,1.14286,1,4,'',0,1,0),
(3461263,'Celestial Quilin',    'Custom Companion',1,1,35,1,1.14286,1,4,'',0,1,0),
(3461264,'Celestial Quilin',    'Custom Companion',1,1,35,1,1.14286,1,4,'',0,1,0),
-- # 36  300447 / 300777
(3461265,'Goblin Companion',    'Custom Companion',1,1,35,1,1.14286,1,7,'',0,1,0),
-- # 37-38  sha x2 (300448-300449 / 300778-300779)
(3461266,'Sha Manifestation',   'Custom Companion',1,1,35,1,1.14286,1,4,'',0,1,0),
(3461267,'Sha Manifestation',   'Custom Companion',1,1,35,1,1.14286,1,4,'',0,1,0),
-- # 39  300450 / 300780
(3461268,'Sinstone Golem',      'Custom Companion',1,1,35,1,1.14286,1,4,'',0,1,0),
-- # 40  300451 / 300781
(3461269,'Skeleton Hand',       'Custom Companion',1,1,35,1,1.14286,1,2,'',0,1,0),
-- # 41  300452 / 300782
(3461270,'Skeleton Spine',      'Custom Companion',1,1,35,1,1.14286,1,2,'',0,1,0),
-- # 42  300453 / 300783
(3461271,'Storm Gryphon',       'Custom Companion',1,1,35,1,1.14286,1,1,'',0,1,0),
-- # 43  300454 / 300784
(3461272,'Survey Bot',          'Custom Companion',1,1,35,1,1.14286,1,9,'',0,1,0),
-- # 44  300455 / 300785
(3461273,'Swamp Crawler',       'Custom Companion',1,1,35,1,1.14286,1,1,'',0,1,0),
-- # 45  300456 / 300786
(3461274,'Tree Sprite',         'Custom Companion',1,1,35,1,1.14286,1,4,'',0,1,0),
-- # 46  300457 / 300787
(3461275,'Wicker Beast',        'Custom Companion',1,1,35,1,1.14286,1,4,'',0,1,0),
-- # 47  300458 / 300788
(3461276,'Winged Lion',         'Custom Companion',1,1,35,1,1.14286,1,1,'',0,1,0),
-- # 48  300459 / 300789
(3461277,'Wood Dragon',         'Custom Companion',1,1,35,1,1.14286,1,1,'',0,1,0);

-- ============================================================
-- 3. CREATURE_TEMPLATE_MODEL  (DisplayID + scale)
-- ============================================================

INSERT INTO `creature_template_model`
    (`CreatureID`,`Idx`,`CreatureDisplayID`,`DisplayScale`,`Probability`,`VerifiedBuild`)
VALUES
(3461230,0,500671,0.20,1,0),(3461231,0,500672,0.20,1,0),(3461232,0,500673,0.20,1,0),
(3461233,0,500674,0.22,1,0),(3461234,0,500675,0.22,1,0),(3461235,0,500676,0.20,1,0),
(3461236,0,500677,0.15,1,0),(3461237,0,500678,0.15,1,0),(3461238,0,500679,0.18,1,0),
(3461239,0,500680,0.20,1,0),(3461240,0,500681,0.22,1,0),(3461241,0,500682,0.22,1,0),
(3461242,0,500683,0.20,1,0),(3461243,0,500684,0.18,1,0),(3461244,0,500685,0.22,1,0),
(3461245,0,500686,0.25,1,0),(3461246,0,500687,0.18,1,0),(3461247,0,500688,0.20,1,0),
(3461248,0,500689,0.25,1,0),
-- marmoset variants: same ModelData 500610, different DisplayInfo for collection tracking
(3461249,0,500690,0.18,1,0),(3461250,0,500691,0.18,1,0),(3461251,0,500692,0.18,1,0),
(3461252,0,500693,0.22,1,0),(3461253,0,500694,0.20,1,0),(3461254,0,500695,0.20,1,0),
(3461255,0,500696,0.22,1,0),(3461256,0,500697,0.20,1,0),(3461257,0,500698,0.22,1,0),
(3461258,0,500699,0.22,1,0),(3461259,0,500700,0.20,1,0),(3461260,0,500701,0.22,1,0),
-- quilin variants
(3461261,0,500702,0.25,1,0),(3461262,0,500703,0.25,1,0),(3461263,0,500704,0.25,1,0),(3461264,0,500705,0.25,1,0),
(3461265,0,500706,0.20,1,0),
-- sha variants
(3461266,0,500707,0.25,1,0),(3461267,0,500708,0.25,1,0),
(3461268,0,500709,0.22,1,0),(3461269,0,500710,0.18,1,0),(3461270,0,500711,0.20,1,0),
(3461271,0,500712,0.25,1,0),(3461272,0,500713,0.20,1,0),(3461273,0,500714,0.20,1,0),
(3461274,0,500715,0.22,1,0),(3461275,0,500716,0.22,1,0),(3461276,0,500717,0.25,1,0),
(3461277,0,500718,0.25,1,0);

-- ============================================================
-- 4. ITEM_TEMPLATE  (companion cage items)
-- class=15 subclass=2, spellid_1=55884 (teach trigger), spellid_2=summon (trigger=6)
-- item N (300412+i) maps to spell (300742+i) and creature (3461230+i) sequentially
-- Quality: 2=Uncommon 3=Rare 4=Epic 5=Legendary
-- ============================================================

DELETE FROM `item_template` WHERE `entry` IN (
    300412,300413,300414,300415,300416,300417,300418,300419,300420,300421,
    300422,300423,300424,300425,300426,300427,300428,300429,300430,300431,
    300432,300433,300434,300435,300436,300437,300438,300439,300440,300441,
    300442,300443,300444,300445,300446,300447,300448,300449,300450,300451,
    300452,300453,300454,300455,300456,300457,300458,300459
);

INSERT INTO `item_template`
    (`entry`,`class`,`subclass`,`SoundOverrideSubclass`,`name`,`displayid`,`Quality`,
     `Flags`,`FlagsExtra`,`BuyCount`,`BuyPrice`,`SellPrice`,`InventoryType`,
     `Material`,`AllowableClass`,`AllowableRace`,`ItemLevel`,`RequiredLevel`,`maxcount`,
     `stackable`,`ContainerSlots`,`spellid_1`,`spelltrigger_1`,`spellcharges_1`,
     `spellppmRate_1`,`spellcooldown_1`,`spellcategory_1`,`spellcategorycooldown_1`,
     `spellid_2`,`spelltrigger_2`,`spellcharges_2`,`spellppmRate_2`,
     `spellcooldown_2`,`spellcategory_2`,`spellcategorycooldown_2`,
     `bonding`,`description`,`RequiredDisenchantSkill`,
     `duration`,`ScriptName`,`DisenchantID`,`FoodType`,`minMoneyLoot`,
     `maxMoneyLoot`,`flagsCustom`,`VerifiedBuild`)
VALUES
-- # 1  Aether Serpent  Rare
(300412,15,2,-1,'Cage of the Aether Serpent',68747,3,0,0,1,0,0,0,4,-1,-1,40,1,1,1,0,55884,0,-1,0,-1,330,3000,300742,6,0,0,-1,0,-1,0,'Teaches you how to summon this companion.',-1,0,'',0,0,0,0,0,0),
-- # 2  Azmeroth Murloc  Rare
(300413,15,2,-1,'Cage of the Azmeroth Murloc',68747,3,0,0,1,0,0,0,4,-1,-1,40,1,1,1,0,55884,0,-1,0,-1,330,3000,300743,6,0,0,-1,0,-1,0,'Teaches you how to summon this companion.',-1,0,'',0,0,0,0,0,0),
-- # 3  Baby Demon  Epic
(300414,15,2,-1,'Cage of the Baby Demon',68747,4,0,0,1,0,0,0,4,-1,-1,40,1,1,1,0,55884,0,-1,0,-1,330,3000,300744,6,0,0,-1,0,-1,0,'Teaches you how to summon this companion.',-1,0,'',0,0,0,0,0,0),
-- # 4  Maldraxxus Bat  Uncommon
(300415,15,2,-1,'Cage of the Maldraxxus Bat',68747,2,0,0,1,0,0,0,4,-1,-1,40,1,1,1,0,55884,0,-1,0,-1,330,3000,300745,6,0,0,-1,0,-1,0,'Teaches you how to summon this companion.',-1,0,'',0,0,0,0,0,0),
-- # 5  Revendreth Bat  Uncommon
(300416,15,2,-1,'Cage of the Revendreth Bat',68747,2,0,0,1,0,0,0,4,-1,-1,40,1,1,1,0,55884,0,-1,0,-1,330,3000,300746,6,0,0,-1,0,-1,0,'Teaches you how to summon this companion.',-1,0,'',0,0,0,0,0,0),
-- # 6  Primal Beaver  Uncommon
(300417,15,2,-1,'Cage of the Primal Beaver',68747,2,0,0,1,0,0,0,4,-1,-1,40,1,1,1,0,55884,0,-1,0,-1,330,3000,300747,6,0,0,-1,0,-1,0,'Teaches you how to summon this companion.',-1,0,'',0,0,0,0,0,0),
-- # 7  Blood Louse  Uncommon
(300418,15,2,-1,'Cage of the Blood Louse',68747,2,0,0,1,0,0,0,4,-1,-1,40,1,1,1,0,55884,0,-1,0,-1,330,3000,300748,6,0,0,-1,0,-1,0,'Teaches you how to summon this companion.',-1,0,'',0,0,0,0,0,0),
-- # 8  Caterpillar Larva  Uncommon
(300419,15,2,-1,'Cage of the Caterpillar Larva',68747,2,0,0,1,0,0,0,4,-1,-1,40,1,1,1,0,55884,0,-1,0,-1,330,3000,300749,6,0,0,-1,0,-1,0,'Teaches you how to summon this companion.',-1,0,'',0,0,0,0,0,0),
-- # 9  Corn Stalk  Uncommon
(300420,15,2,-1,'Cage of the Corn Stalk',68747,2,0,0,1,0,0,0,4,-1,-1,40,1,1,1,0,55884,0,-1,0,-1,330,3000,300750,6,0,0,-1,0,-1,0,'Teaches you how to summon this companion.',-1,0,'',0,0,0,0,0,0),
-- # 10  Golden Dog  Rare
(300421,15,2,-1,'Cage of the Golden Dog',68747,3,0,0,1,0,0,0,4,-1,-1,40,1,1,1,0,55884,0,-1,0,-1,330,3000,300751,6,0,0,-1,0,-1,0,'Teaches you how to summon this companion.',-1,0,'',0,0,0,0,0,0),
-- # 11  Eye of N'Zoth  Epic
(300422,15,2,-1,'Eye of N''Zoth',68747,4,0,0,1,0,0,0,4,-1,-1,40,1,1,1,0,55884,0,-1,0,-1,330,3000,300752,6,0,0,-1,0,-1,0,'Teaches you how to summon this companion.',-1,0,'',0,0,0,0,0,0),
-- # 12  Fox Wyvern  Rare
(300423,15,2,-1,'Cage of the Fox Wyvern',68747,3,0,0,1,0,0,0,4,-1,-1,40,1,1,1,0,55884,0,-1,0,-1,330,3000,300753,6,0,0,-1,0,-1,0,'Teaches you how to summon this companion.',-1,0,'',0,0,0,0,0,0),
-- # 13  Future Bot  Rare
(300424,15,2,-1,'Cage of the Future Bot',68747,3,0,0,1,0,0,0,4,-1,-1,40,1,1,1,0,55884,0,-1,0,-1,330,3000,300754,6,0,0,-1,0,-1,0,'Teaches you how to summon this companion.',-1,0,'',0,0,0,0,0,0),
-- # 14  Gnome Toy  Uncommon
(300425,15,2,-1,'Cage of the Gnome Toy',68747,2,0,0,1,0,0,0,4,-1,-1,40,1,1,1,0,55884,0,-1,0,-1,330,3000,300755,6,0,0,-1,0,-1,0,'Teaches you how to summon this companion.',-1,0,'',0,0,0,0,0,0),
-- # 15  Harvest Golem  Uncommon
(300426,15,2,-1,'Cage of the Harvest Golem',68747,2,0,0,1,0,0,0,4,-1,-1,40,1,1,1,0,55884,0,-1,0,-1,330,3000,300756,6,0,0,-1,0,-1,0,'Teaches you how to summon this companion.',-1,0,'',0,0,0,0,0,0),
-- # 16  Kodo Calf  Uncommon
(300427,15,2,-1,'Cage of the Kodo Calf',68747,2,0,0,1,0,0,0,4,-1,-1,40,1,1,1,0,55884,0,-1,0,-1,330,3000,300757,6,0,0,-1,0,-1,0,'Teaches you how to summon this companion.',-1,0,'',0,0,0,0,0,0),
-- # 17  Lunar Rabbit  Rare
(300428,15,2,-1,'Cage of the Lunar Rabbit',68747,3,0,0,1,0,0,0,4,-1,-1,40,1,1,1,0,55884,0,-1,0,-1,330,3000,300758,6,0,0,-1,0,-1,0,'Teaches you how to summon this companion.',-1,0,'',0,0,0,0,0,0),
-- # 18  Magical Fish  Rare
(300429,15,2,-1,'Cage of the Magical Fish',68747,3,0,0,1,0,0,0,4,-1,-1,40,1,1,1,0,55884,0,-1,0,-1,330,3000,300759,6,0,0,-1,0,-1,0,'Teaches you how to summon this companion.',-1,0,'',0,0,0,0,0,0),
-- # 19  Mammoth Calf  Uncommon
(300430,15,2,-1,'Cage of the Mammoth Calf',68747,2,0,0,1,0,0,0,4,-1,-1,40,1,1,1,0,55884,0,-1,0,-1,330,3000,300760,6,0,0,-1,0,-1,0,'Teaches you how to summon this companion.',-1,0,'',0,0,0,0,0,0),
-- # 20-22  Marmoset x3  Rare
(300431,15,2,-1,'Marmoset Cage (Grey)',68747,3,0,0,1,0,0,0,4,-1,-1,40,1,1,1,0,55884,0,-1,0,-1,330,3000,300761,6,0,0,-1,0,-1,0,'Teaches you how to summon this companion.',-1,0,'',0,0,0,0,0,0),
(300432,15,2,-1,'Marmoset Cage (Brown)',68747,3,0,0,1,0,0,0,4,-1,-1,40,1,1,1,0,55884,0,-1,0,-1,330,3000,300762,6,0,0,-1,0,-1,0,'Teaches you how to summon this companion.',-1,0,'',0,0,0,0,0,0),
(300433,15,2,-1,'Marmoset Cage (White)',68747,3,0,0,1,0,0,0,4,-1,-1,40,1,1,1,0,55884,0,-1,0,-1,330,3000,300763,6,0,0,-1,0,-1,0,'Teaches you how to summon this companion.',-1,0,'',0,0,0,0,0,0),
-- # 23  Maw Guard Pup  Rare
(300434,15,2,-1,'Cage of the Maw Guard Pup',68747,3,0,0,1,0,0,0,4,-1,-1,40,1,1,1,0,55884,0,-1,0,-1,330,3000,300764,6,0,0,-1,0,-1,0,'Teaches you how to summon this companion.',-1,0,'',0,0,0,0,0,0),
-- # 24  Mechagon Construct  Rare
(300435,15,2,-1,'Cage of the Mechagon Construct',68747,3,0,0,1,0,0,0,4,-1,-1,40,1,1,1,0,55884,0,-1,0,-1,330,3000,300765,6,0,0,-1,0,-1,0,'Teaches you how to summon this companion.',-1,0,'',0,0,0,0,0,0),
-- # 25  Mummy  Rare
(300436,15,2,-1,'Cage of the Mummy',68747,3,0,0,1,0,0,0,4,-1,-1,40,1,1,1,0,55884,0,-1,0,-1,330,3000,300766,6,0,0,-1,0,-1,0,'Teaches you how to summon this companion.',-1,0,'',0,0,0,0,0,0),
-- # 26  Ogre Pup  Rare
(300437,15,2,-1,'Cage of the Ogre Pup',68747,3,0,0,1,0,0,0,4,-1,-1,40,1,1,1,0,55884,0,-1,0,-1,330,3000,300767,6,0,0,-1,0,-1,0,'Teaches you how to summon this companion.',-1,0,'',0,0,0,0,0,0),
-- # 27  Owl  Uncommon
(300438,15,2,-1,'Cage of the Owl',68747,2,0,0,1,0,0,0,4,-1,-1,40,1,1,1,0,55884,0,-1,0,-1,330,3000,300768,6,0,0,-1,0,-1,0,'Teaches you how to summon this companion.',-1,0,'',0,0,0,0,0,0),
-- # 28  Phoenix Hatchling  Epic
(300439,15,2,-1,'Phoenix Hatchling Cage',68747,4,0,0,1,0,0,0,4,-1,-1,40,1,1,1,0,55884,0,-1,0,-1,330,3000,300769,6,0,0,-1,0,-1,0,'Teaches you how to summon this companion.',-1,0,'',0,0,0,0,0,0),
-- # 29  Pit Lord Spawn  Epic
(300440,15,2,-1,'Cage of the Pit Lord Spawn',68747,4,0,0,1,0,0,0,4,-1,-1,40,1,1,1,0,55884,0,-1,0,-1,330,3000,300770,6,0,0,-1,0,-1,0,'Teaches you how to summon this companion.',-1,0,'',0,0,0,0,0,0),
-- # 30  Progenitor Bot  Rare
(300441,15,2,-1,'Cage of the Progenitor Bot',68747,3,0,0,1,0,0,0,4,-1,-1,40,1,1,1,0,55884,0,-1,0,-1,330,3000,300771,6,0,0,-1,0,-1,0,'Teaches you how to summon this companion.',-1,0,'',0,0,0,0,0,0),
-- # 31  Progenitor Worm  Rare
(300442,15,2,-1,'Cage of the Progenitor Worm',68747,3,0,0,1,0,0,0,4,-1,-1,40,1,1,1,0,55884,0,-1,0,-1,330,3000,300772,6,0,0,-1,0,-1,0,'Teaches you how to summon this companion.',-1,0,'',0,0,0,0,0,0),
-- # 32-35  Celestial Quilin x4  Legendary
(300443,15,2,-1,'Celestial Quilin Cage (Gold)',68747,5,0,0,1,0,0,0,4,-1,-1,40,1,1,1,0,55884,0,-1,0,-1,330,3000,300773,6,0,0,-1,0,-1,0,'Teaches you how to summon this companion.',-1,0,'',0,0,0,0,0,0),
(300444,15,2,-1,'Celestial Quilin Cage (Blue)',68747,5,0,0,1,0,0,0,4,-1,-1,40,1,1,1,0,55884,0,-1,0,-1,330,3000,300774,6,0,0,-1,0,-1,0,'Teaches you how to summon this companion.',-1,0,'',0,0,0,0,0,0),
(300445,15,2,-1,'Celestial Quilin Cage (Green)',68747,5,0,0,1,0,0,0,4,-1,-1,40,1,1,1,0,55884,0,-1,0,-1,330,3000,300775,6,0,0,-1,0,-1,0,'Teaches you how to summon this companion.',-1,0,'',0,0,0,0,0,0),
(300446,15,2,-1,'Celestial Quilin Cage (Purple)',68747,5,0,0,1,0,0,0,4,-1,-1,40,1,1,1,0,55884,0,-1,0,-1,330,3000,300776,6,0,0,-1,0,-1,0,'Teaches you how to summon this companion.',-1,0,'',0,0,0,0,0,0),
-- # 36  Goblin Companion  Uncommon
(300447,15,2,-1,'Cage of the Goblin Companion',68747,2,0,0,1,0,0,0,4,-1,-1,40,1,1,1,0,55884,0,-1,0,-1,330,3000,300777,6,0,0,-1,0,-1,0,'Teaches you how to summon this companion.',-1,0,'',0,0,0,0,0,0),
-- # 37-38  Sha x2  Legendary
(300448,15,2,-1,'Sha Manifestation Cage',68747,5,0,0,1,0,0,0,4,-1,-1,40,1,1,1,0,55884,0,-1,0,-1,330,3000,300778,6,0,0,-1,0,-1,0,'Teaches you how to summon this companion.',-1,0,'',0,0,0,0,0,0),
(300449,15,2,-1,'Sha Manifestation Cage (Light)',68747,5,0,0,1,0,0,0,4,-1,-1,40,1,1,1,0,55884,0,-1,0,-1,330,3000,300779,6,0,0,-1,0,-1,0,'Teaches you how to summon this companion.',-1,0,'',0,0,0,0,0,0),
-- # 39  Sinstone Golem  Rare
(300450,15,2,-1,'Cage of the Sinstone Golem',68747,3,0,0,1,0,0,0,4,-1,-1,40,1,1,1,0,55884,0,-1,0,-1,330,3000,300780,6,0,0,-1,0,-1,0,'Teaches you how to summon this companion.',-1,0,'',0,0,0,0,0,0),
-- # 40  Skeleton Hand  Rare
(300451,15,2,-1,'Cage of the Skeleton Hand',68747,3,0,0,1,0,0,0,4,-1,-1,40,1,1,1,0,55884,0,-1,0,-1,330,3000,300781,6,0,0,-1,0,-1,0,'Teaches you how to summon this companion.',-1,0,'',0,0,0,0,0,0),
-- # 41  Skeleton Spine  Rare
(300452,15,2,-1,'Cage of the Skeleton Spine',68747,3,0,0,1,0,0,0,4,-1,-1,40,1,1,1,0,55884,0,-1,0,-1,330,3000,300782,6,0,0,-1,0,-1,0,'Teaches you how to summon this companion.',-1,0,'',0,0,0,0,0,0),
-- # 42  Storm Gryphon  Rare
(300453,15,2,-1,'Cage of the Storm Gryphon',68747,3,0,0,1,0,0,0,4,-1,-1,40,1,1,1,0,55884,0,-1,0,-1,330,3000,300783,6,0,0,-1,0,-1,0,'Teaches you how to summon this companion.',-1,0,'',0,0,0,0,0,0),
-- # 43  Survey Bot  Uncommon
(300454,15,2,-1,'Cage of the Survey Bot',68747,2,0,0,1,0,0,0,4,-1,-1,40,1,1,1,0,55884,0,-1,0,-1,330,3000,300784,6,0,0,-1,0,-1,0,'Teaches you how to summon this companion.',-1,0,'',0,0,0,0,0,0),
-- # 44  Swamp Crawler  Uncommon
(300455,15,2,-1,'Cage of the Swamp Crawler',68747,2,0,0,1,0,0,0,4,-1,-1,40,1,1,1,0,55884,0,-1,0,-1,330,3000,300785,6,0,0,-1,0,-1,0,'Teaches you how to summon this companion.',-1,0,'',0,0,0,0,0,0),
-- # 45  Tree Sprite  Uncommon
(300456,15,2,-1,'Cage of the Tree Sprite',68747,2,0,0,1,0,0,0,4,-1,-1,40,1,1,1,0,55884,0,-1,0,-1,330,3000,300786,6,0,0,-1,0,-1,0,'Teaches you how to summon this companion.',-1,0,'',0,0,0,0,0,0),
-- # 46  Wicker Beast  Rare
(300457,15,2,-1,'Cage of the Wicker Beast',68747,3,0,0,1,0,0,0,4,-1,-1,40,1,1,1,0,55884,0,-1,0,-1,330,3000,300787,6,0,0,-1,0,-1,0,'Teaches you how to summon this companion.',-1,0,'',0,0,0,0,0,0),
-- # 47  Winged Lion  Epic
(300458,15,2,-1,'Cage of the Winged Lion',68747,4,0,0,1,0,0,0,4,-1,-1,40,1,1,1,0,55884,0,-1,0,-1,330,3000,300788,6,0,0,-1,0,-1,0,'Teaches you how to summon this companion.',-1,0,'',0,0,0,0,0,0),
-- # 48  Wood Dragon  Epic
(300459,15,2,-1,'Cage of the Wood Dragon',68747,4,0,0,1,0,0,0,4,-1,-1,40,1,1,1,0,55884,0,-1,0,-1,330,3000,300789,6,0,0,-1,0,-1,0,'Teaches you how to summon this companion.',-1,0,'',0,0,0,0,0,0);

-- ============================================================
-- 5. NPC_VENDOR  (Skeletal Petkeeper 3461229, slots 2-49)
-- ============================================================

DELETE FROM `npc_vendor`
WHERE `entry` = 3461229
  AND `item` IN (
    300412,300413,300414,300415,300416,300417,300418,300419,300420,300421,
    300422,300423,300424,300425,300426,300427,300428,300429,300430,300431,
    300432,300433,300434,300435,300436,300437,300438,300439,300440,300441,
    300442,300443,300444,300445,300446,300447,300448,300449,300450,300451,
    300452,300453,300454,300455,300456,300457,300458,300459
);

INSERT INTO `npc_vendor`
    (`entry`,`slot`,`item`,`maxcount`,`incrtime`,`ExtendedCost`,`VerifiedBuild`)
VALUES
(3461229, 2,300412,0,0,0,0),(3461229, 3,300413,0,0,0,0),(3461229, 4,300414,0,0,0,0),
(3461229, 5,300415,0,0,0,0),(3461229, 6,300416,0,0,0,0),(3461229, 7,300417,0,0,0,0),
(3461229, 8,300418,0,0,0,0),(3461229, 9,300419,0,0,0,0),(3461229,10,300420,0,0,0,0),
(3461229,11,300421,0,0,0,0),(3461229,12,300422,0,0,0,0),(3461229,13,300423,0,0,0,0),
(3461229,14,300424,0,0,0,0),(3461229,15,300425,0,0,0,0),(3461229,16,300426,0,0,0,0),
(3461229,17,300427,0,0,0,0),(3461229,18,300428,0,0,0,0),(3461229,19,300429,0,0,0,0),
(3461229,20,300430,0,0,0,0),(3461229,21,300431,0,0,0,0),(3461229,22,300432,0,0,0,0),
(3461229,23,300433,0,0,0,0),(3461229,24,300434,0,0,0,0),(3461229,25,300435,0,0,0,0),
(3461229,26,300436,0,0,0,0),(3461229,27,300437,0,0,0,0),(3461229,28,300438,0,0,0,0),
(3461229,29,300439,0,0,0,0),(3461229,30,300440,0,0,0,0),(3461229,31,300441,0,0,0,0),
(3461229,32,300442,0,0,0,0),(3461229,33,300443,0,0,0,0),(3461229,34,300444,0,0,0,0),
(3461229,35,300445,0,0,0,0),(3461229,36,300446,0,0,0,0),(3461229,37,300447,0,0,0,0),
(3461229,38,300448,0,0,0,0),(3461229,39,300449,0,0,0,0),(3461229,40,300450,0,0,0,0),
(3461229,41,300451,0,0,0,0),(3461229,42,300452,0,0,0,0),(3461229,43,300453,0,0,0,0),
(3461229,44,300454,0,0,0,0),(3461229,45,300455,0,0,0,0),(3461229,46,300456,0,0,0,0),
(3461229,47,300457,0,0,0,0),(3461229,48,300458,0,0,0,0),(3461229,49,300459,0,0,0,0);
