"ID","Data"
"1","1,5"
"2","1,386791"
"3","1,282127"
"4","1,185362"
"5","1,0959"
"6","1,01319"
"7","0,936722"
"8","0,866025"
"9","0,800664"
"10","0,740236"
"11","0,684369"
"12","0,632718"
"13","0,584965"
"14","0,540817"
"15","0,5"
"16","0,5"
"17","0,5"
"18","0,5"
"19","0,5"
"20","0,5"
"21","0,5"
"22","0,5"
"23","0,5"
"24","0,5"
"25","0,5"
"26","0,5"
"27","0,5"
"28","0,5"
"29","0,5"
"30","0,5"
"31","0,5"
"32","0,5"
"33","0,5"
"34","0,5"
"35","0,5"
"36","0,5"
"37","0,5"
"38","0,5"
"39","0,5"
"40","0,5"
"41","0,5"
"42","0,5"
"43","0,5"
"44","0,5"
"45","0,5"
"46","0,5"
"47","0,5"
"48","0,5"
"49","0,5"
"50","0,5"
"51","0,5"
"52","0,5"
"53","0,5"
"54","0,5"
"55","0,5"
"56","0,5"
"57","0,5"
"58","0,5"
"59","0,5"
"60","0,5"
"61","0,5"
"62","0,5"
"63","0,5"
"64","0,5"
"65","0,5"
"66","0,5"
"67","0,5"
"68","0,5"
"69","0,5"
"70","0,5"
"71","0,5"
"72","0,5"
"73","0,5"
"74","0,5"
"75","0,5"
"76","0,5"
"77","0,5"
"78","0,5"
"79","0,5"
"80","0,5"
"81","0,5"
"82","0,5"
"83","0,5"
"84","0,5"
"85","0,5"
"86","0,5"
"87","0,5"
"88","0,5"
"89","0,5"
"90","0,5"
"91","0,5"
"92","0,5"
"93","0,5"
"94","0,5"
"95","0,5"
"96","0,5"
"97","0,5"
"98","0,5"
"99","0,5"
"100","0,5"
"101","0,375"
"102","0,346698"
"103","0,320532"
"104","0,29634"
"105","0,273975"
"106","0,253297"
"107","0,234181"
"108","0,216506"
"109","0,200166"
"110","0,185059"
"111","0,171092"
"112","0,15818"
"113","0,146241"
"114","0,135204"
"115","0,125"
"116","0,125"
"117","0,125"
"118","0,125"
"119","0,125"
"120","0,125"
"121","0,125"
"122","0,125"
"123","0,125"
"124","0,125"
"125","0,125"
"126","0,125"
"127","0,125"
"128","0,125"
"129","0,125"
"130","0,125"
"131","0,125"
"132","0,125"
"133","0,125"
"134","0,125"
"135","0,125"
"136","0,125"
"137","0,125"
"138","0,125"
"139","0,125"
"140","0,125"
"141","0,125"
"142","0,125"
"143","0,125"
"144","0,125"
"145","0,125"
"146","0,125"
"147","0,125"
"148","0,125"
"149","0,125"
"150","0,125"
"151","0,125"
"152","0,125"
"153","0,125"
"154","0,125"
"155","0,125"
"156","0,125"
"157","0,125"
"158","0,125"
"159","0,125"
"160","0,125"
"161","0,125"
"162","0,125"
"163","0,125"
"164","0,125"
"165","0,125"
"166","0,125"
"167","0,125"
"168","0,125"
"169","0,125"
"170","0,125"
"171","0,125"
"172","0,125"
"173","0,125"
"174","0,125"
"175","0,125"
"176","0,125"
"177","0,125"
"178","0,125"
"179","0,125"
"180","0,125"
"181","0,125"
"182","0,125"
"183","0,125"
"184","0,125"
"185","0,125"
"186","0,125"
"187","0,125"
"188","0,125"
"189","0,125"
"190","0,125"
"191","0,125"
"192","0,125"
"193","0,125"
"194","0,125"
"195","0,125"
"196","0,125"
"197","0,125"
"198","0,125"
"199","0,125"
"200","0,125"
"201","0,375"
"202","0,346698"
"203","0,320532"
"204","0,29634"
"205","0,273975"
"206","0,253297"
"207","0,234181"
"208","0,216506"
"209","0,200166"
"210","0,185059"
"211","0,171092"
"212","0,15818"
"213","0,146241"
"214","0,135204"
"215","0,125"
"216","0,125"
"217","0,125"
"218","0,125"
"219","0,125"
"220","0,125"
"221","0,125"
"222","0,125"
"223","0,125"
"224","0,125"
"225","0,125"
"226","0,125"
"227","0,125"
"228","0,125"
"229","0,125"
"230","0,125"
"231","0,125"
"232","0,125"
"233","0,125"
"234","0,125"
"235","0,125"
"236","0,125"
"237","0,125"
"238","0,125"
"239","0,125"
"240","0,125"
"241","0,125"
"242","0,125"
"243","0,125"
"244","0,125"
"245","0,125"
"246","0,125"
"247","0,125"
"248","0,125"
"249","0,125"
"250","0,125"
"251","0,125"
"252","0,125"
"253","0,125"
"254","0,125"
"255","0,125"
"256","0,125"
"257","0,125"
"258","0,125"
"259","0,125"
"260","0,125"
"261","0,125"
"262","0,125"
"263","0,125"
"264","0,125"
"265","0,125"
"266","0,125"
"267","0,125"
"268","0,125"
"269","0,125"
"270","0,125"
"271","0,125"
"272","0,125"
"273","0,125"
"274","0,125"
"275","0,125"
"276","0,125"
"277","0,125"
"278","0,125"
"279","0,125"
"280","0,125"
"281","0,125"
"282","0,125"
"283","0,125"
"284","0,125"
"285","0,125"
"286","0,125"
"287","0,125"
"288","0,125"
"289","0,125"
"290","0,125"
"291","0,125"
"292","0,125"
"293","0,125"
"294","0,125"
"295","0,125"
"296","0,125"
"297","0,125"
"298","0,125"
"299","0,125"
"300","0,125"
"301","1"
"302","0,924528"
"303","0,854751"
"304","0,790241"
"305","0,7306"
"306","0,67546"
"307","0,624481"
"308","0,57735"
"309","0,533776"
"310","0,493491"
"311","0,456246"
"312","0,421812"
"313","0,389977"
"314","0,360544"
"315","0,333333"
"316","0,333333"
"317","0,333333"
"318","0,333333"
"319","0,333333"
"320","0,333333"
"321","0,333333"
"322","0,333333"
"323","0,333333"
"324","0,333333"
"325","0,333333"
"326","0,333333"
"327","0,333333"
"328","0,333333"
"329","0,333333"
"330","0,333333"
"331","0,333333"
"332","0,333333"
"333","0,333333"
"334","0,333333"
"335","0,333333"
"336","0,333333"
"337","0,333333"
"338","0,333333"
"339","0,333333"
"340","0,333333"
"341","0,333333"
"342","0,333333"
"343","0,333333"
"344","0,333333"
"345","0,333333"
"346","0,333333"
"347","0,333333"
"348","0,333333"
"349","0,333333"
"350","0,333333"
"351","0,333333"
"352","0,333333"
"353","0,333333"
"354","0,333333"
"355","0,333333"
"356","0,333333"
"357","0,333333"
"358","0,333333"
"359","0,333333"
"360","0,333333"
"361","0,333333"
"362","0,333333"
"363","0,333333"
"364","0,333333"
"365","0,333333"
"366","0,333333"
"367","0,333333"
"368","0,333333"
"369","0,333333"
"370","0,333333"
"371","0,333333"
"372","0,333333"
"373","0,333333"
"374","0,333333"
"375","0,333333"
"376","0,333333"
"377","0,333333"
"378","0,333333"
"379","0,333333"
"380","0,333333"
"381","0,333333"
"382","0,333333"
"383","0,333333"
"384","0,333333"
"385","0,333333"
"386","0,333333"
"387","0,333333"
"388","0,333333"
"389","0,333333"
"390","0,333333"
"391","0,333333"
"392","0,333333"
"393","0,333333"
"394","0,333333"
"395","0,333333"
"396","0,333333"
"397","0,333333"
"398","0,333333"
"399","0,333333"
"400","0,333333"
"401","0,125"
"402","0,115566"
"403","0,106844"
"404","0,09878"
"405","0,091325"
"406","0,084432"
"407","0,07806"
"408","0,072169"
"409","0,066722"
"410","0,061686"
"411","0,057031"
"412","0,052727"
"413","0,048747"
"414","0,045068"
"415","0,041667"
"416","0,041667"
"417","0,041667"
"418","0,041667"
"419","0,041667"
"420","0,041667"
"421","0,041667"
"422","0,041667"
"423","0,041667"
"424","0,041667"
"425","0,041667"
"426","0,041667"
"427","0,041667"
"428","0,041667"
"429","0,041667"
"430","0,041667"
"431","0,041667"
"432","0,041667"
"433","0,041667"
"434","0,041667"
"435","0,041667"
"436","0,041667"
"437","0,041667"
"438","0,041667"
"439","0,041667"
"440","0,041667"
"441","0,041667"
"442","0,041667"
"443","0,041667"
"444","0,041667"
"445","0,041667"
"446","0,041667"
"447","0,041667"
"448","0,041667"
"449","0,041667"
"450","0,041667"
"451","0,041667"
"452","0,041667"
"453","0,041667"
"454","0,041667"
"455","0,041667"
"456","0,041667"
"457","0,041667"
"458","0,041667"
"459","0,041667"
"460","0,041667"
"461","0,041667"
"462","0,041667"
"463","0,041667"
"464","0,041667"
"465","0,041667"
"466","0,041667"
"467","0,041667"
"468","0,041667"
"469","0,041667"
"470","0,041667"
"471","0,041667"
"472","0,041667"
"473","0,041667"
"474","0,041667"
"475","0,041667"
"476","0,041667"
"477","0,041667"
"478","0,041667"
"479","0,041667"
"480","0,041667"
"481","0,041667"
"482","0,041667"
"483","0,041667"
"484","0,041667"
"485","0,041667"
"486","0,041667"
"487","0,041667"
"488","0,041667"
"489","0,041667"
"490","0,041667"
"491","0,041667"
"492","0,041667"
"493","0,041667"
"494","0,041667"
"495","0,041667"
"496","0,041667"
"497","0,041667"
"498","0,041667"
"499","0,041667"
"500","0,041667"
"501","1,5"
"502","1,386791"
"503","1,282127"
"504","1,185362"
"505","1,0959"
"506","1,01319"
"507","0,936722"
"508","0,866025"
"509","0,800664"
"510","0,740236"
"511","0,684369"
"512","0,632718"
"513","0,584965"
"514","0,540817"
"515","0,5"
"516","0,5"
"517","0,5"
"518","0,5"
"519","0,5"
"520","0,5"
"521","0,5"
"522","0,5"
"523","0,5"
"524","0,5"
"525","0,5"
"526","0,5"
"527","0,5"
"528","0,5"
"529","0,5"
"530","0,5"
"531","0,5"
"532","0,5"
"533","0,5"
"534","0,5"
"535","0,5"
"536","0,5"
"537","0,5"
"538","0,5"
"539","0,5"
"540","0,5"
"541","0,5"
"542","0,5"
"543","0,5"
"544","0,5"
"545","0,5"
"546","0,5"
"547","0,5"
"548","0,5"
"549","0,5"
"550","0,5"
"551","0,5"
"552","0,5"
"553","0,5"
"554","0,5"
"555","0,5"
"556","0,5"
"557","0,5"
"558","0,5"
"559","0,5"
"560","0,5"
"561","0,5"
"562","0,5"
"563","0,5"
"564","0,5"
"565","0,5"
"566","0,5"
"567","0,5"
"568","0,5"
"569","0,5"
"570","0,5"
"571","0,5"
"572","0,5"
"573","0,5"
"574","0,5"
"575","0,5"
"576","0,5"
"577","0,5"
"578","0,5"
"579","0,5"
"580","0,5"
"581","0,5"
"582","0,5"
"583","0,5"
"584","0,5"
"585","0,5"
"586","0,5"
"587","0,5"
"588","0,5"
"589","0,5"
"590","0,5"
"591","0,5"
"592","0,5"
"593","0,5"
"594","0,5"
"595","0,5"
"596","0,5"
"597","0,5"
"598","0,5"
"599","0,5"
"600","0,5"
"601","0,214286"
"602","0,198113"
"603","0,183161"
"604","0,169337"
"605","0,156557"
"606","0,144741"
"607","0,133817"
"608","0,123718"
"609","0,114381"
"610","0,105748"
"611","0,097767"
"612","0,090388"
"613","0,083566"
"614","0,07726"
"615","0,071429"
"616","0,071429"
"617","0,071429"
"618","0,071429"
"619","0,071429"
"620","0,071429"
"621","0,071429"
"622","0,071429"
"623","0,071429"
"624","0,071429"
"625","0,071429"
"626","0,071429"
"627","0,071429"
"628","0,071429"
"629","0,071429"
"630","0,071429"
"631","0,071429"
"632","0,071429"
"633","0,071429"
"634","0,071429"
"635","0,071429"
"636","0,071429"
"637","0,071429"
"638","0,071429"
"639","0,071429"
"640","0,071429"
"641","0,071429"
"642","0,071429"
"643","0,071429"
"644","0,071429"
"645","0,071429"
"646","0,071429"
"647","0,071429"
"648","0,071429"
"649","0,071429"
"650","0,071429"
"651","0,071429"
"652","0,071429"
"653","0,071429"
"654","0,071429"
"655","0,071429"
"656","0,071429"
"657","0,071429"
"658","0,071429"
"659","0,071429"
"660","0,071429"
"661","0,071429"
"662","0,071429"
"663","0,071429"
"664","0,071429"
"665","0,071429"
"666","0,071429"
"667","0,071429"
"668","0,071429"
"669","0,071429"
"670","0,071429"
"671","0,071429"
"672","0,071429"
"673","0,071429"
"674","0,071429"
"675","0,071429"
"676","0,071429"
"677","0,071429"
"678","0,071429"
"679","0,071429"
"680","0,071429"
"681","0,071429"
"682","0,071429"
"683","0,071429"
"684","0,071429"
"685","0,071429"
"686","0,071429"
"687","0,071429"
"688","0,071429"
"689","0,071429"
"690","0,071429"
"691","0,071429"
"692","0,071429"
"693","0,071429"
"694","0,071429"
"695","0,071429"
"696","0,071429"
"697","0,071429"
"698","0,071429"
"699","0,071429"
"700","0,071429"
"701","0,125"
"702","0,115566"
"703","0,106844"
"704","0,09878"
"705","0,091325"
"706","0,084432"
"707","0,07806"
"708","0,072169"
"709","0,066722"
"710","0,061686"
"711","0,057031"
"712","0,052727"
"713","0,048747"
"714","0,045068"
"715","0,041667"
"716","0,041667"
"717","0,041667"
"718","0,041667"
"719","0,041667"
"720","0,041667"
"721","0,041667"
"722","0,041667"
"723","0,041667"
"724","0,041667"
"725","0,041667"
"726","0,041667"
"727","0,041667"
"728","0,041667"
"729","0,041667"
"730","0,041667"
"731","0,041667"
"732","0,041667"
"733","0,041667"
"734","0,041667"
"735","0,041667"
"736","0,041667"
"737","0,041667"
"738","0,041667"
"739","0,041667"
"740","0,041667"
"741","0,041667"
"742","0,041667"
"743","0,041667"
"744","0,041667"
"745","0,041667"
"746","0,041667"
"747","0,041667"
"748","0,041667"
"749","0,041667"
"750","0,041667"
"751","0,041667"
"752","0,041667"
"753","0,041667"
"754","0,041667"
"755","0,041667"
"756","0,041667"
"757","0,041667"
"758","0,041667"
"759","0,041667"
"760","0,041667"
"761","0,041667"
"762","0,041667"
"763","0,041667"
"764","0,041667"
"765","0,041667"
"766","0,041667"
"767","0,041667"
"768","0,041667"
"769","0,041667"
"770","0,041667"
"771","0,041667"
"772","0,041667"
"773","0,041667"
"774","0,041667"
"775","0,041667"
"776","0,041667"
"777","0,041667"
"778","0,041667"
"779","0,041667"
"780","0,041667"
"781","0,041667"
"782","0,041667"
"783","0,041667"
"784","0,041667"
"785","0,041667"
"786","0,041667"
"787","0,041667"
"788","0,041667"
"789","0,041667"
"790","0,041667"
"791","0,041667"
"792","0,041667"
"793","0,041667"
"794","0,041667"
"795","0,041667"
"796","0,041667"
"797","0,041667"
"798","0,041667"
"799","0,041667"
"800","0,041667"
"801","0,136364"
"802","0,126072"
"803","0,116557"
"804","0,10776"
"805","0,099627"
"806","0,092108"
"807","0,085157"
"808","0,07873"
"809","0,072788"
"810","0,067294"
"811","0,062215"
"812","0,05752"
"813","0,053179"
"814","0,049165"
"815","0,045455"
"816","0,045455"
"817","0,045455"
"818","0,045455"
"819","0,045455"
"820","0,045455"
"821","0,045455"
"822","0,045455"
"823","0,045455"
"824","0,045455"
"825","0,045455"
"826","0,045455"
"827","0,045455"
"828","0,045455"
"829","0,045455"
"830","0,045455"
"831","0,045455"
"832","0,045455"
"833","0,045455"
"834","0,045455"
"835","0,045455"
"836","0,045455"
"837","0,045455"
"838","0,045455"
"839","0,045455"
"840","0,045455"
"841","0,045455"
"842","0,045455"
"843","0,045455"
"844","0,045455"
"845","0,045455"
"846","0,045455"
"847","0,045455"
"848","0,045455"
"849","0,045455"
"850","0,045455"
"851","0,045455"
"852","0,045455"
"853","0,045455"
"854","0,045455"
"855","0,045455"
"856","0,045455"
"857","0,045455"
"858","0,045455"
"859","0,045455"
"860","0,045455"
"861","0,045455"
"862","0,045455"
"863","0,045455"
"864","0,045455"
"865","0,045455"
"866","0,045455"
"867","0,045455"
"868","0,045455"
"869","0,045455"
"870","0,045455"
"871","0,045455"
"872","0,045455"
"873","0,045455"
"874","0,045455"
"875","0,045455"
"876","0,045455"
"877","0,045455"
"878","0,045455"
"879","0,045455"
"880","0,045455"
"881","0,045455"
"882","0,045455"
"883","0,045455"
"884","0,045455"
"885","0,045455"
"886","0,045455"
"887","0,045455"
"888","0,045455"
"889","0,045455"
"890","0,045455"
"891","0,045455"
"892","0,045455"
"893","0,045455"
"894","0,045455"
"895","0,045455"
"896","0,045455"
"897","0,045455"
"898","0,045455"
"899","0,045455"
"900","0,045455"
"901","0"
"902","0"
"903","0"
"904","0"
"905","0"
"906","0"
"907","0"
"908","0"
"909","0"
"910","0"
"911","0"
"912","0"
"913","0"
"914","0"
"915","0"
"916","0"
"917","0"
"918","0"
"919","0"
"920","0"
"921","0"
"922","0"
"923","0"
"924","0"
"925","0"
"926","0"
"927","0"
"928","0"
"929","0"
"930","0"
"931","0"
"932","0"
"933","0"
"934","0"
"935","0"
"936","0"
"937","0"
"938","0"
"939","0"
"940","0"
"941","0"
"942","0"
"943","0"
"944","0"
"945","0"
"946","0"
"947","0"
"948","0"
"949","0"
"950","0"
"951","0"
"952","0"
"953","0"
"954","0"
"955","0"
"956","0"
"957","0"
"958","0"
"959","0"
"960","0"
"961","0"
"962","0"
"963","0"
"964","0"
"965","0"
"966","0"
"967","0"
"968","0"
"969","0"
"970","0"
"971","0"
"972","0"
"973","0"
"974","0"
"975","0"
"976","0"
"977","0"
"978","0"
"979","0"
"980","0"
"981","0"
"982","0"
"983","0"
"984","0"
"985","0"
"986","0"
"987","0"
"988","0"
"989","0"
"990","0"
"991","0"
"992","0"
"993","0"
"994","0"
"995","0"
"996","0"
"997","0"
"998","0"
"999","0"
"1000","0"
"1001","0,1875"
"1002","0,173349"
"1003","0,160266"
"1004","0,14817"
"1005","0,136987"
"1006","0,126649"
"1007","0,11709"
"1008","0,108253"
"1009","0,100083"
"1010","0,09253"
"1011","0,085546"
"1012","0,07909"
"1013","0,073121"
"1014","0,067602"
"1015","0,0625"
"1016","0,0625"
"1017","0,0625"
"1018","0,0625"
"1019","0,0625"
"1020","0,0625"
"1021","0,0625"
"1022","0,0625"
"1023","0,0625"
"1024","0,0625"
"1025","0,0625"
"1026","0,0625"
"1027","0,0625"
"1028","0,0625"
"1029","0,0625"
"1030","0,0625"
"1031","0,0625"
"1032","0,0625"
"1033","0,0625"
"1034","0,0625"
"1035","0,0625"
"1036","0,0625"
"1037","0,0625"
"1038","0,0625"
"1039","0,0625"
"1040","0,0625"
"1041","0,0625"
"1042","0,0625"
"1043","0,0625"
"1044","0,0625"
"1045","0,0625"
"1046","0,0625"
"1047","0,0625"
"1048","0,0625"
"1049","0,0625"
"1050","0,0625"
"1051","0,0625"
"1052","0,0625"
"1053","0,0625"
"1054","0,0625"
"1055","0,0625"
"1056","0,0625"
"1057","0,0625"
"1058","0,0625"
"1059","0,0625"
"1060","0,0625"
"1061","0,0625"
"1062","0,0625"
"1063","0,0625"
"1064","0,0625"
"1065","0,0625"
"1066","0,0625"
"1067","0,0625"
"1068","0,0625"
"1069","0,0625"
"1070","0,0625"
"1071","0,0625"
"1072","0,0625"
"1073","0,0625"
"1074","0,0625"
"1075","0,0625"
"1076","0,0625"
"1077","0,0625"
"1078","0,0625"
"1079","0,0625"
"1080","0,0625"
"1081","0,0625"
"1082","0,0625"
"1083","0,0625"
"1084","0,0625"
"1085","0,0625"
"1086","0,0625"
"1087","0,0625"
"1088","0,0625"
"1089","0,0625"
"1090","0,0625"
"1091","0,0625"
"1092","0,0625"
"1093","0,0625"
"1094","0,0625"
"1095","0,0625"
"1096","0,0625"
"1097","0,0625"
"1098","0,0625"
"1099","0,0625"
"1100","0,0625"
"1101","0,041667"
"1102","0,041667"
"1103","0,041667"
"1104","0,041667"
"1105","0,041667"
"1106","0,041667"
"1107","0,041667"
"1108","0,041667"
"1109","0,041667"
"1110","0,041667"
"1111","0,041667"
"1112","0,041667"
"1113","0,041667"
"1114","0,041667"
"1115","0,041667"
"1116","0,041667"
"1117","0,041667"
"1118","0,041667"
"1119","0,041667"
"1120","0,041667"
"1121","0,041667"
"1122","0,041667"
"1123","0,041667"
"1124","0,041667"
"1125","0,041667"
"1126","0,041667"
"1127","0,041667"
"1128","0,041667"
"1129","0,041667"
"1130","0,041667"
"1131","0,041667"
"1132","0,041667"
"1133","0,041667"
"1134","0,041667"
"1135","0,041667"
"1136","0,041667"
"1137","0,041667"
"1138","0,041667"
"1139","0,041667"
"1140","0,041667"
"1141","0,041667"
"1142","0,041667"
"1143","0,041667"
"1144","0,041667"
"1145","0,041667"
"1146","0,041667"
"1147","0,041667"
"1148","0,041667"
"1149","0,041667"
"1150","0,041667"
"1151","0,041667"
"1152","0,041667"
"1153","0,041667"
"1154","0,041667"
"1155","0,041667"
"1156","0,041667"
"1157","0,041667"
"1158","0,041667"
"1159","0,041667"
"1160","0,041667"
"1161","0,041667"
"1162","0,041667"
"1163","0,041667"
"1164","0,041667"
"1165","0,041667"
"1166","0,041667"
"1167","0,041667"
"1168","0,041667"
"1169","0,041667"
"1170","0,041667"
"1171","0,041667"
"1172","0,041667"
"1173","0,041667"
"1174","0,041667"
"1175","0,041667"
"1176","0,041667"
"1177","0,041667"
"1178","0,041667"
"1179","0,041667"
"1180","0,041667"
"1181","0,041667"
"1182","0,041667"
"1183","0,041667"
"1184","0,041667"
"1185","0,041667"
"1186","0,041667"
"1187","0,041667"
"1188","0,041667"
"1189","0,041667"
"1190","0,041667"
"1191","0,041667"
"1192","0,041667"
"1193","0,041667"
"1194","0,041667"
"1195","0,041667"
"1196","0,041667"
"1197","0,041667"
"1198","0,041667"
"1199","0,041667"
"1200","0,041667"
"1201","0,041667"
"1202","0,041667"
"1203","0,041667"
"1204","0,041667"
"1205","0,041667"
"1206","0,041667"
"1207","0,041667"
"1208","0,041667"
"1209","0,041667"
"1210","0,041667"
"1211","0,041667"
"1212","0,041667"
"1213","0,041667"
"1214","0,041667"
"1215","0,041667"
"1216","0,041667"
"1217","0,041667"
"1218","0,041667"
"1219","0,041667"
"1220","0,041667"
"1221","0,041667"
"1222","0,041667"
"1223","0,041667"
"1224","0,041667"
"1225","0,041667"
"1226","0,041667"
"1227","0,041667"
"1228","0,041667"
"1229","0,041667"
"1230","0,041667"
"1231","0,041667"
"1232","0,041667"
"1233","0,041667"
"1234","0,041667"
"1235","0,041667"
"1236","0,041667"
"1237","0,041667"
"1238","0,041667"
"1239","0,041667"
"1240","0,041667"
"1241","0,041667"
"1242","0,041667"
"1243","0,041667"
"1244","0,041667"
"1245","0,041667"
"1246","0,041667"
"1247","0,041667"
"1248","0,041667"
"1249","0,041667"
"1250","0,041667"
"1251","0,041667"
"1252","0,041667"
"1253","0,041667"
"1254","0,041667"
"1255","0,041667"
"1256","0,041667"
"1257","0,041667"
"1258","0,041667"
"1259","0,041667"
"1260","0,041667"
"1261","0,041667"
"1262","0,041667"
"1263","0,041667"
"1264","0,041667"
"1265","0,041667"
"1266","0,041667"
"1267","0,041667"
"1268","0,041667"
"1269","0,041667"
"1270","0,041667"
"1271","0,041667"
"1272","0,041667"
"1273","0,041667"
"1274","0,041667"
"1275","0,041667"
"1276","1,5"
"1277","1,386791"
"1278","1,282127"
"1279","1,185362"
"1280","1,0959"
"1281","1,01319"
"1282","0,936722"
"1283","0,866025"
"1284","0,800664"
"1285","0,740236"
"1286","0,684369"
"1287","0,632718"
"1288","0,584965"
"1289","0,540817"
"1290","0,5"
"1291","0,5"
"1292","0,5"
"1293","0,5"
"1294","0,5"
"1295","0,5"
"1296","0,5"
"1297","0,5"
"1298","0,5"
"1299","0,5"
"1300","0,5"
"1301","0,5"
"1302","0,5"
"1303","0,5"
"1304","0,5"
"1305","0,5"
"1306","0,5"
"1307","0,5"
"1308","0,5"
"1309","0,5"
"1310","0,5"
"1311","0,5"
"1312","0,5"
"1313","0,5"
"1314","0,5"
"1315","0,5"
"1316","0,5"
"1317","0,5"
"1318","0,5"
"1319","0,5"
"1320","0,5"
"1321","0,5"
"1322","0,5"
"1323","0,5"
"1324","0,5"
"1325","0,5"
"1326","0,5"
"1327","0,5"
"1328","0,5"
"1329","0,5"
"1330","0,5"
"1331","0,5"
"1332","0,5"
"1333","0,5"
"1334","0,5"
"1335","0,5"
"1336","0,5"
"1337","0,5"
"1338","0,5"
"1339","0,5"
"1340","0,5"
"1341","0,5"
"1342","0,5"
"1343","0,5"
"1344","0,5"
"1345","0,5"
"1346","0,5"
"1347","0,5"
"1348","0,5"
"1349","0,5"
"1350","0,5"
"1351","0,5"
"1352","0,5"
"1353","0,5"
"1354","0,5"
"1355","0,5"
"1356","0,5"
"1357","0,5"
"1358","0,5"
"1359","0,5"
"1360","0,5"
"1361","0,5"
"1362","0,5"
"1363","0,5"
"1364","0,5"
"1365","0,5"
"1366","0,5"
"1367","0,5"
"1368","0,5"
"1369","0,5"
"1370","0,5"
"1371","0,5"
"1372","0,5"
"1373","0,5"
"1374","0,5"
"1375","0,5"
"1376","0,5"
"1377","0,5"
"1378","0,5"
"1379","0,5"
"1380","0,5"
"1381","0,5"
"1382","0,5"
"1383","0,5"
"1384","0,5"
"1385","0,5"
"1386","0,5"
"1387","0,5"
"1388","0,5"
"1389","0,5"
"1390","0,5"
"1391","0,5"
"1392","0,5"
"1393","0,5"
"1394","0,5"
"1395","0,5"
"1396","0,5"
"1397","0,5"
"1398","0,5"
"1399","0,5"
"1400","0,5"
"1401","0,5"
"1402","0,5"
"1403","0,5"
"1404","0,5"
"1405","0,5"
"1406","0,5"
"1407","0,5"
"1408","0,5"
"1409","0,5"
"1410","0,5"
"1411","0,5"
"1412","0,5"
"1413","0,5"
"1414","0,5"
"1415","0,5"
"1416","0,5"
"1417","0,5"
"1418","0,5"
"1419","0,5"
"1420","0,5"
"1421","0,5"
"1422","0,5"
"1423","0,5"
"1424","0,5"
"1425","0,5"
"1426","0,5"
"1427","0,5"
"1428","0,5"
"1429","0,5"
"1430","0,5"
"1431","0,5"
"1432","0,5"
"1433","0,5"
"1434","0,5"
"1435","0,5"
"1436","0,5"
"1437","0,5"
"1438","0,5"
"1439","0,5"
"1440","0,5"
"1441","0,5"
"1442","0,5"
"1443","0,5"
"1444","0,5"
"1445","0,5"
"1446","0,5"
"1447","0,5"
"1448","0,5"
"1449","0,5"
"1450","0,5"
"1451","0,5"
"1452","0,5"
"1453","0,5"
"1454","0,5"
"1455","0,5"
"1456","0,5"
"1457","0,5"
"1458","0,5"
"1459","0,5"
"1460","0,5"
"1461","0,5"
"1462","0,5"
"1463","0,5"
"1464","0,5"
"1465","0,5"
"1466","0,5"
"1467","0,5"
"1468","0,5"
"1469","0,5"
"1470","0,5"
"1471","0,5"
"1472","0,5"
"1473","0,5"
"1474","0,5"
"1475","0,5"
"1476","0,5"
"1477","0,5"
"1478","0,5"
"1479","0,5"
"1480","0,5"
"1481","0,5"
"1482","0,5"
"1483","0,5"
"1484","0,5"
"1485","0,5"
"1486","0,5"
"1487","0,5"
"1488","0,5"
"1489","0,5"
"1490","0,5"
"1491","0,5"
"1492","0,5"
"1493","0,5"
"1494","0,5"
"1495","0,5"
"1496","0,5"
"1497","0,5"
"1498","0,5"
"1499","0,5"
"1500","0,5"
"1501","0,5"
"1502","0,5"
"1503","0,5"
"1504","0,5"
"1505","0,5"
"1506","0,5"
"1507","0,5"
"1508","0,5"
"1509","0,5"
"1510","0,5"
"1511","0,5"
"1512","0,5"
"1513","0,5"
"1514","0,5"
"1515","0,5"
"1516","0,5"
"1517","0,5"
"1518","0,5"
"1519","0,5"
"1520","0,5"
"1521","0,5"
"1522","0,5"
"1523","0,5"
"1524","0,5"
"1525","0,5"
"1526","0,5"
"1527","0,5"
"1528","0,5"
"1529","0,5"
"1530","0,5"
"1531","0,214286"
"1532","0,198113"
"1533","0,183161"
"1534","0,169337"
"1535","0,156557"
"1536","0,144741"
"1537","0,133817"
"1538","0,123718"
"1539","0,114381"
"1540","0,105748"
"1541","0,097767"
"1542","0,090388"
"1543","0,083566"
"1544","0,07726"
"1545","0,071429"
"1546","0,071429"
"1547","0,071429"
"1548","0,071429"
"1549","0,071429"
"1550","0,071429"
"1551","0,071429"
"1552","0,071429"
"1553","0,071429"
"1554","0,071429"
"1555","0,071429"
"1556","0,071429"
"1557","0,071429"
"1558","0,071429"
"1559","0,071429"
"1560","0,071429"
"1561","0,071429"
"1562","0,071429"
"1563","0,071429"
"1564","0,071429"
"1565","0,071429"
"1566","0,071429"
"1567","0,071429"
"1568","0,071429"
"1569","0,071429"
"1570","0,071429"
"1571","0,071429"
"1572","0,071429"
"1573","0,071429"
"1574","0,071429"
"1575","0,071429"
"1576","0,071429"
"1577","0,071429"
"1578","0,071429"
"1579","0,071429"
"1580","0,071429"
"1581","0,071429"
"1582","0,071429"
"1583","0,071429"
"1584","0,071429"
"1585","0,071429"
"1586","0,071429"
"1587","0,071429"
"1588","0,071429"
"1589","0,071429"
"1590","0,071429"
"1591","0,071429"
"1592","0,071429"
"1593","0,071429"
"1594","0,071429"
"1595","0,071429"
"1596","0,071429"
"1597","0,071429"
"1598","0,071429"
"1599","0,071429"
"1600","0,071429"
"1601","0,071429"
"1602","0,071429"
"1603","0,071429"
"1604","0,071429"
"1605","0,071429"
"1606","0,071429"
"1607","0,071429"
"1608","0,071429"
"1609","0,071429"
"1610","0,071429"
"1611","0,071429"
"1612","0,071429"
"1613","0,071429"
"1614","0,071429"
"1615","0,071429"
"1616","0,071429"
"1617","0,071429"
"1618","0,071429"
"1619","0,071429"
"1620","0,071429"
"1621","0,071429"
"1622","0,071429"
"1623","0,071429"
"1624","0,071429"
"1625","0,071429"
"1626","0,071429"
"1627","0,071429"
"1628","0,071429"
"1629","0,071429"
"1630","0,071429"
"1631","0,071429"
"1632","0,071429"
"1633","0,071429"
"1634","0,071429"
"1635","0,071429"
"1636","0,071429"
"1637","0,071429"
"1638","0,071429"
"1639","0,071429"
"1640","0,071429"
"1641","0,071429"
"1642","0,071429"
"1643","0,071429"
"1644","0,071429"
"1645","0,071429"
"1646","0,071429"
"1647","0,071429"
"1648","0,071429"
"1649","0,071429"
"1650","0,071429"
"1651","0,071429"
"1652","0,071429"
"1653","0,071429"
"1654","0,071429"
"1655","0,071429"
"1656","0,071429"
"1657","0,071429"
"1658","0,071429"
"1659","0,071429"
"1660","0,071429"
"1661","0,071429"
"1662","0,071429"
"1663","0,071429"
"1664","0,071429"
"1665","0,071429"
"1666","0,071429"
"1667","0,071429"
"1668","0,071429"
"1669","0,071429"
"1670","0,071429"
"1671","0,071429"
"1672","0,071429"
"1673","0,071429"
"1674","0,071429"
"1675","0,071429"
"1676","0,071429"
"1677","0,071429"
"1678","0,071429"
"1679","0,071429"
"1680","0,071429"
"1681","0,071429"
"1682","0,071429"
"1683","0,071429"
"1684","0,071429"
"1685","0,071429"
"1686","0,071429"
"1687","0,071429"
"1688","0,071429"
"1689","0,071429"
"1690","0,071429"
"1691","0,071429"
"1692","0,071429"
"1693","0,071429"
"1694","0,071429"
"1695","0,071429"
"1696","0,071429"
"1697","0,071429"
"1698","0,071429"
"1699","0,071429"
"1700","0,071429"
"1701","0,071429"
"1702","0,071429"
"1703","0,071429"
"1704","0,071429"
"1705","0,071429"
"1706","0,071429"
"1707","0,071429"
"1708","0,071429"
"1709","0,071429"
"1710","0,071429"
"1711","0,071429"
"1712","0,071429"
"1713","0,071429"
"1714","0,071429"
"1715","0,071429"
"1716","0,071429"
"1717","0,071429"
"1718","0,071429"
"1719","0,071429"
"1720","0,071429"
"1721","0,071429"
"1722","0,071429"
"1723","0,071429"
"1724","0,071429"
"1725","0,071429"
"1726","0,071429"
"1727","0,071429"
"1728","0,071429"
"1729","0,071429"
"1730","0,071429"
"1731","0,071429"
"1732","0,071429"
"1733","0,071429"
"1734","0,071429"
"1735","0,071429"
"1736","0,071429"
"1737","0,071429"
"1738","0,071429"
"1739","0,071429"
"1740","0,071429"
"1741","0,071429"
"1742","0,071429"
"1743","0,071429"
"1744","0,071429"
"1745","0,071429"
"1746","0,071429"
"1747","0,071429"
"1748","0,071429"
"1749","0,071429"
"1750","0,071429"
"1751","0,071429"
"1752","0,071429"
"1753","0,071429"
"1754","0,071429"
"1755","0,071429"
"1756","0,071429"
"1757","0,071429"
"1758","0,071429"
"1759","0,071429"
"1760","0,071429"
"1761","0,071429"
"1762","0,071429"
"1763","0,071429"
"1764","0,071429"
"1765","0,071429"
"1766","0,071429"
"1767","0,071429"
"1768","0,071429"
"1769","0,071429"
"1770","0,071429"
"1771","0,071429"
"1772","0,071429"
"1773","0,071429"
"1774","0,071429"
"1775","0,071429"
"1776","0,071429"
"1777","0,071429"
"1778","0,071429"
"1779","0,071429"
"1780","0,071429"
"1781","0,071429"
"1782","0,071429"
"1783","0,071429"
"1784","0,071429"
"1785","0,071429"
"1786","0,125"
"1787","0,115566"
"1788","0,106844"
"1789","0,09878"
"1790","0,091325"
"1791","0,084432"
"1792","0,07806"
"1793","0,072169"
"1794","0,066722"
"1795","0,061686"
"1796","0,057031"
"1797","0,052727"
"1798","0,048747"
"1799","0,045068"
"1800","0,041667"
"1801","0,041667"
"1802","0,041667"
"1803","0,041667"
"1804","0,041667"
"1805","0,041667"
"1806","0,041667"
"1807","0,041667"
"1808","0,041667"
"1809","0,041667"
"1810","0,041667"
"1811","0,041667"
"1812","0,041667"
"1813","0,041667"
"1814","0,041667"
"1815","0,041667"
"1816","0,041667"
"1817","0,041667"
"1818","0,041667"
"1819","0,041667"
"1820","0,041667"
"1821","0,041667"
"1822","0,041667"
"1823","0,041667"
"1824","0,041667"
"1825","0,041667"
"1826","0,041667"
"1827","0,041667"
"1828","0,041667"
"1829","0,041667"
"1830","0,041667"
"1831","0,041667"
"1832","0,041667"
"1833","0,041667"
"1834","0,041667"
"1835","0,041667"
"1836","0,041667"
"1837","0,041667"
"1838","0,041667"
"1839","0,041667"
"1840","0,041667"
"1841","0,041667"
"1842","0,041667"
"1843","0,041667"
"1844","0,041667"
"1845","0,041667"
"1846","0,041667"
"1847","0,041667"
"1848","0,041667"
"1849","0,041667"
"1850","0,041667"
"1851","0,041667"
"1852","0,041667"
"1853","0,041667"
"1854","0,041667"
"1855","0,041667"
"1856","0,041667"
"1857","0,041667"
"1858","0,041667"
"1859","0,041667"
"1860","0,041667"
"1861","0,041667"
"1862","0,041667"
"1863","0,041667"
"1864","0,041667"
"1865","0,041667"
"1866","0,041667"
"1867","0,041667"
"1868","0,041667"
"1869","0,041667"
"1870","0,041667"
"1871","0,041667"
"1872","0,041667"
"1873","0,041667"
"1874","0,041667"
"1875","0,041667"
"1876","0,041667"
"1877","0,041667"
"1878","0,041667"
"1879","0,041667"
"1880","0,041667"
"1881","0,041667"
"1882","0,041667"
"1883","0,041667"
"1884","0,041667"
"1885","0,041667"
"1886","0,041667"
"1887","0,041667"
"1888","0,041667"
"1889","0,041667"
"1890","0,041667"
"1891","0,041667"
"1892","0,041667"
"1893","0,041667"
"1894","0,041667"
"1895","0,041667"
"1896","0,041667"
"1897","0,041667"
"1898","0,041667"
"1899","0,041667"
"1900","0,041667"
"1901","0,041667"
"1902","0,041667"
"1903","0,041667"
"1904","0,041667"
"1905","0,041667"
"1906","0,041667"
"1907","0,041667"
"1908","0,041667"
"1909","0,041667"
"1910","0,041667"
"1911","0,041667"
"1912","0,041667"
"1913","0,041667"
"1914","0,041667"
"1915","0,041667"
"1916","0,041667"
"1917","0,041667"
"1918","0,041667"
"1919","0,041667"
"1920","0,041667"
"1921","0,041667"
"1922","0,041667"
"1923","0,041667"
"1924","0,041667"
"1925","0,041667"
"1926","0,041667"
"1927","0,041667"
"1928","0,041667"
"1929","0,041667"
"1930","0,041667"
"1931","0,041667"
"1932","0,041667"
"1933","0,041667"
"1934","0,041667"
"1935","0,041667"
"1936","0,041667"
"1937","0,041667"
"1938","0,041667"
"1939","0,041667"
"1940","0,041667"
"1941","0,041667"
"1942","0,041667"
"1943","0,041667"
"1944","0,041667"
"1945","0,041667"
"1946","0,041667"
"1947","0,041667"
"1948","0,041667"
"1949","0,041667"
"1950","0,041667"
"1951","0,041667"
"1952","0,041667"
"1953","0,041667"
"1954","0,041667"
"1955","0,041667"
"1956","0,041667"
"1957","0,041667"
"1958","0,041667"
"1959","0,041667"
"1960","0,041667"
"1961","0,041667"
"1962","0,041667"
"1963","0,041667"
"1964","0,041667"
"1965","0,041667"
"1966","0,041667"
"1967","0,041667"
"1968","0,041667"
"1969","0,041667"
"1970","0,041667"
"1971","0,041667"
"1972","0,041667"
"1973","0,041667"
"1974","0,041667"
"1975","0,041667"
"1976","0,041667"
"1977","0,041667"
"1978","0,041667"
"1979","0,041667"
"1980","0,041667"
"1981","0,041667"
"1982","0,041667"
"1983","0,041667"
"1984","0,041667"
"1985","0,041667"
"1986","0,041667"
"1987","0,041667"
"1988","0,041667"
"1989","0,041667"
"1990","0,041667"
"1991","0,041667"
"1992","0,041667"
"1993","0,041667"
"1994","0,041667"
"1995","0,041667"
"1996","0,041667"
"1997","0,041667"
"1998","0,041667"
"1999","0,041667"
"2000","0,041667"
"2001","0,041667"
"2002","0,041667"
"2003","0,041667"
"2004","0,041667"
"2005","0,041667"
"2006","0,041667"
"2007","0,041667"
"2008","0,041667"
"2009","0,041667"
"2010","0,041667"
"2011","0,041667"
"2012","0,041667"
"2013","0,041667"
"2014","0,041667"
"2015","0,041667"
"2016","0,041667"
"2017","0,041667"
"2018","0,041667"
"2019","0,041667"
"2020","0,041667"
"2021","0,041667"
"2022","0,041667"
"2023","0,041667"
"2024","0,041667"
"2025","0,041667"
"2026","0,041667"
"2027","0,041667"
"2028","0,041667"
"2029","0,041667"
"2030","0,041667"
"2031","0,041667"
"2032","0,041667"
"2033","0,041667"
"2034","0,041667"
"2035","0,041667"
"2036","0,041667"
"2037","0,041667"
"2038","0,041667"
"2039","0,041667"
"2040","0,041667"
"2041","0,136364"
"2042","0,126072"
"2043","0,116557"
"2044","0,10776"
"2045","0,099627"
"2046","0,092108"
"2047","0,085157"
"2048","0,07873"
"2049","0,072788"
"2050","0,067294"
"2051","0,062215"
"2052","0,05752"
"2053","0,053179"
"2054","0,049165"
"2055","0,045455"
"2056","0,045455"
"2057","0,045455"
"2058","0,045455"
"2059","0,045455"
"2060","0,045455"
"2061","0,045455"
"2062","0,045455"
"2063","0,045455"
"2064","0,045455"
"2065","0,045455"
"2066","0,045455"
"2067","0,045455"
"2068","0,045455"
"2069","0,045455"
"2070","0,045455"
"2071","0,045455"
"2072","0,045455"
"2073","0,045455"
"2074","0,045455"
"2075","0,045455"
"2076","0,045455"
"2077","0,045455"
"2078","0,045455"
"2079","0,045455"
"2080","0,045455"
"2081","0,045455"
"2082","0,045455"
"2083","0,045455"
"2084","0,045455"
"2085","0,045455"
"2086","0,045455"
"2087","0,045455"
"2088","0,045455"
"2089","0,045455"
"2090","0,045455"
"2091","0,045455"
"2092","0,045455"
"2093","0,045455"
"2094","0,045455"
"2095","0,045455"
"2096","0,045455"
"2097","0,045455"
"2098","0,045455"
"2099","0,045455"
"2100","0,045455"
"2101","0,045455"
"2102","0,045455"
"2103","0,045455"
"2104","0,045455"
"2105","0,045455"
"2106","0,045455"
"2107","0,045455"
"2108","0,045455"
"2109","0,045455"
"2110","0,045455"
"2111","0,045455"
"2112","0,045455"
"2113","0,045455"
"2114","0,045455"
"2115","0,045455"
"2116","0,045455"
"2117","0,045455"
"2118","0,045455"
"2119","0,045455"
"2120","0,045455"
"2121","0,045455"
"2122","0,045455"
"2123","0,045455"
"2124","0,045455"
"2125","0,045455"
"2126","0,045455"
"2127","0,045455"
"2128","0,045455"
"2129","0,045455"
"2130","0,045455"
"2131","0,045455"
"2132","0,045455"
"2133","0,045455"
"2134","0,045455"
"2135","0,045455"
"2136","0,045455"
"2137","0,045455"
"2138","0,045455"
"2139","0,045455"
"2140","0,045455"
"2141","0,045455"
"2142","0,045455"
"2143","0,045455"
"2144","0,045455"
"2145","0,045455"
"2146","0,045455"
"2147","0,045455"
"2148","0,045455"
"2149","0,045455"
"2150","0,045455"
"2151","0,045455"
"2152","0,045455"
"2153","0,045455"
"2154","0,045455"
"2155","0,045455"
"2156","0,045455"
"2157","0,045455"
"2158","0,045455"
"2159","0,045455"
"2160","0,045455"
"2161","0,045455"
"2162","0,045455"
"2163","0,045455"
"2164","0,045455"
"2165","0,045455"
"2166","0,045455"
"2167","0,045455"
"2168","0,045455"
"2169","0,045455"
"2170","0,045455"
"2171","0,045455"
"2172","0,045455"
"2173","0,045455"
"2174","0,045455"
"2175","0,045455"
"2176","0,045455"
"2177","0,045455"
"2178","0,045455"
"2179","0,045455"
"2180","0,045455"
"2181","0,045455"
"2182","0,045455"
"2183","0,045455"
"2184","0,045455"
"2185","0,045455"
"2186","0,045455"
"2187","0,045455"
"2188","0,045455"
"2189","0,045455"
"2190","0,045455"
"2191","0,045455"
"2192","0,045455"
"2193","0,045455"
"2194","0,045455"
"2195","0,045455"
"2196","0,045455"
"2197","0,045455"
"2198","0,045455"
"2199","0,045455"
"2200","0,045455"
"2201","0,045455"
"2202","0,045455"
"2203","0,045455"
"2204","0,045455"
"2205","0,045455"
"2206","0,045455"
"2207","0,045455"
"2208","0,045455"
"2209","0,045455"
"2210","0,045455"
"2211","0,045455"
"2212","0,045455"
"2213","0,045455"
"2214","0,045455"
"2215","0,045455"
"2216","0,045455"
"2217","0,045455"
"2218","0,045455"
"2219","0,045455"
"2220","0,045455"
"2221","0,045455"
"2222","0,045455"
"2223","0,045455"
"2224","0,045455"
"2225","0,045455"
"2226","0,045455"
"2227","0,045455"
"2228","0,045455"
"2229","0,045455"
"2230","0,045455"
"2231","0,045455"
"2232","0,045455"
"2233","0,045455"
"2234","0,045455"
"2235","0,045455"
"2236","0,045455"
"2237","0,045455"
"2238","0,045455"
"2239","0,045455"
"2240","0,045455"
"2241","0,045455"
"2242","0,045455"
"2243","0,045455"
"2244","0,045455"
"2245","0,045455"
"2246","0,045455"
"2247","0,045455"
"2248","0,045455"
"2249","0,045455"
"2250","0,045455"
"2251","0,045455"
"2252","0,045455"
"2253","0,045455"
"2254","0,045455"
"2255","0,045455"
"2256","0,045455"
"2257","0,045455"
"2258","0,045455"
"2259","0,045455"
"2260","0,045455"
"2261","0,045455"
"2262","0,045455"
"2263","0,045455"
"2264","0,045455"
"2265","0,045455"
"2266","0,045455"
"2267","0,045455"
"2268","0,045455"
"2269","0,045455"
"2270","0,045455"
"2271","0,045455"
"2272","0,045455"
"2273","0,045455"
"2274","0,045455"
"2275","0,045455"
"2276","0,045455"
"2277","0,045455"
"2278","0,045455"
"2279","0,045455"
"2280","0,045455"
"2281","0,045455"
"2282","0,045455"
"2283","0,045455"
"2284","0,045455"
"2285","0,045455"
"2286","0,045455"
"2287","0,045455"
"2288","0,045455"
"2289","0,045455"
"2290","0,045455"
"2291","0,045455"
"2292","0,045455"
"2293","0,045455"
"2294","0,045455"
"2295","0,045455"
"2296","0"
"2297","0"
"2298","0"
"2299","0"
"2300","0"
"2301","0"
"2302","0"
"2303","0"
"2304","0"
"2305","0"
"2306","0"
"2307","0"
"2308","0"
"2309","0"
"2310","0"
"2311","0"
"2312","0"
"2313","0"
"2314","0"
"2315","0"
"2316","0"
"2317","0"
"2318","0"
"2319","0"
"2320","0"
"2321","0"
"2322","0"
"2323","0"
"2324","0"
"2325","0"
"2326","0"
"2327","0"
"2328","0"
"2329","0"
"2330","0"
"2331","0"
"2332","0"
"2333","0"
"2334","0"
"2335","0"
"2336","0"
"2337","0"
"2338","0"
"2339","0"
"2340","0"
"2341","0"
"2342","0"
"2343","0"
"2344","0"
"2345","0"
"2346","0"
"2347","0"
"2348","0"
"2349","0"
"2350","0"
"2351","0"
"2352","0"
"2353","0"
"2354","0"
"2355","0"
"2356","0"
"2357","0"
"2358","0"
"2359","0"
"2360","0"
"2361","0"
"2362","0"
"2363","0"
"2364","0"
"2365","0"
"2366","0"
"2367","0"
"2368","0"
"2369","0"
"2370","0"
"2371","0"
"2372","0"
"2373","0"
"2374","0"
"2375","0"
"2376","0"
"2377","0"
"2378","0"
"2379","0"
"2380","0"
"2381","0"
"2382","0"
"2383","0"
"2384","0"
"2385","0"
"2386","0"
"2387","0"
"2388","0"
"2389","0"
"2390","0"
"2391","0"
"2392","0"
"2393","0"
"2394","0"
"2395","0"
"2396","0"
"2397","0"
"2398","0"
"2399","0"
"2400","0"
"2401","0"
"2402","0"
"2403","0"
"2404","0"
"2405","0"
"2406","0"
"2407","0"
"2408","0"
"2409","0"
"2410","0"
"2411","0"
"2412","0"
"2413","0"
"2414","0"
"2415","0"
"2416","0"
"2417","0"
"2418","0"
"2419","0"
"2420","0"
"2421","0"
"2422","0"
"2423","0"
"2424","0"
"2425","0"
"2426","0"
"2427","0"
"2428","0"
"2429","0"
"2430","0"
"2431","0"
"2432","0"
"2433","0"
"2434","0"
"2435","0"
"2436","0"
"2437","0"
"2438","0"
"2439","0"
"2440","0"
"2441","0"
"2442","0"
"2443","0"
"2444","0"
"2445","0"
"2446","0"
"2447","0"
"2448","0"
"2449","0"
"2450","0"
"2451","0"
"2452","0"
"2453","0"
"2454","0"
"2455","0"
"2456","0"
"2457","0"
"2458","0"
"2459","0"
"2460","0"
"2461","0"
"2462","0"
"2463","0"
"2464","0"
"2465","0"
"2466","0"
"2467","0"
"2468","0"
"2469","0"
"2470","0"
"2471","0"
"2472","0"
"2473","0"
"2474","0"
"2475","0"
"2476","0"
"2477","0"
"2478","0"
"2479","0"
"2480","0"
"2481","0"
"2482","0"
"2483","0"
"2484","0"
"2485","0"
"2486","0"
"2487","0"
"2488","0"
"2489","0"
"2490","0"
"2491","0"
"2492","0"
"2493","0"
"2494","0"
"2495","0"
"2496","0"
"2497","0"
"2498","0"
"2499","0"
"2500","0"
"2501","0"
"2502","0"
"2503","0"
"2504","0"
"2505","0"
"2506","0"
"2507","0"
"2508","0"
"2509","0"
"2510","0"
"2511","0"
"2512","0"
"2513","0"
"2514","0"
"2515","0"
"2516","0"
"2517","0"
"2518","0"
"2519","0"
"2520","0"
"2521","0"
"2522","0"
"2523","0"
"2524","0"
"2525","0"
"2526","0"
"2527","0"
"2528","0"
"2529","0"
"2530","0"
"2531","0"
"2532","0"
"2533","0"
"2534","0"
"2535","0"
"2536","0"
"2537","0"
"2538","0"
"2539","0"
"2540","0"
"2541","0"
"2542","0"
"2543","0"
"2544","0"
"2545","0"
"2546","0"
"2547","0"
"2548","0"
"2549","0"
"2550","0"
"2551","0,1875"
"2552","0,173349"
"2553","0,160266"
"2554","0,14817"
"2555","0,136987"
"2556","0,126649"
"2557","0,11709"
"2558","0,108253"
"2559","0,100083"
"2560","0,09253"
"2561","0,085546"
"2562","0,07909"
"2563","0,073121"
"2564","0,067602"
"2565","0,0625"
"2566","0,0625"
"2567","0,0625"
"2568","0,0625"
"2569","0,0625"
"2570","0,0625"
"2571","0,0625"
"2572","0,0625"
"2573","0,0625"
"2574","0,0625"
"2575","0,0625"
"2576","0,0625"
"2577","0,0625"
"2578","0,0625"
"2579","0,0625"
"2580","0,0625"
"2581","0,0625"
"2582","0,0625"
"2583","0,0625"
"2584","0,0625"
"2585","0,0625"
"2586","0,0625"
"2587","0,0625"
"2588","0,0625"
"2589","0,0625"
"2590","0,0625"
"2591","0,0625"
"2592","0,0625"
"2593","0,0625"
"2594","0,0625"
"2595","0,0625"
"2596","0,0625"
"2597","0,0625"
"2598","0,0625"
"2599","0,0625"
"2600","0,0625"
"2601","0,0625"
"2602","0,0625"
"2603","0,0625"
"2604","0,0625"
"2605","0,0625"
"2606","0,0625"
"2607","0,0625"
"2608","0,0625"
"2609","0,0625"
"2610","0,0625"
"2611","0,0625"
"2612","0,0625"
"2613","0,0625"
"2614","0,0625"
"2615","0,0625"
"2616","0,0625"
"2617","0,0625"
"2618","0,0625"
"2619","0,0625"
"2620","0,0625"
"2621","0,0625"
"2622","0,0625"
"2623","0,0625"
"2624","0,0625"
"2625","0,0625"
"2626","0,0625"
"2627","0,0625"
"2628","0,0625"
"2629","0,0625"
"2630","0,0625"
"2631","0,0625"
"2632","0,0625"
"2633","0,0625"
"2634","0,0625"
"2635","0,0625"
"2636","0,0625"
"2637","0,0625"
"2638","0,0625"
"2639","0,0625"
"2640","0,0625"
"2641","0,0625"
"2642","0,0625"
"2643","0,0625"
"2644","0,0625"
"2645","0,0625"
"2646","0,0625"
"2647","0,0625"
"2648","0,0625"
"2649","0,0625"
"2650","0,0625"
"2651","0,0625"
"2652","0,0625"
"2653","0,0625"
"2654","0,0625"
"2655","0,0625"
"2656","0,0625"
"2657","0,0625"
"2658","0,0625"
"2659","0,0625"
"2660","0,0625"
"2661","0,0625"
"2662","0,0625"
"2663","0,0625"
"2664","0,0625"
"2665","0,0625"
"2666","0,0625"
"2667","0,0625"
"2668","0,0625"
"2669","0,0625"
"2670","0,0625"
"2671","0,0625"
"2672","0,0625"
"2673","0,0625"
"2674","0,0625"
"2675","0,0625"
"2676","0,0625"
"2677","0,0625"
"2678","0,0625"
"2679","0,0625"
"2680","0,0625"
"2681","0,0625"
"2682","0,0625"
"2683","0,0625"
"2684","0,0625"
"2685","0,0625"
"2686","0,0625"
"2687","0,0625"
"2688","0,0625"
"2689","0,0625"
"2690","0,0625"
"2691","0,0625"
"2692","0,0625"
"2693","0,0625"
"2694","0,0625"
"2695","0,0625"
"2696","0,0625"
"2697","0,0625"
"2698","0,0625"
"2699","0,0625"
"2700","0,0625"
"2701","0,0625"
"2702","0,0625"
"2703","0,0625"
"2704","0,0625"
"2705","0,0625"
"2706","0,0625"
"2707","0,0625"
"2708","0,0625"
"2709","0,0625"
"2710","0,0625"
"2711","0,0625"
"2712","0,0625"
"2713","0,0625"
"2714","0,0625"
"2715","0,0625"
"2716","0,0625"
"2717","0,0625"
"2718","0,0625"
"2719","0,0625"
"2720","0,0625"
"2721","0,0625"
"2722","0,0625"
"2723","0,0625"
"2724","0,0625"
"2725","0,0625"
"2726","0,0625"
"2727","0,0625"
"2728","0,0625"
"2729","0,0625"
"2730","0,0625"
"2731","0,0625"
"2732","0,0625"
"2733","0,0625"
"2734","0,0625"
"2735","0,0625"
"2736","0,0625"
"2737","0,0625"
"2738","0,0625"
"2739","0,0625"
"2740","0,0625"
"2741","0,0625"
"2742","0,0625"
"2743","0,0625"
"2744","0,0625"
"2745","0,0625"
"2746","0,0625"
"2747","0,0625"
"2748","0,0625"
"2749","0,0625"
"2750","0,0625"
"2751","0,0625"
"2752","0,0625"
"2753","0,0625"
"2754","0,0625"
"2755","0,0625"
"2756","0,0625"
"2757","0,0625"
"2758","0,0625"
"2759","0,0625"
"2760","0,0625"
"2761","0,0625"
"2762","0,0625"
"2763","0,0625"
"2764","0,0625"
"2765","0,0625"
"2766","0,0625"
"2767","0,0625"
"2768","0,0625"
"2769","0,0625"
"2770","0,0625"
"2771","0,0625"
"2772","0,0625"
"2773","0,0625"
"2774","0,0625"
"2775","0,0625"
"2776","0,0625"
"2777","0,0625"
"2778","0,0625"
"2779","0,0625"
"2780","0,0625"
"2781","0,0625"
"2782","0,0625"
"2783","0,0625"
"2784","0,0625"
"2785","0,0625"
"2786","0,0625"
"2787","0,0625"
"2788","0,0625"
"2789","0,0625"
"2790","0,0625"
"2791","0,0625"
"2792","0,0625"
"2793","0,0625"
"2794","0,0625"
"2795","0,0625"
"2796","0,0625"
"2797","0,0625"
"2798","0,0625"
"2799","0,0625"
"2800","0,0625"
"2801","0,0625"
"2802","0,0625"
"2803","0,0625"
"2804","0,0625"
"2805","0,0625"
