"ID","FromTaxiNode","ToTaxiNode","Cost"
"6","2","4","110"
"7","4","2","110"
"8","5","2","210"
"9","2","5","210"
"12","6","2","50"
"13","2","6","50"
"15","8","6","110"
"16","6","8","110"
"17","7","6","330"
"18","6","7","330"
"20","11","10","110"
"21","10","11","110"
"22","12","2","330"
"23","2","12","330"
"24","13","11","330"
"25","11","13","330"
"26","14","6","330"
"27","6","14","330"
"30","16","6","530"
"31","6","16","530"
"32","17","11","530"
"33","11","17","530"
"34","20","18","630"
"35","18","20","630"
"36","18","21","630"
"37","21","18","630"
"38","21","11","630"
"39","11","21","630"
"40","2","19","630"
"41","19","2","630"
"42","23","22","50"
"44","25","22","110"
"45","25","23","110"
"46","22","25","110"
"47","23","25","110"
"50","28","26","330"
"51","26","28","330"
"52","29","22","210"
"53","22","29","210"
"54","30","22","430"
"55","22","30","430"
"56","32","31","430"
"57","31","32","730"
"58","33","26","330"
"59","26","33","330"
"82","18","56","630"
"101","26","27","0"
"102","27","26","0"
"121","56","18","630"
"141","37","32","530"
"161","38","22","530"
"162","22","38","530"
"163","32","37","530"
"181","26","32","630"
"182","32","26","630"
"201","39","32","630"
"222","32","39","730"
"223","40","23","730"
"224","23","40","730"
"225","41","26","730"
"226","26","41","730"
"227","42","22","730"
"228","22","42","730"
"229","43","14","330"
"230","14","43","730"
"241","34","80","0"
"242","44","23","830"
"243","23","44","830"
"244","45","2","830"
"245","2","45","830"
"249","4","5","210"
"250","4","12","330"
"252","12","4","110"
"253","46","7","0"
"254","5","4","110"
"255","4","19","630"
"256","19","4","530"
"257","5","12","330"
"258","12","5","210"
"259","12","19","630"
"260","19","12","330"
"261","12","45","830"
"262","45","12","330"
"263","6","43","730"
"264","43","6","730"
"265","8","7","330"
"266","7","8","110"
"267","8","16","530"
"268","16","8","110"
"269","7","16","530"
"270","16","7","330"
"271","7","14","330"
"272","14","7","330"
"273","16","14","330"
"274","14","16","530"
"275","16","43","730"
"276","43","16","530"
"279","25","29","210"
"280","29","25","210"
"281","25","30","430"
"282","30","25","430"
"283","25","44","830"
"284","44","25","830"
"285","47","35","0"
"286","48","25","930"
"287","25","48","930"
"289","26","49","830"
"290","22","44","830"
"291","44","22","830"
"292","50","89","0"
"293","51","27","0"
"295","50","51","0"
"298","52","49","830"
"301","35","47","0"
"302","35","90","0"
"303","54","24","0"
"304","55","25","110"
"305","58","25","110"
"306","53","48","930"
"307","48","53","1020"
"308","30","40","730"
"309","22","40","730"
"310","40","30","430"
"311","40","22","730"
"312","59","6","0"
"313","60","11","0"
"314","6","59","1020"
"315","62","27","0"
"316","63","22","0"
"317","21","56","710"
"318","56","21","630"
"319","21","17","630"
"320","17","21","630"
"321","17","13","330"
"322","13","17","530"
"323","39","31","430"
"324","31","39","730"
"325","31","41","630"
"326","41","31","430"
"327","61","23","530"
"328","23","61","530"
"329","64","26","730"
"330","26","64","730"
"332","64","65","730"
"333","61","25","530"
"334","25","61","530"
"335","23","55","630"
"336","55","23","630"
"338","23","48","830"
"339","52","65","730"
"341","48","23","930"
"343","56","20","630"
"344","20","56","630"
"345","22","55","630"
"346","66","14","330"
"347","14","66","830"
"348","55","22","630"
"349","43","67","1020"
"350","58","61","530"
"351","61","58","330"
"352","67","43","730"
"353","42","25","730"
"354","25","58","330"
"355","25","42","730"
"356","38","29","210"
"357","11","68","1020"
"358","29","38","530"
"359","68","11","1020"
"360","25","55","630"
"361","20","21","630"
"362","21","20","530"
"363","53","69","830"
"364","69","48","930"
"365","48","69","830"
"366","69","53","1020"
"367","49","52","1020"
"368","49","26","830"
"369","65","26","730"
"371","65","52","1020"
"372","65","64","730"
"373","37","41","730"
"374","41","37","730"
"375","42","38","730"
"376","38","42","730"
"377","70","21","830"
"378","21","70","830"
"379","70","56","830"
"380","56","70","830"
"381","71","45","830"
"382","45","71","830"
"383","11","60","1020"
"384","37","26","530"
"385","26","37","530"
"386","26","65","730"
"387","22","23","50"
"388","40","55","630"
"389","40","42","630"
"390","55","40","730"
"391","42","40","630"
"392","40","25","730"
"393","25","40","730"
"394","39","73","1020"
"395","40","72","1020"
"398","53","23","1020"
"399","23","53","1020"
"400","44","48","930"
"401","48","44","830"
"402","74","6","830"
"404","6","74","830"
"406","21","75","830"
"407","75","21","630"
"408","70","75","830"
"409","75","70","830"
"410","71","74","830"
"411","74","71","830"
"412","76","13","330"
"413","13","76","730"
"414","11","76","730"
"415","76","11","730"
"416","77","25","110"
"417","25","77","110"
"419","22","77","110"
"420","77","22","110"
"421","77","30","430"
"422","30","77","430"
"423","72","40","730"
"424","73","39","730"
"425","71","2","830"
"427","2","71","830"
"428","6","66","1020"
"429","66","6","1020"
"431","66","67","1020"
"432","67","66","1020"
"436","78","24","0"
"437","67","6","1020"
"438","6","67","1020"
"439","36","24","0"
"440","10","13","330"
"441","13","10","110"
"443","28","33","330"
"444","33","28","330"
"445","32","64","730"
"446","64","32","630"
"447","64","52","1030"
"448","52","64","730"
"449","72","42","730"
"450","42","72","1030"
"451","73","41","730"
"452","79","39","730"
"453","79","40","730"
"454","79","72","1030"
"455","79","73","1030"
"456","72","79","830"
"457","73","79","830"
"458","39","79","830"
"459","40","79","830"
"460","80","32","630"
"461","80","25","110"
"462","25","80","110"
"464","32","80","110"
"465","64","80","110"
"466","80","64","730"
"467","28","64","730"
"468","64","28","330"
"469","5","71","830"
"470","71","5","210"
"471","41","73","1030"
"473","76","68","1030"
"474","68","76","730"
"475","43","66","1020"
"476","66","43","730"
"477","37","33","330"
"478","33","37","530"
"479","49","65","730"
"480","65","49","1020"
"481","61","44","830"
"482","44","61","530"
"484","17","76","730"
"485","76","17","530"
"486","42","30","430"
"487","30","42","730"
"488","83","82","110"
"489","82","83","330"
"494","84","85","0"
"495","84","86","0"
"496","84","87","0"
"499","53","44","830"
"500","44","53","1020"
"503","88","51","0"
"506","92","91","0"
"507","93","94","110"
"508","94","93","110"
"512","95","96","0"
"514","97","98","0"
"515","101","100","1020"
"516","100","101","1020"
"517","102","99","1020"
"518","99","102","1020"
"520","103","104","0"
"522","107","108","0"
"523","105","106","0"
"524","109","110","0"
"525","74","8","110"
"526","8","74","830"
"527","58","48","830"
"528","48","58","330"
"529","29","58","330"
"530","58","29","210"
"531","111","112","0"
"532","113","114","0"
"534","115","116","0"
"535","117","101","1020"
"536","101","117","1020"
"537","118","102","1020"
"538","102","118","1020"
"539","119","117","1020"
"540","117","119","1020"
"541","120","118","1020"
"542","118","120","1020"
"543","120","102","1020"
"544","102","120","1020"
"545","121","119","1020"
"546","119","121","1020"
"547","121","100","1020"
"548","127","99","1020"
"549","127","128","1020"
"550","127","123","1020"
"551","123","127","1020"
"552","128","127","1020"
"553","121","124","1020"
"554","124","121","1020"
"555","121","128","1020"
"557","128","121","1020"
"558","100","121","1020"
"559","119","128","1020"
"560","128","119","1020"
"561","117","128","1020"
"562","128","117","1020"
"564","129","100","0"
"565","130","99","0"
"566","100","129","0"
"567","99","130","0"
"568","122","125","1020"
"569","125","122","1020"
"570","125","117","1020"
"571","120","128","1020"
"572","128","120","1020"
"573","102","128","1020"
"574","128","102","1020"
"575","99","127","1020"
"576","128","118","1020"
"577","118","128","1020"
"578","126","118","1020"
"579","118","126","1020"
"580","122","126","1020"
"581","126","122","1020"
"582","129","101","0"
"583","130","102","0"
"584","131","132","0"
"585","133","134","0"
"587","135","136","0"
"589","137","138","0"
"590","139","126","1020"
"591","140","123","1020"
"592","126","139","1020"
"593","125","139","1020"
"594","123","140","875"
"595","140","124","875"
"598","124","140","875"
"600","139","125","1020"
"601","141","99","1020"
"602","99","141","1020"
"603","117","125","1020"
"604","142","141","1020"
"605","144","143","0"
"606","145","146","0"
"607","148","147","0"
"608","147","148","0"
"611","149","129","0"
"612","133","149","0"
"613","129","149","0"
"614","100","149","0"
"615","149","100","0"
"616","150","122","1020"
"617","122","150","1020"
"618","151","102","1020"
"619","102","151","1020"
"620","151","118","1020"
"621","118","151","1020"
"622","151","128","1020"
"623","128","151","1020"
"624","126","151","1020"
"625","151","126","1020"
"627","152","153","0"
"628","154","155","0"
"629","81","36","0"
"630","156","125","510"
"631","125","156","510"
"632","157","158","0"
"633","122","139","1020"
"634","139","122","1020"
"635","159","124","875"
"636","159","123","875"
"637","150","139","1020"
"638","139","150","1020"
"639","123","159","875"
"640","124","159","875"
"641","156","122","1020"
"642","122","156","1020"
"643","160","126","510"
"644","160","125","510"
"645","125","160","510"
"646","126","160","510"
"647","160","122","710"
"648","122","160","710"
"649","161","162","0"
"650","163","122","1020"
"652","126","163","1020"
"653","122","163","1020"
"654","163","126","1020"
"655","164","117","1020"
"656","117","164","1020"
"657","164","125","1020"
"658","125","164","1020"
"659","165","175","0"
"660","28","32","730"
"661","32","28","730"
"662","166","48","830"
"663","166","61","530"
"664","166","65","830"
"665","48","166","830"
"666","65","166","830"
"668","28","166","830"
"669","166","28","530"
"670","61","166","830"
"671","167","28","330"
"672","166","58","530"
"673","58","166","830"
"674","167","64","730"
"675","167","166","830"
"676","166","167","330"
"677","28","167","330"
"678","64","167","330"
"679","160","156","510"
"680","74","2","830"
"681","2","74","730"
"682","20","70","830"
"683","70","20","630"
"685","156","160","510"
"686","100","128","1020"
"687","128","100","1020"
"688","39","80","110"
"689","40","80","110"
"690","80","39","730"
"691","80","40","730"
"692","55","77","110"
"693","77","55","630"
"694","55","30","630"
"695","30","55","630"
"696","80","55","630"
"697","55","80","110"
"698","80","28","330"
"699","28","80","110"
"702","22","58","530"
"703","58","22","110"
"704","169","170","0"
"705","171","172","0"
"706","172","171","0"
"707","173","174","0"
"708","117","156","1020"
"709","156","117","1020"
"710","175","14","0"
"711","176","177","0"
"712","178","36","0"
"713","178","24","0"
"714","179","55","630"
"715","179","32","630"
"716","55","179","630"
"717","32","179","630"
"718","179","30","430"
"719","30","179","630"
"720","179","31","430"
"721","31","179","630"
"722","163","151","1020"
"723","151","163","1020"
"724","180","181","0"
"727","182","36","0"
"728","183","184","4000"
"729","184","183","4000"
"730","185","184","4000"
"731","184","185","4000"
"732","183","185","4000"
"733","175","178","0"
"734","185","183","4000"
"736","186","187","0"
"737","175","90","0"
"738","188","189","0"
"739","190","191","4000"
"740","192","190","4000"
"741","192","191","4000"
"742","191","190","4000"
"743","191","192","4000"
"744","190","192","4000"
"745","194","193","0"
"746","195","19","630"
"747","19","195","630"
"748","195","4","110"
"749","4","195","630"
"750","195","12","330"
"751","12","195","630"
"752","195","2","630"
"753","2","195","630"
"756","196","35","0"
"757","198","197","0"
"758","23","198","1"
"760","199","200","0"
"765","168","2","1"
"766","68","83","1020"
"767","83","68","1020"
"768","201","202","0"
"771","68","205","1020"
"772","205","68","1020"
"773","83","205","530"
"774","205","83","530"
"775","67","205","1020"
"776","205","67","1020"
"777","206","24","0"
"778","207","208","0"
"779","209","210","0"
"781","82","213","530"
"782","213","82","530"
"784","211","212","0"
"785","214","215","0"
"786","205","213","730"
"787","213","205","730"
"788","212","211","0"
"790","23","80","110"
"791","80","23","110"
"792","221","222","0"
"793","175","178","0"
"794","224","178","0"
"795","225","226","0"
"796","67","213","1750"
"797","213","67","1750"
"798","228","229","0"
"799","230","231","0"
"805","232","233","0"
"806","234","235","0"
"807","6","213","2775"
"808","236","237","0"
"810","241","36","0"
"811","242","243","0"
"812","185","244","4000"
"813","244","185","4000"
"814","245","246","4000"
"815","246","245","4000"
"816","245","247","6000"
"817","247","245","6000"
"818","247","244","4000"
"819","190","248","4000"
"820","244","247","4000"
"821","250","249","4000"
"822","249","250","4000"
"823","251","244","4000"
"824","244","251","4000"
"825","244","252","4000"
"826","248","190","4000"
"827","252","244","4000"
"828","254","250","4000"
"829","253","244","4000"
"830","250","254","6000"
"831","244","253","4000"
"832","250","248","6000"
"834","255","253","4000"
"835","253","255","4000"
"836","248","250","4000"
"837","190","254","12000"
"838","185","253","4000"
"839","254","190","8000"
"841","253","185","6000"
"842","256","252","4000"
"843","252","256","4000"
"844","256","254","5000"
"845","254","256","4000"
"846","257","258","4000"
"847","258","257","4000"
"848","259","257","4000"
"849","257","259","4000"
"852","260","256","4000"
"853","256","260","4000"
"854","235","225","4000"
"855","235","257","4000"
"856","235","245","4000"
"867","204","254","0"
"868","203","261","0"
"869","262","263","0"
"872","266","264","0"
"873","266","265","0"
"874","266","241","0"
"875","267","268","0"
"876","269","270","0"
"877","271","272","0"
"878","273","274","0"
"879","275","276","0"
"880","277","278","0"
"881","280","279","0"
"882","282","281","0"
"883","284","283","0"
"884","285","286","0"
"885","287","288","0"
"888","289","257","4000"
"889","289","245","4000"
"892","252","254","4000"
"893","254","252","4000"
"894","256","258","6000"
"895","258","256","6000"
"896","259","258","4000"
"897","258","259","4000"
"898","192","248","4000"
"899","248","192","4000"
"900","249","192","6000"
"901","192","249","6000"
"902","249","191","6000"
"903","191","249","6000"
"904","184","255","6000"
"905","255","184","6000"
"906","251","247","4000"
"907","247","251","4000"
"908","251","252","4000"
"909","252","251","4000"
"910","247","246","6000"
"911","246","247","6000"
"912","247","252","4000"
"913","252","247","4000"
"914","260","252","4000"
"915","252","260","4000"
"918","290","291","0"
"919","289","246","4000"
"920","246","289","4000"
"921","245","289","4000"
"922","257","289","4000"
"923","259","289","4000"
"924","289","259","4000"
"925","258","289","4000"
"926","289","258","4000"
"927","289","226","5000"
"928","226","289","5000"
"930","295","294","7000"
"931","295","185","4000"
"932","185","295","4000"
"933","183","295","4000"
"934","295","183","4000"
"935","294","295","7000"
"936","190","295","4000"
"937","295","190","4000"
"938","248","295","4000"
"939","295","248","4000"
"940","256","294","4000"
"941","294","256","4000"
"942","254","294","4000"
"943","294","254","4000"
"944","247","294","4000"
"945","294","247","4000"
"946","244","294","4000"
"947","294","244","4000"
"948","294","252","4000"
"949","252","294","4000"
"950","296","257","4000"
"951","296","258","4000"
"952","296","245","4000"
"953","296","246","4000"
"954","296","294","6000"
"955","258","296","4000"
"956","297","298","0"
"957","257","296","4000"
"958","246","296","4000"
"960","245","296","4000"
"961","294","296","6000"
"962","296","247","6000"
"963","247","296","6000"
"964","299","196","0"
"965","300","36","0"
"966","300","196","0"
"967","300","24","0"
"968","301","302","0"
"969","260","254","4000"
"970","254","260","4000"
"971","250","192","6000"
"972","192","250","6000"
"974","184","253","6000"
"975","253","184","6000"
"978","304","307","4000"
"979","307","304","4000"
"982","306","304","4000"
"983","304","306","4000"
"984","305","306","4000"
"985","306","305","4000"
"987","305","304","4000"
"988","304","305","4000"
"990","252","305","6000"
"991","305","252","6000"
"992","307","255","6000"
"993","255","307","6000"
"994","249","307","6000"
"995","307","249","6000"
"998","249","304","6000"
"999","304","249","6000"
"1000","253","306","6000"
"1001","306","253","6000"
"1002","250","306","6000"
"1003","306","250","6000"
"1004","306","244","6000"
"1005","244","306","6000"
"1006","306","254","6000"
"1007","254","306","6000"
"1008","305","244","6000"
"1009","244","305","6000"
"1010","305","254","6000"
"1011","254","305","6000"
"1012","251","305","6000"
"1013","305","251","6000"
"1014","305","260","6000"
"1015","260","305","6000"
"1016","309","308","4000"
"1017","308","309","4000"
"1018","246","309","6000"
"1019","309","246","6000"
"1020","259","309","6000"
"1021","309","259","6000"
"1022","246","308","6000"
"1023","308","246","6000"
"1024","259","308","6000"
"1025","308","259","6000"
"1026","260","310","6000"
"1027","310","260","6000"
"1028","251","310","6000"
"1029","310","251","6000"
"1030","310","305","6000"
"1031","305","310","6000"
"1034","310","252","6000"
"1035","252","310","6000"
"1036","294","310","6000"
"1037","310","294","6000"
"1038","239","240","0"
"1039","311","312","0"
"1040","313","312","0"
"1041","292","293","0"
"1042","314","312","0"
"1043","304","255","6000"
"1044","255","304","6000"
"1045","249","306","6000"
"1046","306","249","6000"
"1048","67","315","730"
"1049","315","67","730"
"1050","68","315","730"
"1052","315","68","730"
"1053","316","317","0"
"1054","318","319","0"
"1055","227","47","5"
"1056","320","305","6000"
"1057","305","320","6000"
"1058","310","320","6000"
"1059","320","310","6000"
"1060","321","320","4000"
"1061","320","321","4000"
"1064","323","320","4000"
"1066","324","320","4000"
"1067","320","323","4000"
"1068","320","324","4000"
"1073","321","326","4000"
"1076","326","321","4000"
"1079","231","230","0"
"1080","324","323","4000"
"1081","323","324","4000"
"1084","324","307","6000"
"1085","307","324","6000"
"1086","327","326","4000"
"1088","326","327","4000"
"1090","327","323","4000"
"1091","323","327","4000"
"1092","321","327","4000"
"1093","327","321","4000"
"1094","328","330","0"
"1095","329","330","0"
"1096","248","254","7000"
"1097","254","248","7000"
"1098","331","307","4000"
"1099","307","331","4000"
"1100","326","324","4000"
"1101","324","326","4000"
"1102","326","323","4000"
"1103","323","326","4000"
"1104","325","308","6000"
"1105","308","325","6000"
"1106","309","325","6000"
"1107","325","309","6000"
"1108","303","310","6000"
"1110","332","310","6000"
"1112","333","325","4000"
"1113","325","333","4000"
"1114","334","310","6000"
"1115","310","334","6000"
"1116","321","334","6000"
"1117","334","321","6000"
"1118","334","323","6000"
"1119","323","334","6000"
"1120","333","334","4000"
"1121","334","333","4000"
"1123","327","333","6000"
"1124","333","327","6000"
"1125","303","251","6000"
"1128","303","247","6000"
"1129","303","308","6000"
"1131","332","308","6000"
"1134","332","258","6000"
"1136","332","256","6000"
"1137","335","334","4000"
"1138","334","335","4000"
"1139","335","310","6000"
"1140","310","335","6000"
"1141","335","333","4000"
"1142","333","335","4000"
"1144","303","335","6000"
"1146","332","335","6000"
"1147","336","305","6000"
"1148","305","336","6000"
"1149","337","305","6000"
"1150","305","337","6000"
"1151","337","320","6000"
"1152","320","337","6000"
"1153","336","320","6000"
"1154","320","336","6000"
"1155","337","310","4000"
"1156","336","310","4000"
"1157","310","337","4000"
"1158","310","336","4000"
"1159","336","244","6000"
"1160","244","336","6000"
"1161","326","307","6000"
"1162","307","326","6000"
"1163","322","324","4000"
"1164","324","322","4000"
"1165","322","326","4000"
"1166","326","322","4000"
"1167","322","320","4000"
"1168","320","322","4000"
"1169","322","307","6000"
"1170","307","322","6000"
"1171","335","303","6000"
"1172","335","332","6000"
"1173","310","332","6000"
"1174","310","303","6000"
"1175","251","303","6000"
"1176","256","332","6000"
"1177","247","303","6000"
"1178","258","332","6000"
"1179","308","303","6000"
"1180","308","332","6000"
"1185","325","332","6000"
"1186","332","325","6000"
"1187","325","303","6000"
"1188","303","325","6000"
"1189","335","325","4000"
"1190","325","335","4000"
"1191","341","342","0"
"1192","327","340","6000"
"1193","340","327","6000"
"1194","333","340","4000"
"1195","340","333","4000"
"1196","335","340","4000"
"1197","340","335","4000"
"1198","310","340","6000"
"1199","340","310","6000"
"1202","333","332","6000"
"1203","332","333","6000"
"1204","303","333","6000"
"1205","333","303","6000"
"1206","308","310","7000"
"1207","310","308","7000"
"1221","348","196","0"
"1222","99","128","1020"
"1224","128","99","1020"
"1247","353","-1","0"
"1248","352","-1","0"
"1252","352","-1","0"
"1268","358","359","0"
"1813","0","-1","0"
"1814","376","-1","0"
"1815","377","-1","0"
"1816","376","-1","0"
"1817","377","-1","0"
"1818","376","-1","0"
"1819","376","-1","0"
"1824","383","66","730"
"1825","66","383","730"
"1826","383","68","1020"
"1827","68","383","1020"
"1828","383","67","1020"
"1829","67","383","1020"
"1830","11","383","1020"
"1831","383","11","1020"
"1832","383","13","730"
"1833","13","383","730"
"1834","381","382","0"
"1835","384","383","730"
"1836","383","384","730"
"1837","384","13","730"
"1838","13","384","730"
"1839","11","384","730"
"1840","384","11","730"
"1895","392","393","0"
"1899","394","395","0"
"1960","404","405","0"
"1977","438","439","0"
"1978","438","440","0"
"9000","441","442","0"
"9001","441","443","0"
"9002","441","444","0"
"9003","442","441","0"
"9004","443","441","0"
"9005","444","441","0"
"9006","442","443","0"
"9007","442","444","0"
"9008","443","442","0"
"9009","443","444","0"
"9010","444","443","0"
"9011","444","442","0"
"9012","443","445","0"
"9013","445","443","0"
"9014","442","445","0"
"9015","445","442","0"
"9500","421","422","2000"
"9501","421","423","2000"
"9502","421","424","2000"
"9503","421","425","2000"
"9504","421","339","2000"
"9505","421","343","2000"
"9506","421","344","2000"
"9507","421","345","2000"
"9508","421","446","2000"
"9509","421","447","2000"
"9510","421","346","2000"
"9511","421","347","2000"
"9512","421","349","2000"
"9513","421","350","2000"
"9514","421","351","2000"
"9515","421","354","2000"
"9516","421","355","2000"
"9517","421","356","2000"
"9518","421","360","2000"
"9519","421","361","2000"
"9520","421","362","2000"
"9521","421","363","2000"
"9522","421","364","2000"
"9523","421","365","2000"
"9524","421","366","2000"
"9525","421","367","2000"
"9526","422","421","2000"
"9527","422","423","2000"
"9528","422","424","2000"
"9529","422","425","2000"
"9530","422","339","2000"
"9531","422","343","2000"
"9532","422","344","2000"
"9533","422","345","2000"
"9534","422","446","2000"
"9535","422","447","2000"
"9536","422","346","2000"
"9537","422","347","2000"
"9538","422","349","2000"
"9539","422","350","2000"
"9540","422","351","2000"
"9541","422","354","2000"
"9542","422","355","2000"
"9543","422","356","2000"
"9544","422","360","2000"
"9545","422","361","2000"
"9546","422","362","2000"
"9547","422","363","2000"
"9548","422","364","2000"
"9549","422","365","2000"
"9550","422","366","2000"
"9551","422","367","2000"
"9552","423","421","2000"
"9553","423","422","2000"
"9554","423","424","2000"
"9555","423","425","2000"
"9556","423","339","2000"
"9557","423","343","2000"
"9558","423","344","2000"
"9559","423","345","2000"
"9560","423","446","2000"
"9561","423","447","2000"
"9562","423","346","2000"
"9563","423","347","2000"
"9564","423","349","2000"
"9565","423","350","2000"
"9566","423","351","2000"
"9567","423","354","2000"
"9568","423","355","2000"
"9569","423","356","2000"
"9570","423","360","2000"
"9571","423","361","2000"
"9572","423","362","2000"
"9573","423","363","2000"
"9574","423","364","2000"
"9575","423","365","2000"
"9576","423","366","2000"
"9577","423","367","2000"
"9578","424","421","2000"
"9579","424","422","2000"
"9580","424","423","2000"
"9581","424","425","2000"
"9582","424","339","2000"
"9583","424","343","2000"
"9584","424","344","2000"
"9585","424","345","2000"
"9586","424","446","2000"
"9587","424","447","2000"
"9588","424","346","2000"
"9589","424","347","2000"
"9590","424","349","2000"
"9591","424","350","2000"
"9592","424","351","2000"
"9593","424","354","2000"
"9594","424","355","2000"
"9595","424","356","2000"
"9596","424","360","2000"
"9597","424","361","2000"
"9598","424","362","2000"
"9599","424","363","2000"
"9600","424","364","2000"
"9601","424","365","2000"
"9602","424","366","2000"
"9603","424","367","2000"
"9604","425","421","2000"
"9605","425","422","2000"
"9606","425","423","2000"
"9607","425","424","2000"
"9608","425","339","2000"
"9609","425","343","2000"
"9610","425","344","2000"
"9611","425","345","2000"
"9612","425","446","2000"
"9613","425","447","2000"
"9614","425","346","2000"
"9615","425","347","2000"
"9616","425","349","2000"
"9617","425","350","2000"
"9618","425","351","2000"
"9619","425","354","2000"
"9620","425","355","2000"
"9621","425","356","2000"
"9622","425","360","2000"
"9623","425","361","2000"
"9624","425","362","2000"
"9625","425","363","2000"
"9626","425","364","2000"
"9627","425","365","2000"
"9628","425","366","2000"
"9629","425","367","2000"
"9630","339","421","2000"
"9631","339","422","2000"
"9632","339","423","2000"
"9633","339","424","2000"
"9634","339","425","2000"
"9635","339","343","830"
"9636","339","344","1850"
"9637","339","345","2000"
"9638","339","446","1690"
"9639","339","447","2000"
"9640","339","346","830"
"9641","339","347","1560"
"9642","339","349","830"
"9643","339","350","860"
"9644","339","351","730"
"9645","339","354","530"
"9646","339","355","860"
"9647","339","356","330"
"9648","339","360","530"
"9649","339","361","530"
"9650","339","362","860"
"9651","339","363","2000"
"9652","339","364","2000"
"9653","339","365","1360"
"9654","339","366","1360"
"9655","339","367","530"
"9656","343","421","2000"
"9657","343","422","2000"
"9658","343","423","2000"
"9659","343","424","2000"
"9660","343","425","2000"
"9661","343","339","830"
"9662","343","344","1020"
"9663","343","345","2000"
"9664","343","446","1020"
"9665","343","447","2000"
"9666","343","346","830"
"9667","343","347","1560"
"9668","343","349","1560"
"9669","343","350","730"
"9670","343","351","730"
"9671","343","354","1060"
"9672","343","355","1390"
"9673","343","356","1160"
"9674","343","360","1360"
"9675","343","361","1360"
"9676","343","362","1690"
"9677","343","363","2000"
"9678","343","364","2000"
"9679","343","365","2000"
"9680","343","366","2000"
"9681","343","367","1360"
"9682","344","421","2000"
"9683","344","422","2000"
"9684","344","423","2000"
"9685","344","424","2000"
"9686","344","425","2000"
"9687","344","339","1560"
"9688","344","343","730"
"9689","344","345","2000"
"9690","344","446","830"
"9691","344","447","2000"
"9692","344","346","1560"
"9693","344","347","2000"
"9694","344","349","2000"
"9695","344","350","1460"
"9696","344","351","1460"
"9697","344","354","1790"
"9698","344","355","2000"
"9699","344","356","1890"
"9700","344","360","2000"
"9701","344","361","2000"
"9702","344","362","2000"
"9703","344","363","2000"
"9704","344","364","2000"
"9705","344","365","2000"
"9706","344","366","2000"
"9707","344","367","2000"
"9708","345","421","2000"
"9709","345","422","2000"
"9710","345","423","2000"
"9711","345","424","2000"
"9712","345","425","2000"
"9713","345","339","2000"
"9714","345","343","2000"
"9715","345","344","2000"
"9716","345","446","2000"
"9717","345","447","830"
"9718","345","346","1460"
"9719","345","347","730"
"9720","345","349","2000"
"9721","345","350","2000"
"9722","345","351","2000"
"9723","345","354","2000"
"9724","345","355","2000"
"9725","345","356","2000"
"9726","345","360","1690"
"9727","345","361","1360"
"9728","345","362","1690"
"9729","345","363","1660"
"9730","345","364","1660"
"9731","345","365","830"
"9732","345","366","1660"
"9733","345","367","1690"
"9734","446","421","2000"
"9735","446","422","2000"
"9736","446","423","2000"
"9737","446","424","2000"
"9738","446","425","2000"
"9739","446","339","1560"
"9740","446","343","730"
"9741","446","344","1020"
"9742","446","345","2000"
"9743","446","447","2000"
"9744","446","346","1560"
"9745","446","347","2000"
"9746","446","349","1990"
"9747","446","350","830"
"9748","446","351","1160"
"9749","446","354","1160"
"9750","446","355","1490"
"9751","446","356","1490"
"9752","446","360","2000"
"9753","446","361","2000"
"9754","446","362","2000"
"9755","446","363","2000"
"9756","446","364","2000"
"9757","446","365","2000"
"9758","446","366","2000"
"9759","446","367","2000"
"9760","447","421","2000"
"9761","447","422","2000"
"9762","447","423","2000"
"9763","447","424","2000"
"9764","447","425","2000"
"9765","447","339","2000"
"9766","447","343","2000"
"9767","447","344","2000"
"9768","447","345","1020"
"9769","447","446","2000"
"9770","447","346","1560"
"9771","447","347","830"
"9772","447","349","2000"
"9773","447","350","2000"
"9774","447","351","2000"
"9775","447","354","2000"
"9776","447","355","2000"
"9777","447","356","2000"
"9778","447","360","2000"
"9779","447","361","2000"
"9780","447","362","2000"
"9781","447","363","2000"
"9782","447","364","2000"
"9783","447","365","1850"
"9784","447","366","2000"
"9785","447","367","2000"
"9786","346","421","2000"
"9787","346","422","2000"
"9788","346","423","2000"
"9789","346","424","2000"
"9790","346","425","2000"
"9791","346","339","830"
"9792","346","343","830"
"9793","346","344","1850"
"9794","346","345","1460"
"9795","346","446","1850"
"9796","346","447","1560"
"9797","346","347","730"
"9798","346","349","830"
"9799","346","350","1560"
"9800","346","351","1560"
"9801","346","354","1360"
"9802","346","355","1690"
"9803","346","356","1160"
"9804","346","360","1360"
"9805","346","361","1360"
"9806","346","362","1690"
"9807","346","363","2000"
"9808","346","364","2000"
"9809","346","365","2000"
"9810","346","366","2000"
"9811","346","367","1360"
"9812","347","421","2000"
"9813","347","422","2000"
"9814","347","423","2000"
"9815","347","424","2000"
"9816","347","425","2000"
"9817","347","339","1560"
"9818","347","343","1560"
"9819","347","344","2000"
"9820","347","345","730"
"9821","347","446","2000"
"9822","347","447","830"
"9823","347","346","730"
"9824","347","349","1560"
"9825","347","350","2000"
"9826","347","351","2000"
"9827","347","354","2000"
"9828","347","355","2000"
"9829","347","356","1890"
"9830","347","360","2000"
"9831","347","361","2000"
"9832","347","362","2000"
"9833","347","363","2000"
"9834","347","364","2000"
"9835","347","365","1560"
"9836","347","366","2000"
"9837","347","367","2000"
"9838","349","421","2000"
"9839","349","422","2000"
"9840","349","423","2000"
"9841","349","424","2000"
"9842","349","425","2000"
"9843","349","339","830"
"9844","349","343","1560"
"9845","349","344","2000"
"9846","349","345","2000"
"9847","349","446","1990"
"9848","349","447","2000"
"9849","349","346","830"
"9850","349","347","1560"
"9851","349","350","1160"
"9852","349","351","830"
"9853","349","354","1160"
"9854","349","355","1490"
"9855","349","356","1160"
"9856","349","360","1360"
"9857","349","361","1360"
"9858","349","362","1690"
"9859","349","363","2000"
"9860","349","364","2000"
"9861","349","365","2000"
"9862","349","366","2000"
"9863","349","367","1360"
"9864","350","421","2000"
"9865","350","422","2000"
"9866","350","423","2000"
"9867","350","424","2000"
"9868","350","425","2000"
"9869","350","339","1060"
"9870","350","343","730"
"9871","350","344","1750"
"9872","350","345","2000"
"9873","350","446","830"
"9874","350","447","2000"
"9875","350","346","1560"
"9876","350","347","2000"
"9877","350","349","1160"
"9878","350","351","330"
"9879","350","354","330"
"9880","350","355","660"
"9881","350","356","660"
"9882","350","360","1590"
"9883","350","361","1590"
"9884","350","362","1920"
"9885","350","363","2000"
"9886","350","364","2000"
"9887","350","365","2000"
"9888","350","366","2000"
"9889","350","367","1590"
"9890","351","421","2000"
"9891","351","422","2000"
"9892","351","423","2000"
"9893","351","424","2000"
"9894","351","425","2000"
"9895","351","339","730"
"9896","351","343","730"
"9897","351","344","1750"
"9898","351","345","2000"
"9899","351","446","1160"
"9900","351","447","2000"
"9901","351","346","1560"
"9902","351","347","2000"
"9903","351","349","830"
"9904","351","350","330"
"9905","351","354","330"
"9906","351","355","660"
"9907","351","356","660"
"9908","351","360","1260"
"9909","351","361","1260"
"9910","351","362","1590"
"9911","351","363","2000"
"9912","351","364","2000"
"9913","351","365","2000"
"9914","351","366","2000"
"9915","351","367","1260"
"9916","354","421","2000"
"9917","354","422","2000"
"9918","354","423","2000"
"9919","354","424","2000"
"9920","354","425","2000"
"9921","354","339","830"
"9922","354","343","1060"
"9923","354","344","2000"
"9924","354","345","2000"
"9925","354","446","1160"
"9926","354","447","2000"
"9927","354","346","1660"
"9928","354","347","2000"
"9929","354","349","1160"
"9930","354","350","330"
"9931","354","351","330"
"9932","354","355","330"
"9933","354","356","330"
"9934","354","360","1360"
"9935","354","361","1360"
"9936","354","362","1690"
"9937","354","363","2000"
"9938","354","364","2000"
"9939","354","365","2000"
"9940","354","366","2000"
"9941","354","367","1360"
"9942","355","421","2000"
"9943","355","422","2000"
"9944","355","423","2000"
"9945","355","424","2000"
"9946","355","425","2000"
"9947","355","339","1160"
"9948","355","343","1390"
"9949","355","344","2000"
"9950","355","345","2000"
"9951","355","446","1490"
"9952","355","447","2000"
"9953","355","346","1990"
"9954","355","347","2000"
"9955","355","349","1490"
"9956","355","350","660"
"9957","355","351","660"
"9958","355","354","330"
"9959","355","356","660"
"9960","355","360","1690"
"9961","355","361","1690"
"9962","355","362","2000"
"9963","355","363","2000"
"9964","355","364","2000"
"9965","355","365","2000"
"9966","355","366","2000"
"9967","355","367","1690"
"9968","356","421","2000"
"9969","356","422","2000"
"9970","356","423","2000"
"9971","356","424","2000"
"9972","356","425","2000"
"9973","356","339","830"
"9974","356","343","1390"
"9975","356","344","2000"
"9976","356","345","2000"
"9977","356","446","1490"
"9978","356","447","2000"
"9979","356","346","1660"
"9980","356","347","2000"
"9981","356","349","1490"
"9982","356","350","660"
"9983","356","351","660"
"9984","356","354","330"
"9985","356","355","660"
"9986","356","360","1360"
"9987","356","361","1360"
"9988","356","362","1690"
"9989","356","363","2000"
"9990","356","364","2000"
"9991","356","365","2000"
"9992","356","366","2000"
"9993","356","367","1360"
"9994","360","421","2000"
"9995","360","422","2000"
"9996","360","423","2000"
"9997","360","424","2000"
"9998","360","425","2000"
"9999","360","339","530"
"10000","360","343","1360"
"10001","360","344","2000"
"10002","360","345","2000"
"10003","360","446","2000"
"10004","360","447","2000"
"10005","360","346","1360"
"10006","360","347","2000"
"10007","360","349","1360"
"10008","360","350","1390"
"10009","360","351","1260"
"10010","360","354","1060"
"10011","360","355","1390"
"10012","360","356","860"
"10013","360","361","330"
"10014","360","362","330"
"10015","360","363","1990"
"10016","360","364","1990"
"10017","360","365","1160"
"10018","360","366","1160"
"10019","360","367","330"
"10020","361","421","2000"
"10021","361","422","2000"
"10022","361","423","2000"
"10023","361","424","2000"
"10024","361","425","2000"
"10025","361","339","830"
"10026","361","343","1660"
"10027","361","344","2000"
"10028","361","345","1850"
"10029","361","446","2000"
"10030","361","447","2000"
"10031","361","346","1660"
"10032","361","347","2000"
"10033","361","349","1660"
"10034","361","350","1690"
"10035","361","351","1560"
"10036","361","354","1360"
"10037","361","355","1690"
"10038","361","356","1160"
"10039","361","360","330"
"10040","361","362","330"
"10041","361","363","1660"
"10042","361","364","1660"
"10043","361","365","830"
"10044","361","366","830"
"10045","361","367","330"
"10046","362","421","2000"
"10047","362","422","2000"
"10048","362","423","2000"
"10049","362","424","2000"
"10050","362","425","2000"
"10051","362","339","860"
"10052","362","343","1690"
"10053","362","344","2000"
"10054","362","345","2000"
"10055","362","446","2000"
"10056","362","447","2000"
"10057","362","346","1690"
"10058","362","347","2000"
"10059","362","349","1690"
"10060","362","350","1720"
"10061","362","351","1590"
"10062","362","354","1390"
"10063","362","355","1720"
"10064","362","356","1190"
"10065","362","360","330"
"10066","362","361","330"
"10067","362","363","1990"
"10068","362","364","1990"
"10069","362","365","1160"
"10070","362","366","1160"
"10071","362","367","660"
"10072","363","421","2000"
"10073","363","422","2000"
"10074","363","423","2000"
"10075","363","424","2000"
"10076","363","425","2000"
"10077","363","339","2000"
"10078","363","343","2000"
"10079","363","344","2000"
"10080","363","345","1850"
"10081","363","446","2000"
"10082","363","447","2000"
"10083","363","346","2000"
"10084","363","347","2000"
"10085","363","349","2000"
"10086","363","350","2000"
"10087","363","351","2000"
"10088","363","354","2000"
"10089","363","355","2000"
"10090","363","356","2000"
"10091","363","360","1690"
"10092","363","361","1360"
"10093","363","362","1690"
"10094","363","364","1660"
"10095","363","365","830"
"10096","363","366","1660"
"10097","363","367","1690"
"10098","364","421","2000"
"10099","364","422","2000"
"10100","364","423","2000"
"10101","364","424","2000"
"10102","364","425","2000"
"10103","364","339","2000"
"10104","364","343","2000"
"10105","364","344","2000"
"10106","364","345","1850"
"10107","364","446","2000"
"10108","364","447","2000"
"10109","364","346","2000"
"10110","364","347","2000"
"10111","364","349","2000"
"10112","364","350","2000"
"10113","364","351","2000"
"10114","364","354","2000"
"10115","364","355","2000"
"10116","364","356","2000"
"10117","364","360","1690"
"10118","364","361","1360"
"10119","364","362","1690"
"10120","364","363","1660"
"10121","364","365","830"
"10122","364","366","1660"
"10123","364","367","1690"
"10124","365","421","2000"
"10125","365","422","2000"
"10126","365","423","2000"
"10127","365","424","2000"
"10128","365","425","2000"
"10129","365","339","1360"
"10130","365","343","2000"
"10131","365","344","2000"
"10132","365","345","1020"
"10133","365","446","2000"
"10134","365","447","1850"
"10135","365","346","2000"
"10136","365","347","1750"
"10137","365","349","2000"
"10138","365","350","2000"
"10139","365","351","2000"
"10140","365","354","1890"
"10141","365","355","2000"
"10142","365","356","1690"
"10143","365","360","860"
"10144","365","361","530"
"10145","365","362","860"
"10146","365","363","830"
"10147","365","364","830"
"10148","365","366","830"
"10149","365","367","860"
"10150","366","421","2000"
"10151","366","422","2000"
"10152","366","423","2000"
"10153","366","424","2000"
"10154","366","425","2000"
"10155","366","339","1660"
"10156","366","343","2000"
"10157","366","344","2000"
"10158","366","345","1850"
"10159","366","446","2000"
"10160","366","447","2000"
"10161","366","346","2000"
"10162","366","347","2000"
"10163","366","349","2000"
"10164","366","350","2000"
"10165","366","351","2000"
"10166","366","354","2000"
"10167","366","355","2000"
"10168","366","356","1990"
"10169","366","360","1160"
"10170","366","361","830"
"10171","366","362","1160"
"10172","366","363","1660"
"10173","366","364","1660"
"10174","366","365","830"
"10175","366","367","1160"
"10176","367","421","2000"
"10177","367","422","2000"
"10178","367","423","2000"
"10179","367","424","2000"
"10180","367","425","2000"
"10181","367","339","830"
"10182","367","343","1660"
"10183","367","344","2000"
"10184","367","345","2000"
"10185","367","446","2000"
"10186","367","447","2000"
"10187","367","346","1660"
"10188","367","347","2000"
"10189","367","349","1660"
"10190","367","350","1690"
"10191","367","351","1560"
"10192","367","354","1360"
"10193","367","355","1690"
"10194","367","356","1160"
"10195","367","360","330"
"10196","367","361","530"
"10197","367","362","660"
"10198","367","363","2000"
"10199","367","364","2000"
"10200","367","365","1360"
"10201","367","366","1360"
"10202","426","427","1460"
"10203","426","428","2000"
"10204","426","429","730"
"10205","426","430","2000"
"10206","426","431","2000"
"10207","426","432","1460"
"10208","426","433","2000"
"10209","426","434","1460"
"10210","426","435","730"
"10211","426","436","730"
"10212","426","437","1460"
"10213","427","426","1750"
"10214","427","428","730"
"10215","427","429","1020"
"10216","427","430","730"
"10217","427","431","730"
"10218","427","432","1460"
"10219","427","433","1460"
"10220","427","434","2000"
"10221","427","435","2000"
"10222","427","436","1750"
"10223","427","437","2000"
"10224","428","426","2000"
"10225","428","427","730"
"10226","428","429","1750"
"10227","428","430","1460"
"10228","428","431","1460"
"10229","428","432","2000"
"10230","428","433","2000"
"10231","428","434","2000"
"10232","428","435","2000"
"10233","428","436","2000"
"10234","428","437","2000"
"10235","429","426","730"
"10236","429","427","730"
"10237","429","428","1460"
"10238","429","430","1460"
"10239","429","431","1460"
"10240","429","432","730"
"10241","429","433","1460"
"10242","429","434","1460"
"10243","429","435","1460"
"10244","429","436","730"
"10245","429","437","1460"
"10246","430","426","2000"
"10247","430","427","730"
"10248","430","428","1460"
"10249","430","429","1750"
"10250","430","431","730"
"10251","430","432","1460"
"10252","430","433","730"
"10253","430","434","2000"
"10254","430","435","2000"
"10255","430","436","2000"
"10256","430","437","1460"
"10257","431","426","2000"
"10258","431","427","730"
"10259","431","428","1460"
"10260","431","429","1460"
"10261","431","430","730"
"10262","431","432","730"
"10263","431","433","730"
"10264","431","434","2000"
"10265","431","435","2000"
"10266","431","436","2000"
"10267","431","437","1460"
"10268","432","426","1460"
"10269","432","427","1460"
"10270","432","428","2000"
"10271","432","429","730"
"10272","432","430","1460"
"10273","432","431","730"
"10274","432","433","730"
"10275","432","434","2000"
"10276","432","435","2000"
"10277","432","436","1460"
"10278","432","437","1460"
"10279","433","426","2000"
"10280","433","427","1460"
"10281","433","428","2000"
"10282","433","429","1460"
"10283","433","430","730"
"10284","433","431","730"
"10285","433","432","730"
"10286","433","434","2000"
"10287","433","435","2000"
"10288","433","436","1460"
"10289","433","437","730"
"10290","434","426","1460"
"10291","434","427","2000"
"10292","434","428","2000"
"10293","434","429","1750"
"10294","434","430","2000"
"10295","434","431","2000"
"10296","434","432","2000"
"10297","434","433","2000"
"10298","434","435","1460"
"10299","434","436","730"
"10300","434","437","1460"
"10301","435","426","730"
"10302","435","427","2000"
"10303","435","428","2000"
"10304","435","429","1460"
"10305","435","430","2000"
"10306","435","431","2000"
"10307","435","432","2000"
"10308","435","433","2000"
"10309","435","434","1460"
"10310","435","436","730"
"10311","435","437","1460"
"10312","436","426","730"
"10313","436","427","1750"
"10314","436","428","2000"
"10315","436","429","1020"
"10316","436","430","2000"
"10317","436","431","2000"
"10318","436","432","1750"
"10319","436","433","1460"
"10320","436","434","730"
"10321","436","435","730"
"10322","436","437","730"
"10323","437","426","1460"
"10324","437","427","2000"
"10325","437","428","2000"
"10326","437","429","1750"
"10327","437","430","1460"
"10328","437","431","1460"
"10329","437","432","1460"
"10330","437","433","730"
"10331","437","434","1460"
"10332","437","435","1460"
"10333","437","436","730"
