-- DarkChaos custom Pandaren NPC model registration
-- Source assets target: Custom/pandaren/* inside client MPQ
--
-- One NPC = one display model (no mixed model pools).
-- Display IDs are defined in your custom DBC workflow.

-- -----------------------------------------------------------------------------
-- ID map
-- -----------------------------------------------------------------------------
-- ModelData ID range:              500101-500108
-- Display ID range:                500101-500173
-- Creature entry range:            3461101-3461173
-- Creature entry formula:          3461000 + (DisplayID - 500000)
--
-- Base model files:
--   500101-500104, 500109-500119, 500130-500140, 500152-500162 -> Custom\pandaren\PandaMale.M2
--   500105-500108, 500120-500129, 500141-500151, 500163-500173 -> Custom\pandaren\PandaFemale.M2

DELETE FROM creature_template_model WHERE CreatureID BETWEEN 3461101 AND 3461173;
DELETE FROM creature_template WHERE entry BETWEEN 3461101 AND 3461173;
DELETE FROM creature_model_info WHERE DisplayID BETWEEN 500101 AND 500173;

INSERT INTO creature_model_info
(DisplayID,BoundingRadius,CombatReach,Gender,DisplayID_Other_Gender,VerifiedBuild)
VALUES
(500101,0.70,2.10,0,500105,0),
(500102,0.70,2.10,0,500106,0),
(500103,0.70,2.10,0,500107,0),
(500104,0.70,2.10,0,500108,0),
(500105,0.60,2.00,1,500101,0),
(500106,0.60,2.00,1,500102,0),
(500107,0.60,2.00,1,500103,0),
(500108,0.60,2.00,1,500104,0),
(500109,0.70,2.10,0,0,0),
(500110,0.70,2.10,0,0,0),
(500111,0.70,2.10,0,0,0),
(500112,0.70,2.10,0,0,0),
(500113,0.70,2.10,0,0,0),
(500114,0.70,2.10,0,0,0),
(500115,0.70,2.10,0,0,0),
(500116,0.70,2.10,0,0,0),
(500117,0.70,2.10,0,0,0),
(500118,0.70,2.10,0,0,0),
(500119,0.70,2.10,0,0,0),
(500120,0.60,2.00,1,0,0),
(500121,0.60,2.00,1,0,0),
(500122,0.60,2.00,1,0,0),
(500123,0.60,2.00,1,0,0),
(500124,0.60,2.00,1,0,0),
(500125,0.60,2.00,1,0,0),
(500126,0.60,2.00,1,0,0),
(500127,0.60,2.00,1,0,0),
(500128,0.60,2.00,1,0,0),
(500129,0.60,2.00,1,0,0),
(500130,0.70,2.10,0,0,0),
(500131,0.70,2.10,0,0,0),
(500132,0.70,2.10,0,0,0),
(500133,0.70,2.10,0,0,0),
(500134,0.70,2.10,0,0,0),
(500135,0.70,2.10,0,0,0),
(500136,0.70,2.10,0,0,0),
(500137,0.70,2.10,0,0,0),
(500138,0.70,2.10,0,0,0),
(500139,0.70,2.10,0,0,0),
(500140,0.70,2.10,0,0,0),
(500141,0.60,2.00,1,0,0),
(500142,0.60,2.00,1,0,0),
(500143,0.60,2.00,1,0,0),
(500144,0.60,2.00,1,0,0),
(500145,0.60,2.00,1,0,0),
(500146,0.60,2.00,1,0,0),
(500147,0.60,2.00,1,0,0),
(500148,0.60,2.00,1,0,0),
(500149,0.60,2.00,1,0,0),
(500150,0.60,2.00,1,0,0),
(500151,0.60,2.00,1,0,0),
(500152,0.70,2.10,0,0,0),
(500153,0.70,2.10,0,0,0),
(500154,0.70,2.10,0,0,0),
(500155,0.70,2.10,0,0,0),
(500156,0.70,2.10,0,0,0),
(500157,0.70,2.10,0,0,0),
(500158,0.70,2.10,0,0,0),
(500159,0.70,2.10,0,0,0),
(500160,0.70,2.10,0,0,0),
(500161,0.70,2.10,0,0,0),
(500162,0.70,2.10,0,0,0),
(500163,0.60,2.00,1,0,0),
(500164,0.60,2.00,1,0,0),
(500165,0.60,2.00,1,0,0),
(500166,0.60,2.00,1,0,0),
(500167,0.60,2.00,1,0,0),
(500168,0.60,2.00,1,0,0),
(500169,0.60,2.00,1,0,0),
(500170,0.60,2.00,1,0,0),
(500171,0.60,2.00,1,0,0),
(500172,0.60,2.00,1,0,0),
(500173,0.60,2.00,1,0,0);

INSERT INTO creature_template
(entry,name,subname,minlevel,maxlevel,faction,speed_walk,speed_run,unit_class,type,AIName,MovementType,RegenHealth,VerifiedBuild)
VALUES
(3461101,'Pandaren Variant 500101','Custom Pandaren Model',80,80,35,1,1.14286,1,7,'',0,1,0),
(3461102,'Pandaren Variant 500102','Custom Pandaren Model',80,80,35,1,1.14286,1,7,'',0,1,0),
(3461103,'Pandaren Variant 500103','Custom Pandaren Model',80,80,35,1,1.14286,1,7,'',0,1,0),
(3461104,'Pandaren Variant 500104','Custom Pandaren Model',80,80,35,1,1.14286,1,7,'',0,1,0),
(3461105,'Pandaren Variant 500105','Custom Pandaren Model',80,80,35,1,1.14286,1,7,'',0,1,0),
(3461106,'Pandaren Variant 500106','Custom Pandaren Model',80,80,35,1,1.14286,1,7,'',0,1,0),
(3461107,'Pandaren Variant 500107','Custom Pandaren Model',80,80,35,1,1.14286,1,7,'',0,1,0),
(3461108,'Pandaren Variant 500108','Custom Pandaren Model',80,80,35,1,1.14286,1,7,'',0,1,0),
(3461109,'Pandaren Variant 500109','Custom Pandaren Model',80,80,35,1,1.14286,1,7,'',0,1,0),
(3461110,'Pandaren Variant 500110','Custom Pandaren Model',80,80,35,1,1.14286,1,7,'',0,1,0),
(3461111,'Pandaren Variant 500111','Custom Pandaren Model',80,80,35,1,1.14286,1,7,'',0,1,0),
(3461112,'Pandaren Variant 500112','Custom Pandaren Model',80,80,35,1,1.14286,1,7,'',0,1,0),
(3461113,'Pandaren Variant 500113','Custom Pandaren Model',80,80,35,1,1.14286,1,7,'',0,1,0),
(3461114,'Pandaren Variant 500114','Custom Pandaren Model',80,80,35,1,1.14286,1,7,'',0,1,0),
(3461115,'Pandaren Variant 500115','Custom Pandaren Model',80,80,35,1,1.14286,1,7,'',0,1,0),
(3461116,'Pandaren Variant 500116','Custom Pandaren Model',80,80,35,1,1.14286,1,7,'',0,1,0),
(3461117,'Pandaren Variant 500117','Custom Pandaren Model',80,80,35,1,1.14286,1,7,'',0,1,0),
(3461118,'Pandaren Variant 500118','Custom Pandaren Model',80,80,35,1,1.14286,1,7,'',0,1,0),
(3461119,'Pandaren Variant 500119','Custom Pandaren Model',80,80,35,1,1.14286,1,7,'',0,1,0),
(3461120,'Pandaren Variant 500120','Custom Pandaren Model',80,80,35,1,1.14286,1,7,'',0,1,0),
(3461121,'Pandaren Variant 500121','Custom Pandaren Model',80,80,35,1,1.14286,1,7,'',0,1,0),
(3461122,'Pandaren Variant 500122','Custom Pandaren Model',80,80,35,1,1.14286,1,7,'',0,1,0),
(3461123,'Pandaren Variant 500123','Custom Pandaren Model',80,80,35,1,1.14286,1,7,'',0,1,0),
(3461124,'Pandaren Variant 500124','Custom Pandaren Model',80,80,35,1,1.14286,1,7,'',0,1,0),
(3461125,'Pandaren Variant 500125','Custom Pandaren Model',80,80,35,1,1.14286,1,7,'',0,1,0),
(3461126,'Pandaren Variant 500126','Custom Pandaren Model',80,80,35,1,1.14286,1,7,'',0,1,0),
(3461127,'Pandaren Variant 500127','Custom Pandaren Model',80,80,35,1,1.14286,1,7,'',0,1,0),
(3461128,'Pandaren Variant 500128','Custom Pandaren Model',80,80,35,1,1.14286,1,7,'',0,1,0),
(3461129,'Pandaren Variant 500129','Custom Pandaren Model',80,80,35,1,1.14286,1,7,'',0,1,0),
(3461130,'Pandaren Variant 500130','Custom Pandaren Model',80,80,35,1,1.14286,1,7,'',0,1,0),
(3461131,'Pandaren Variant 500131','Custom Pandaren Model',80,80,35,1,1.14286,1,7,'',0,1,0),
(3461132,'Pandaren Variant 500132','Custom Pandaren Model',80,80,35,1,1.14286,1,7,'',0,1,0),
(3461133,'Pandaren Variant 500133','Custom Pandaren Model',80,80,35,1,1.14286,1,7,'',0,1,0),
(3461134,'Pandaren Variant 500134','Custom Pandaren Model',80,80,35,1,1.14286,1,7,'',0,1,0),
(3461135,'Pandaren Variant 500135','Custom Pandaren Model',80,80,35,1,1.14286,1,7,'',0,1,0),
(3461136,'Pandaren Variant 500136','Custom Pandaren Model',80,80,35,1,1.14286,1,7,'',0,1,0),
(3461137,'Pandaren Variant 500137','Custom Pandaren Model',80,80,35,1,1.14286,1,7,'',0,1,0),
(3461138,'Pandaren Variant 500138','Custom Pandaren Model',80,80,35,1,1.14286,1,7,'',0,1,0),
(3461139,'Pandaren Variant 500139','Custom Pandaren Model',80,80,35,1,1.14286,1,7,'',0,1,0),
(3461140,'Pandaren Variant 500140','Custom Pandaren Model',80,80,35,1,1.14286,1,7,'',0,1,0),
(3461141,'Pandaren Variant 500141','Custom Pandaren Model',80,80,35,1,1.14286,1,7,'',0,1,0),
(3461142,'Pandaren Variant 500142','Custom Pandaren Model',80,80,35,1,1.14286,1,7,'',0,1,0),
(3461143,'Pandaren Variant 500143','Custom Pandaren Model',80,80,35,1,1.14286,1,7,'',0,1,0),
(3461144,'Pandaren Variant 500144','Custom Pandaren Model',80,80,35,1,1.14286,1,7,'',0,1,0),
(3461145,'Pandaren Variant 500145','Custom Pandaren Model',80,80,35,1,1.14286,1,7,'',0,1,0),
(3461146,'Pandaren Variant 500146','Custom Pandaren Model',80,80,35,1,1.14286,1,7,'',0,1,0),
(3461147,'Pandaren Variant 500147','Custom Pandaren Model',80,80,35,1,1.14286,1,7,'',0,1,0),
(3461148,'Pandaren Variant 500148','Custom Pandaren Model',80,80,35,1,1.14286,1,7,'',0,1,0),
(3461149,'Pandaren Variant 500149','Custom Pandaren Model',80,80,35,1,1.14286,1,7,'',0,1,0),
(3461150,'Pandaren Variant 500150','Custom Pandaren Model',80,80,35,1,1.14286,1,7,'',0,1,0),
(3461151,'Pandaren Variant 500151','Custom Pandaren Model',80,80,35,1,1.14286,1,7,'',0,1,0),
(3461152,'Pandaren Variant 500152','Custom Pandaren Model',80,80,35,1,1.14286,1,7,'',0,1,0),
(3461153,'Pandaren Variant 500153','Custom Pandaren Model',80,80,35,1,1.14286,1,7,'',0,1,0),
(3461154,'Pandaren Variant 500154','Custom Pandaren Model',80,80,35,1,1.14286,1,7,'',0,1,0),
(3461155,'Pandaren Variant 500155','Custom Pandaren Model',80,80,35,1,1.14286,1,7,'',0,1,0),
(3461156,'Pandaren Variant 500156','Custom Pandaren Model',80,80,35,1,1.14286,1,7,'',0,1,0),
(3461157,'Pandaren Variant 500157','Custom Pandaren Model',80,80,35,1,1.14286,1,7,'',0,1,0),
(3461158,'Pandaren Variant 500158','Custom Pandaren Model',80,80,35,1,1.14286,1,7,'',0,1,0),
(3461159,'Pandaren Variant 500159','Custom Pandaren Model',80,80,35,1,1.14286,1,7,'',0,1,0),
(3461160,'Pandaren Variant 500160','Custom Pandaren Model',80,80,35,1,1.14286,1,7,'',0,1,0),
(3461161,'Pandaren Variant 500161','Custom Pandaren Model',80,80,35,1,1.14286,1,7,'',0,1,0),
(3461162,'Pandaren Variant 500162','Custom Pandaren Model',80,80,35,1,1.14286,1,7,'',0,1,0),
(3461163,'Pandaren Variant 500163','Custom Pandaren Model',80,80,35,1,1.14286,1,7,'',0,1,0),
(3461164,'Pandaren Variant 500164','Custom Pandaren Model',80,80,35,1,1.14286,1,7,'',0,1,0),
(3461165,'Pandaren Variant 500165','Custom Pandaren Model',80,80,35,1,1.14286,1,7,'',0,1,0),
(3461166,'Pandaren Variant 500166','Custom Pandaren Model',80,80,35,1,1.14286,1,7,'',0,1,0),
(3461167,'Pandaren Variant 500167','Custom Pandaren Model',80,80,35,1,1.14286,1,7,'',0,1,0),
(3461168,'Pandaren Variant 500168','Custom Pandaren Model',80,80,35,1,1.14286,1,7,'',0,1,0),
(3461169,'Pandaren Variant 500169','Custom Pandaren Model',80,80,35,1,1.14286,1,7,'',0,1,0),
(3461170,'Pandaren Variant 500170','Custom Pandaren Model',80,80,35,1,1.14286,1,7,'',0,1,0),
(3461171,'Pandaren Variant 500171','Custom Pandaren Model',80,80,35,1,1.14286,1,7,'',0,1,0),
(3461172,'Pandaren Variant 500172','Custom Pandaren Model',80,80,35,1,1.14286,1,7,'',0,1,0),
(3461173,'Pandaren Variant 500173','Custom Pandaren Model',80,80,35,1,1.14286,1,7,'',0,1,0);

INSERT INTO creature_template_model
(CreatureID,Idx,CreatureDisplayID,DisplayScale,Probability,VerifiedBuild)
VALUES
(3461101,0,500101,1,1,0),
(3461102,0,500102,1,1,0),
(3461103,0,500103,1,1,0),
(3461104,0,500104,1,1,0),
(3461105,0,500105,1,1,0),
(3461106,0,500106,1,1,0),
(3461107,0,500107,1,1,0),
(3461108,0,500108,1,1,0),
(3461109,0,500109,1,1,0),
(3461110,0,500110,1,1,0),
(3461111,0,500111,1,1,0),
(3461112,0,500112,1,1,0),
(3461113,0,500113,1,1,0),
(3461114,0,500114,1,1,0),
(3461115,0,500115,1,1,0),
(3461116,0,500116,1,1,0),
(3461117,0,500117,1,1,0),
(3461118,0,500118,1,1,0),
(3461119,0,500119,1,1,0),
(3461120,0,500120,1,1,0),
(3461121,0,500121,1,1,0),
(3461122,0,500122,1,1,0),
(3461123,0,500123,1,1,0),
(3461124,0,500124,1,1,0),
(3461125,0,500125,1,1,0),
(3461126,0,500126,1,1,0),
(3461127,0,500127,1,1,0),
(3461128,0,500128,1,1,0),
(3461129,0,500129,1,1,0),
(3461130,0,500130,1,1,0),
(3461131,0,500131,1,1,0),
(3461132,0,500132,1,1,0),
(3461133,0,500133,1,1,0),
(3461134,0,500134,1,1,0),
(3461135,0,500135,1,1,0),
(3461136,0,500136,1,1,0),
(3461137,0,500137,1,1,0),
(3461138,0,500138,1,1,0),
(3461139,0,500139,1,1,0),
(3461140,0,500140,1,1,0),
(3461141,0,500141,1,1,0),
(3461142,0,500142,1,1,0),
(3461143,0,500143,1,1,0),
(3461144,0,500144,1,1,0),
(3461145,0,500145,1,1,0),
(3461146,0,500146,1,1,0),
(3461147,0,500147,1,1,0),
(3461148,0,500148,1,1,0),
(3461149,0,500149,1,1,0),
(3461150,0,500150,1,1,0),
(3461151,0,500151,1,1,0),
(3461152,0,500152,1,1,0),
(3461153,0,500153,1,1,0),
(3461154,0,500154,1,1,0),
(3461155,0,500155,1,1,0),
(3461156,0,500156,1,1,0),
(3461157,0,500157,1,1,0),
(3461158,0,500158,1,1,0),
(3461159,0,500159,1,1,0),
(3461160,0,500160,1,1,0),
(3461161,0,500161,1,1,0),
(3461162,0,500162,1,1,0),
(3461163,0,500163,1,1,0),
(3461164,0,500164,1,1,0),
(3461165,0,500165,1,1,0),
(3461166,0,500166,1,1,0),
(3461167,0,500167,1,1,0),
(3461168,0,500168,1,1,0),
(3461169,0,500169,1,1,0),
(3461170,0,500170,1,1,0),
(3461171,0,500171,1,1,0),
(3461172,0,500172,1,1,0),
(3461173,0,500173,1,1,0);
