ID,Data
1,0
2,0
3,0
4,0
5,0
6,0
7,0
8,0
9,0
10,0
11,0
12,0
13,0
14,0
15,0
16,0
17,0
18,0
19,0
20,0
21,0
22,0
23,0
24,0
25,0
26,0
27,0
28,0
29,0
30,0
31,0
32,0
33,0
34,0
35,0
36,0
37,0
38,0
39,0
40,0
41,0
42,0
43,0
44,0
45,0
46,0
47,0
48,0
49,0
50,0
51,0
52,0
53,0
54,0
55,0
56,0
57,0
58,0
59,0
60,0
61,0
62,0
63,0
64,0
65,0
66,0
67,0
68,0
69,0
70,0
71,0
72,0
73,0
74,0
75,0
76,0
77,0
78,0
79,0
80,0
81,0
82,0
83,0
84,0
85,0
86,0
87,0
88,0
89,0
90,0
91,0
92,0
93,0
94,0
95,0
96,0
97,0
98,0
99,0
100,0
101,0
102,0
103,0
104,0
105,0
106,0
107,0
108,0
109,0
110,0
111,0
112,0
113,0
114,0
115,0
116,0
117,0
118,0
119,0
120,0
121,0
122,0
123,0
124,0
125,0
126,0
127,0
128,0
129,0
130,0
131,0
132,0
133,0
134,0
135,0
136,0
137,0
138,0
139,0
140,0
141,0
142,0
143,0
144,0
145,0
146,0
147,0
148,0
149,0
150,0
151,0
152,0
153,0
154,0
155,0
156,0
157,0
158,0
159,0
160,0
161,0
162,0
163,0
164,0
165,0
166,0
167,0
168,0
169,0
170,0
171,0
172,0
173,0
174,0
175,0
176,0
177,0
178,0
179,0
180,0
181,0
182,0
183,0
184,0
185,0
186,0
187,0
188,0
189,0
190,0
191,0
192,0
193,0
194,0
195,0
196,0
197,0
198,0
199,0
200,0
201,0
202,0
203,0
204,0
205,0
206,0
207,0
208,0
209,0
210,0
211,0
212,0
213,0
214,0
215,0
216,0
217,0
218,0
219,0
220,0
221,0
222,0
223,0
224,0
225,0
226,0
227,0
228,0
229,0
230,0
231,0
232,0
233,0
234,0
235,0
236,0
237,0
238,0
239,0
240,0
241,0
242,0
243,0
244,0
245,0
246,0
247,0
248,0
249,0
250,0
251,0
252,0
253,0
254,0
255,0
256,"0,062937"
257,"0,0569"
258,"0,051488"
259,"0,046267"
260,"0,041637"
261,"0,037784"
262,"0,034309"
263,"0,031172"
264,"0,028158"
265,"0,02546"
266,"0,022654"
267,"0,019904"
268,"0,017817"
269,"0,015771"
270,"0,014008"
271,"0,01365"
272,"0,013175"
273,"0,012832"
274,"0,012475"
275,"0,012073"
276,"0,01184"
277,"0,011494"
278,"0,011292"
279,"0,01099"
280,"0,010761"
281,"0,010546"
282,"0,010321"
283,"0,010151"
284,"0,009949"
285,"0,00974"
286,"0,009597"
287,"0,009425"
288,"0,009278"
289,"0,009123"
290,"0,008974"
291,"0,008847"
292,"0,008698"
293,"0,008581"
294,"0,008457"
295,"0,008338"
296,"0,008235"
297,"0,008113"
298,"0,008018"
299,"0,007906"
300,"0,007798"
301,"0,007713"
302,"0,007612"
303,"0,007524"
304,"0,00743"
305,"0,00734"
306,"0,007268"
307,"0,007184"
308,"0,007116"
309,"0,007029"
310,"0,006945"
311,"0,006884"
312,"0,006805"
313,"0,006747"
314,"0,006667"
315,"0,0066"
316,"0,006421"
317,"0,006314"
318,"0,006175"
319,"0,006072"
320,"0,005981"
321,"0,005885"
322,"0,005791"
323,"0,005732"
324,"0,005668"
325,"0,005596"
326,"0,005316"
327,"0,005049"
328,"0,004796"
329,"0,004555"
330,"0,004327"
331,"0,00411"
332,"0,003903"
333,"0,003708"
334,"0,003522"
335,"0,003345"
336,"0,003345"
337,"0,003345"
338,"0,003345"
339,"5,400000E-05"
340,"5,400000E-05"
341,"5,400000E-05"
342,"5,400000E-05"
343,"5,400000E-05"
344,"5,400000E-05"
345,"5,400000E-05"
346,"5,400000E-05"
347,"5,400000E-05"
348,"5,400000E-05"
349,"5,400000E-05"
350,"5,400000E-05"
351,"5,400000E-05"
352,"5,400000E-05"
353,"5,400000E-05"
354,"5,400000E-05"
355,"5,400000E-05"
356,"5,400000E-05"
357,"5,400000E-05"
358,"5,400000E-05"
359,"5,400000E-05"
360,"5,400000E-05"
361,"5,400000E-05"
362,"5,400000E-05"
363,"5,400000E-05"
364,"5,400000E-05"
365,"5,400000E-05"
366,"5,400000E-05"
367,"5,400000E-05"
368,"5,400000E-05"
369,"5,400000E-05"
370,"5,400000E-05"
371,"5,400000E-05"
372,"5,400000E-05"
373,"5,400000E-05"
374,"5,400000E-05"
375,"5,400000E-05"
376,"5,400000E-05"
377,"5,400000E-05"
378,"5,400000E-05"
379,"5,400000E-05"
380,"5,400000E-05"
381,"5,400000E-05"
382,"5,400000E-05"
383,"5,400000E-05"
384,"5,400000E-05"
385,"5,400000E-05"
386,"5,400000E-05"
387,"5,400000E-05"
388,"5,400000E-05"
389,"5,400000E-05"
390,"5,400000E-05"
391,"5,400000E-05"
392,"5,400000E-05"
393,"5,400000E-05"
394,"5,400000E-05"
395,"5,400000E-05"
396,"5,400000E-05"
397,"5,400000E-05"
398,"5,400000E-05"
399,"5,400000E-05"
400,"5,400000E-05"
401,"5,400000E-05"
402,"5,400000E-05"
403,"5,400000E-05"
404,"5,400000E-05"
405,"5,400000E-05"
406,"5,400000E-05"
407,"5,400000E-05"
408,"5,400000E-05"
409,"5,400000E-05"
410,"5,400000E-05"
411,"5,400000E-05"
412,"5,400000E-05"
413,"5,400000E-05"
414,"5,400000E-05"
415,"5,400000E-05"
416,"5,400000E-05"
417,"5,400000E-05"
418,"5,400000E-05"
419,"5,400000E-05"
420,"5,400000E-05"
421,"5,400000E-05"
422,"5,400000E-05"
423,"5,400000E-05"
424,"5,400000E-05"
425,"5,400000E-05"
426,"5,400000E-05"
427,"5,400000E-05"
428,"5,400000E-05"
429,"5,400000E-05"
430,"5,400000E-05"
431,"5,400000E-05"
432,"5,400000E-05"
433,"5,400000E-05"
434,"5,400000E-05"
435,"5,400000E-05"
436,"5,400000E-05"
437,"5,400000E-05"
438,"5,400000E-05"
439,"5,400000E-05"
440,"5,400000E-05"
441,"5,400000E-05"
442,"5,400000E-05"
443,"5,400000E-05"
444,"5,400000E-05"
445,"5,400000E-05"
446,"5,400000E-05"
447,"5,400000E-05"
448,"5,400000E-05"
449,"5,400000E-05"
450,"5,400000E-05"
451,"5,400000E-05"
452,"5,400000E-05"
453,"5,400000E-05"
454,"5,400000E-05"
455,"5,400000E-05"
456,"5,400000E-05"
457,"5,400000E-05"
458,"5,400000E-05"
459,"5,400000E-05"
460,"5,400000E-05"
461,"5,400000E-05"
462,"5,400000E-05"
463,"5,400000E-05"
464,"5,400000E-05"
465,"5,400000E-05"
466,"5,400000E-05"
467,"5,400000E-05"
468,"5,400000E-05"
469,"5,400000E-05"
470,"5,400000E-05"
471,"5,400000E-05"
472,"5,400000E-05"
473,"5,400000E-05"
474,"5,400000E-05"
475,"5,400000E-05"
476,"5,400000E-05"
477,"5,400000E-05"
478,"5,400000E-05"
479,"5,400000E-05"
480,"5,400000E-05"
481,"5,400000E-05"
482,"5,400000E-05"
483,"5,400000E-05"
484,"5,400000E-05"
485,"5,400000E-05"
486,"5,400000E-05"
487,"5,400000E-05"
488,"5,400000E-05"
489,"5,400000E-05"
490,"5,400000E-05"
491,"5,400000E-05"
492,"5,400000E-05"
493,"5,400000E-05"
494,"5,400000E-05"
495,"5,400000E-05"
496,"5,400000E-05"
497,"5,400000E-05"
498,"5,400000E-05"
499,"5,400000E-05"
500,"5,400000E-05"
501,"5,400000E-05"
502,"5,400000E-05"
503,"5,400000E-05"
504,"5,400000E-05"
505,"5,400000E-05"
506,"5,400000E-05"
507,"5,400000E-05"
508,"5,400000E-05"
509,"5,400000E-05"
510,"5,400000E-05"
511,"0,062937"
512,"0,0569"
513,"0,051488"
514,"0,046267"
515,"0,041637"
516,"0,037784"
517,"0,034309"
518,"0,031172"
519,"0,028158"
520,"0,02546"
521,"0,022654"
522,"0,019904"
523,"0,017817"
524,"0,015771"
525,"0,014008"
526,"0,01365"
527,"0,013175"
528,"0,012832"
529,"0,012475"
530,"0,012073"
531,"0,01184"
532,"0,011494"
533,"0,011292"
534,"0,01099"
535,"0,010761"
536,"0,010546"
537,"0,010321"
538,"0,010151"
539,"0,009949"
540,"0,00974"
541,"0,009597"
542,"0,009425"
543,"0,009278"
544,"0,009123"
545,"0,008974"
546,"0,008847"
547,"0,008698"
548,"0,008581"
549,"0,008457"
550,"0,008338"
551,"0,008235"
552,"0,008113"
553,"0,008018"
554,"0,007906"
555,"0,007798"
556,"0,007713"
557,"0,007612"
558,"0,007524"
559,"0,00743"
560,"0,00734"
561,"0,007268"
562,"0,007184"
563,"0,007116"
564,"0,007029"
565,"0,006945"
566,"0,006884"
567,"0,006805"
568,"0,006747"
569,"0,006667"
570,"0,0066"
571,"0,006421"
572,"0,006314"
573,"0,006175"
574,"0,006072"
575,"0,005981"
576,"0,005885"
577,"0,005791"
578,"0,005732"
579,"0,005668"
580,"0,005596"
581,"0,005316"
582,"0,005049"
583,"0,004796"
584,"0,004555"
585,"0,004327"
586,"0,00411"
587,"0,003903"
588,"0,003708"
589,"0,003522"
590,"0,003345"
591,"0,003345"
592,"0,003345"
593,"0,003345"
594,"5,400000E-05"
595,"5,400000E-05"
596,"5,400000E-05"
597,"5,400000E-05"
598,"5,400000E-05"
599,"5,400000E-05"
600,"5,400000E-05"
601,"5,400000E-05"
602,"5,400000E-05"
603,"5,400000E-05"
604,"5,400000E-05"
605,"5,400000E-05"
606,"5,400000E-05"
607,"5,400000E-05"
608,"5,400000E-05"
609,"5,400000E-05"
610,"5,400000E-05"
611,"5,400000E-05"
612,"5,400000E-05"
613,"5,400000E-05"
614,"5,400000E-05"
615,"5,400000E-05"
616,"5,400000E-05"
617,"5,400000E-05"
618,"5,400000E-05"
619,"5,400000E-05"
620,"5,400000E-05"
621,"5,400000E-05"
622,"5,400000E-05"
623,"5,400000E-05"
624,"5,400000E-05"
625,"5,400000E-05"
626,"5,400000E-05"
627,"5,400000E-05"
628,"5,400000E-05"
629,"5,400000E-05"
630,"5,400000E-05"
631,"5,400000E-05"
632,"5,400000E-05"
633,"5,400000E-05"
634,"5,400000E-05"
635,"5,400000E-05"
636,"5,400000E-05"
637,"5,400000E-05"
638,"5,400000E-05"
639,"5,400000E-05"
640,"5,400000E-05"
641,"5,400000E-05"
642,"5,400000E-05"
643,"5,400000E-05"
644,"5,400000E-05"
645,"5,400000E-05"
646,"5,400000E-05"
647,"5,400000E-05"
648,"5,400000E-05"
649,"5,400000E-05"
650,"5,400000E-05"
651,"5,400000E-05"
652,"5,400000E-05"
653,"5,400000E-05"
654,"5,400000E-05"
655,"5,400000E-05"
656,"5,400000E-05"
657,"5,400000E-05"
658,"5,400000E-05"
659,"5,400000E-05"
660,"5,400000E-05"
661,"5,400000E-05"
662,"5,400000E-05"
663,"5,400000E-05"
664,"5,400000E-05"
665,"5,400000E-05"
666,"5,400000E-05"
667,"5,400000E-05"
668,"5,400000E-05"
669,"5,400000E-05"
670,"5,400000E-05"
671,"5,400000E-05"
672,"5,400000E-05"
673,"5,400000E-05"
674,"5,400000E-05"
675,"5,400000E-05"
676,"5,400000E-05"
677,"5,400000E-05"
678,"5,400000E-05"
679,"5,400000E-05"
680,"5,400000E-05"
681,"5,400000E-05"
682,"5,400000E-05"
683,"5,400000E-05"
684,"5,400000E-05"
685,"5,400000E-05"
686,"5,400000E-05"
687,"5,400000E-05"
688,"5,400000E-05"
689,"5,400000E-05"
690,"5,400000E-05"
691,"5,400000E-05"
692,"5,400000E-05"
693,"5,400000E-05"
694,"5,400000E-05"
695,"5,400000E-05"
696,"5,400000E-05"
697,"5,400000E-05"
698,"5,400000E-05"
699,"5,400000E-05"
700,"5,400000E-05"
701,"5,400000E-05"
702,"5,400000E-05"
703,"5,400000E-05"
704,"5,400000E-05"
705,"5,400000E-05"
706,"5,400000E-05"
707,"5,400000E-05"
708,"5,400000E-05"
709,"5,400000E-05"
710,"5,400000E-05"
711,"5,400000E-05"
712,"5,400000E-05"
713,"5,400000E-05"
714,"5,400000E-05"
715,"5,400000E-05"
716,"5,400000E-05"
717,"5,400000E-05"
718,"5,400000E-05"
719,"5,400000E-05"
720,"5,400000E-05"
721,"5,400000E-05"
722,"5,400000E-05"
723,"5,400000E-05"
724,"5,400000E-05"
725,"5,400000E-05"
726,"5,400000E-05"
727,"5,400000E-05"
728,"5,400000E-05"
729,"5,400000E-05"
730,"5,400000E-05"
731,"5,400000E-05"
732,"5,400000E-05"
733,"5,400000E-05"
734,"5,400000E-05"
735,"5,400000E-05"
736,"5,400000E-05"
737,"5,400000E-05"
738,"5,400000E-05"
739,"5,400000E-05"
740,"5,400000E-05"
741,"5,400000E-05"
742,"5,400000E-05"
743,"5,400000E-05"
744,"5,400000E-05"
745,"5,400000E-05"
746,"5,400000E-05"
747,"5,400000E-05"
748,"5,400000E-05"
749,"5,400000E-05"
750,"5,400000E-05"
751,"5,400000E-05"
752,"5,400000E-05"
753,"5,400000E-05"
754,"5,400000E-05"
755,"5,400000E-05"
756,"5,400000E-05"
757,"5,400000E-05"
758,"5,400000E-05"
759,"5,400000E-05"
760,"5,400000E-05"
761,"5,400000E-05"
762,"5,400000E-05"
763,"5,400000E-05"
764,"5,400000E-05"
765,"5,400000E-05"
766,0
767,0
768,0
769,0
770,0
771,0
772,0
773,0
774,0
775,0
776,0
777,0
778,0
779,0
780,0
781,0
782,0
783,0
784,0
785,0
786,0
787,0
788,0
789,0
790,0
791,0
792,0
793,0
794,0
795,0
796,0
797,0
798,0
799,0
800,0
801,0
802,0
803,0
804,0
805,0
806,0
807,0
808,0
809,0
810,0
811,0
812,0
813,0
814,0
815,0
816,0
817,0
818,0
819,0
820,0
821,0
822,0
823,0
824,0
825,0
826,0
827,0
828,0
829,0
830,0
831,0
832,0
833,0
834,0
835,0
836,0
837,0
838,0
839,0
840,0
841,0
842,0
843,0
844,0
845,0
846,0
847,0
848,0
849,0
850,0
851,0
852,0
853,0
854,0
855,0
856,0
857,0
858,0
859,0
860,0
861,0
862,0
863,0
864,0
865,0
866,0
867,0
868,0
869,0
870,0
871,0
872,0
873,0
874,0
875,0
876,0
877,0
878,0
879,0
880,0
881,0
882,0
883,0
884,0
885,0
886,0
887,0
888,0
889,0
890,0
891,0
892,0
893,0
894,0
895,0
896,0
897,0
898,0
899,0
900,0
901,0
902,0
903,0
904,0
905,0
906,0
907,0
908,0
909,0
910,0
911,0
912,0
913,0
914,0
915,0
916,0
917,0
918,0
919,0
920,0
921,0
922,0
923,0
924,0
925,0
926,0
927,0
928,0
929,0
930,0
931,0
932,0
933,0
934,0
935,0
936,0
937,0
938,0
939,0
940,0
941,0
942,0
943,0
944,0
945,0
946,0
947,0
948,0
949,0
950,0
951,0
952,0
953,0
954,0
955,0
956,0
957,0
958,0
959,0
960,0
961,0
962,0
963,0
964,0
965,0
966,0
967,0
968,0
969,0
970,0
971,0
972,0
973,0
974,0
975,0
976,0
977,0
978,0
979,0
980,0
981,0
982,0
983,0
984,0
985,0
986,0
987,0
988,0
989,0
990,0
991,0
992,0
993,0
994,0
995,0
996,0
997,0
998,0
999,0
1000,0
1001,0
1002,0
1003,0
1004,0
1005,0
1006,0
1007,0
1008,0
1009,0
1010,0
1011,0
1012,0
1013,0
1014,0
1015,0
1016,0
1017,0
1018,0
1019,0
1020,0
1021,"0,062937"
1022,"0,0569"
1023,"0,051488"
1024,"0,046267"
1025,"0,041637"
1026,"0,037784"
1027,"0,034309"
1028,"0,031172"
1029,"0,028158"
1030,"0,02546"
1031,"0,022654"
1032,"0,019904"
1033,"0,017817"
1034,"0,015771"
1035,"0,014008"
1036,"0,01365"
1037,"0,013175"
1038,"0,012832"
1039,"0,012475"
1040,"0,012073"
1041,"0,01184"
1042,"0,011494"
1043,"0,011292"
1044,"0,01099"
1045,"0,010761"
1046,"0,010546"
1047,"0,010321"
1048,"0,010151"
1049,"0,009949"
1050,"0,00974"
1051,"0,009597"
1052,"0,009425"
1053,"0,009278"
1054,"0,009123"
1055,"0,008974"
1056,"0,008847"
1057,"0,008698"
1058,"0,008581"
1059,"0,008457"
1060,"0,008338"
1061,"0,008235"
1062,"0,008113"
1063,"0,008018"
1064,"0,007906"
1065,"0,007798"
1066,"0,007713"
1067,"0,007612"
1068,"0,007524"
1069,"0,00743"
1070,"0,00734"
1071,"0,007268"
1072,"0,007184"
1073,"0,007116"
1074,"0,007029"
1075,"0,006945"
1076,"0,006884"
1077,"0,006805"
1078,"0,006747"
1079,"0,006667"
1080,"0,0066"
1081,"0,006421"
1082,"0,006314"
1083,"0,006175"
1084,"0,006072"
1085,"0,005981"
1086,"0,005885"
1087,"0,005791"
1088,"0,005732"
1089,"0,005668"
1090,"0,005596"
1091,"0,005316"
1092,"0,005049"
1093,"0,004796"
1094,"0,004555"
1095,"0,004327"
1096,"0,00411"
1097,"0,003903"
1098,"0,003708"
1099,"0,003522"
1100,"0,003345"
1101,"0,003345"
1102,"0,003345"
1103,"0,003345"
1104,"5,400000E-05"
1105,"5,400000E-05"
1106,"5,400000E-05"
1107,"5,400000E-05"
1108,"5,400000E-05"
1109,"5,400000E-05"
1110,"5,400000E-05"
1111,"5,400000E-05"
1112,"5,400000E-05"
1113,"5,400000E-05"
1114,"5,400000E-05"
1115,"5,400000E-05"
1116,"5,400000E-05"
1117,"5,400000E-05"
1118,"5,400000E-05"
1119,"5,400000E-05"
1120,"5,400000E-05"
1121,"5,400000E-05"
1122,"5,400000E-05"
1123,"5,400000E-05"
1124,"5,400000E-05"
1125,"5,400000E-05"
1126,"5,400000E-05"
1127,"5,400000E-05"
1128,"5,400000E-05"
1129,"5,400000E-05"
1130,"5,400000E-05"
1131,"5,400000E-05"
1132,"5,400000E-05"
1133,"5,400000E-05"
1134,"5,400000E-05"
1135,"5,400000E-05"
1136,"5,400000E-05"
1137,"5,400000E-05"
1138,"5,400000E-05"
1139,"5,400000E-05"
1140,"5,400000E-05"
1141,"5,400000E-05"
1142,"5,400000E-05"
1143,"5,400000E-05"
1144,"5,400000E-05"
1145,"5,400000E-05"
1146,"5,400000E-05"
1147,"5,400000E-05"
1148,"5,400000E-05"
1149,"5,400000E-05"
1150,"5,400000E-05"
1151,"5,400000E-05"
1152,"5,400000E-05"
1153,"5,400000E-05"
1154,"5,400000E-05"
1155,"5,400000E-05"
1156,"5,400000E-05"
1157,"5,400000E-05"
1158,"5,400000E-05"
1159,"5,400000E-05"
1160,"5,400000E-05"
1161,"5,400000E-05"
1162,"5,400000E-05"
1163,"5,400000E-05"
1164,"5,400000E-05"
1165,"5,400000E-05"
1166,"5,400000E-05"
1167,"5,400000E-05"
1168,"5,400000E-05"
1169,"5,400000E-05"
1170,"5,400000E-05"
1171,"5,400000E-05"
1172,"5,400000E-05"
1173,"5,400000E-05"
1174,"5,400000E-05"
1175,"5,400000E-05"
1176,"5,400000E-05"
1177,"5,400000E-05"
1178,"5,400000E-05"
1179,"5,400000E-05"
1180,"5,400000E-05"
1181,"5,400000E-05"
1182,"5,400000E-05"
1183,"5,400000E-05"
1184,"5,400000E-05"
1185,"5,400000E-05"
1186,"5,400000E-05"
1187,"5,400000E-05"
1188,"5,400000E-05"
1189,"5,400000E-05"
1190,"5,400000E-05"
1191,"5,400000E-05"
1192,"5,400000E-05"
1193,"5,400000E-05"
1194,"5,400000E-05"
1195,"5,400000E-05"
1196,"5,400000E-05"
1197,"5,400000E-05"
1198,"5,400000E-05"
1199,"5,400000E-05"
1200,"5,400000E-05"
1201,"5,400000E-05"
1202,"5,400000E-05"
1203,"5,400000E-05"
1204,"5,400000E-05"
1205,"5,400000E-05"
1206,"5,400000E-05"
1207,"5,400000E-05"
1208,"5,400000E-05"
1209,"5,400000E-05"
1210,"5,400000E-05"
1211,"5,400000E-05"
1212,"5,400000E-05"
1213,"5,400000E-05"
1214,"5,400000E-05"
1215,"5,400000E-05"
1216,"5,400000E-05"
1217,"5,400000E-05"
1218,"5,400000E-05"
1219,"5,400000E-05"
1220,"5,400000E-05"
1221,"5,400000E-05"
1222,"5,400000E-05"
1223,"5,400000E-05"
1224,"5,400000E-05"
1225,"5,400000E-05"
1226,"5,400000E-05"
1227,"5,400000E-05"
1228,"5,400000E-05"
1229,"5,400000E-05"
1230,"5,400000E-05"
1231,"5,400000E-05"
1232,"5,400000E-05"
1233,"5,400000E-05"
1234,"5,400000E-05"
1235,"5,400000E-05"
1236,"5,400000E-05"
1237,"5,400000E-05"
1238,"5,400000E-05"
1239,"5,400000E-05"
1240,"5,400000E-05"
1241,"5,400000E-05"
1242,"5,400000E-05"
1243,"5,400000E-05"
1244,"5,400000E-05"
1245,"5,400000E-05"
1246,"5,400000E-05"
1247,"5,400000E-05"
1248,"5,400000E-05"
1249,"5,400000E-05"
1250,"5,400000E-05"
1251,"5,400000E-05"
1252,"5,400000E-05"
1253,"5,400000E-05"
1254,"5,400000E-05"
1255,"5,400000E-05"
1256,"5,400000E-05"
1257,"5,400000E-05"
1258,"5,400000E-05"
1259,"5,400000E-05"
1260,"5,400000E-05"
1261,"5,400000E-05"
1262,"5,400000E-05"
1263,"5,400000E-05"
1264,"5,400000E-05"
1265,"5,400000E-05"
1266,"5,400000E-05"
1267,"5,400000E-05"
1268,"5,400000E-05"
1269,"5,400000E-05"
1270,"5,400000E-05"
1271,"5,400000E-05"
1272,"5,400000E-05"
1273,"5,400000E-05"
1274,"5,400000E-05"
1275,"5,400000E-05"
1276,0
1277,0
1278,0
1279,0
1280,0
1281,0
1282,0
1283,0
1284,0
1285,0
1286,0
1287,0
1288,0
1289,0
1290,0
1291,0
1292,0
1293,0
1294,0
1295,0
1296,0
1297,0
1298,0
1299,0
1300,0
1301,0
1302,0
1303,0
1304,0
1305,0
1306,0
1307,0
1308,0
1309,0
1310,0
1311,0
1312,0
1313,0
1314,0
1315,0
1316,0
1317,0
1318,0
1319,0
1320,0
1321,0
1322,0
1323,0
1324,0
1325,0
1326,0
1327,0
1328,0
1329,0
1330,0
1331,0
1332,0
1333,0
1334,0
1335,0
1336,0
1337,0
1338,0
1339,0
1340,0
1341,0
1342,0
1343,0
1344,0
1345,0
1346,0
1347,0
1348,0
1349,0
1350,0
1351,0
1352,0
1353,0
1354,0
1355,0
1356,0
1357,0
1358,0
1359,0
1360,0
1361,0
1362,0
1363,0
1364,0
1365,0
1366,0
1367,0
1368,0
1369,0
1370,0
1371,0
1372,0
1373,0
1374,0
1375,0
1376,0
1377,0
1378,0
1379,0
1380,0
1381,0
1382,0
1383,0
1384,0
1385,0
1386,0
1387,0
1388,0
1389,0
1390,0
1391,0
1392,0
1393,0
1394,0
1395,0
1396,0
1397,0
1398,0
1399,0
1400,0
1401,0
1402,0
1403,0
1404,0
1405,0
1406,0
1407,0
1408,0
1409,0
1410,0
1411,0
1412,0
1413,0
1414,0
1415,0
1416,0
1417,0
1418,0
1419,0
1420,0
1421,0
1422,0
1423,0
1424,0
1425,0
1426,0
1427,0
1428,0
1429,0
1430,0
1431,0
1432,0
1433,0
1434,0
1435,0
1436,0
1437,0
1438,0
1439,0
1440,0
1441,0
1442,0
1443,0
1444,0
1445,0
1446,0
1447,0
1448,0
1449,0
1450,0
1451,0
1452,0
1453,0
1454,0
1455,0
1456,0
1457,0
1458,0
1459,0
1460,0
1461,0
1462,0
1463,0
1464,0
1465,0
1466,0
1467,0
1468,0
1469,0
1470,0
1471,0
1472,0
1473,0
1474,0
1475,0
1476,0
1477,0
1478,0
1479,0
1480,0
1481,0
1482,0
1483,0
1484,0
1485,0
1486,0
1487,0
1488,0
1489,0
1490,0
1491,0
1492,0
1493,0
1494,0
1495,0
1496,0
1497,0
1498,0
1499,0
1500,0
1501,0
1502,0
1503,0
1504,0
1505,0
1506,0
1507,0
1508,0
1509,0
1510,0
1511,0
1512,0
1513,0
1514,0
1515,0
1516,0
1517,0
1518,0
1519,0
1520,0
1521,0
1522,0
1523,0
1524,0
1525,0
1526,0
1527,0
1528,0
1529,0
1530,0
1531,"0,062937"
1532,"0,0569"
1533,"0,051488"
1534,"0,046267"
1535,"0,041637"
1536,"0,037784"
1537,"0,034309"
1538,"0,031172"
1539,"0,028158"
1540,"0,02546"
1541,"0,022654"
1542,"0,019904"
1543,"0,017817"
1544,"0,015771"
1545,"0,014008"
1546,"0,01365"
1547,"0,013175"
1548,"0,012832"
1549,"0,012475"
1550,"0,012073"
1551,"0,01184"
1552,"0,011494"
1553,"0,011292"
1554,"0,01099"
1555,"0,010761"
1556,"0,010546"
1557,"0,010321"
1558,"0,010151"
1559,"0,009949"
1560,"0,00974"
1561,"0,009597"
1562,"0,009425"
1563,"0,009278"
1564,"0,009123"
1565,"0,008974"
1566,"0,008847"
1567,"0,008698"
1568,"0,008581"
1569,"0,008457"
1570,"0,008338"
1571,"0,008235"
1572,"0,008113"
1573,"0,008018"
1574,"0,007906"
1575,"0,007798"
1576,"0,007713"
1577,"0,007612"
1578,"0,007524"
1579,"0,00743"
1580,"0,00734"
1581,"0,007268"
1582,"0,007184"
1583,"0,007116"
1584,"0,007029"
1585,"0,006945"
1586,"0,006884"
1587,"0,006805"
1588,"0,006747"
1589,"0,006667"
1590,"0,0066"
1591,"0,006421"
1592,"0,006314"
1593,"0,006175"
1594,"0,006072"
1595,"0,005981"
1596,"0,005885"
1597,"0,005791"
1598,"0,005732"
1599,"0,005668"
1600,"0,005596"
1601,"0,005316"
1602,"0,005049"
1603,"0,004796"
1604,"0,004555"
1605,"0,004327"
1606,"0,00411"
1607,"0,003903"
1608,"0,003708"
1609,"0,003522"
1610,"0,003345"
1611,"0,003345"
1612,"0,003345"
1613,"0,003345"
1614,"5,400000E-05"
1615,"5,400000E-05"
1616,"5,400000E-05"
1617,"5,400000E-05"
1618,"5,400000E-05"
1619,"5,400000E-05"
1620,"5,400000E-05"
1621,"5,400000E-05"
1622,"5,400000E-05"
1623,"5,400000E-05"
1624,"5,400000E-05"
1625,"5,400000E-05"
1626,"5,400000E-05"
1627,"5,400000E-05"
1628,"5,400000E-05"
1629,"5,400000E-05"
1630,"5,400000E-05"
1631,"5,400000E-05"
1632,"5,400000E-05"
1633,"5,400000E-05"
1634,"5,400000E-05"
1635,"5,400000E-05"
1636,"5,400000E-05"
1637,"5,400000E-05"
1638,"5,400000E-05"
1639,"5,400000E-05"
1640,"5,400000E-05"
1641,"5,400000E-05"
1642,"5,400000E-05"
1643,"5,400000E-05"
1644,"5,400000E-05"
1645,"5,400000E-05"
1646,"5,400000E-05"
1647,"5,400000E-05"
1648,"5,400000E-05"
1649,"5,400000E-05"
1650,"5,400000E-05"
1651,"5,400000E-05"
1652,"5,400000E-05"
1653,"5,400000E-05"
1654,"5,400000E-05"
1655,"5,400000E-05"
1656,"5,400000E-05"
1657,"5,400000E-05"
1658,"5,400000E-05"
1659,"5,400000E-05"
1660,"5,400000E-05"
1661,"5,400000E-05"
1662,"5,400000E-05"
1663,"5,400000E-05"
1664,"5,400000E-05"
1665,"5,400000E-05"
1666,"5,400000E-05"
1667,"5,400000E-05"
1668,"5,400000E-05"
1669,"5,400000E-05"
1670,"5,400000E-05"
1671,"5,400000E-05"
1672,"5,400000E-05"
1673,"5,400000E-05"
1674,"5,400000E-05"
1675,"5,400000E-05"
1676,"5,400000E-05"
1677,"5,400000E-05"
1678,"5,400000E-05"
1679,"5,400000E-05"
1680,"5,400000E-05"
1681,"5,400000E-05"
1682,"5,400000E-05"
1683,"5,400000E-05"
1684,"5,400000E-05"
1685,"5,400000E-05"
1686,"5,400000E-05"
1687,"5,400000E-05"
1688,"5,400000E-05"
1689,"5,400000E-05"
1690,"5,400000E-05"
1691,"5,400000E-05"
1692,"5,400000E-05"
1693,"5,400000E-05"
1694,"5,400000E-05"
1695,"5,400000E-05"
1696,"5,400000E-05"
1697,"5,400000E-05"
1698,"5,400000E-05"
1699,"5,400000E-05"
1700,"5,400000E-05"
1701,"5,400000E-05"
1702,"5,400000E-05"
1703,"5,400000E-05"
1704,"5,400000E-05"
1705,"5,400000E-05"
1706,"5,400000E-05"
1707,"5,400000E-05"
1708,"5,400000E-05"
1709,"5,400000E-05"
1710,"5,400000E-05"
1711,"5,400000E-05"
1712,"5,400000E-05"
1713,"5,400000E-05"
1714,"5,400000E-05"
1715,"5,400000E-05"
1716,"5,400000E-05"
1717,"5,400000E-05"
1718,"5,400000E-05"
1719,"5,400000E-05"
1720,"5,400000E-05"
1721,"5,400000E-05"
1722,"5,400000E-05"
1723,"5,400000E-05"
1724,"5,400000E-05"
1725,"5,400000E-05"
1726,"5,400000E-05"
1727,"5,400000E-05"
1728,"5,400000E-05"
1729,"5,400000E-05"
1730,"5,400000E-05"
1731,"5,400000E-05"
1732,"5,400000E-05"
1733,"5,400000E-05"
1734,"5,400000E-05"
1735,"5,400000E-05"
1736,"5,400000E-05"
1737,"5,400000E-05"
1738,"5,400000E-05"
1739,"5,400000E-05"
1740,"5,400000E-05"
1741,"5,400000E-05"
1742,"5,400000E-05"
1743,"5,400000E-05"
1744,"5,400000E-05"
1745,"5,400000E-05"
1746,"5,400000E-05"
1747,"5,400000E-05"
1748,"5,400000E-05"
1749,"5,400000E-05"
1750,"5,400000E-05"
1751,"5,400000E-05"
1752,"5,400000E-05"
1753,"5,400000E-05"
1754,"5,400000E-05"
1755,"5,400000E-05"
1756,"5,400000E-05"
1757,"5,400000E-05"
1758,"5,400000E-05"
1759,"5,400000E-05"
1760,"5,400000E-05"
1761,"5,400000E-05"
1762,"5,400000E-05"
1763,"5,400000E-05"
1764,"5,400000E-05"
1765,"5,400000E-05"
1766,"5,400000E-05"
1767,"5,400000E-05"
1768,"5,400000E-05"
1769,"5,400000E-05"
1770,"5,400000E-05"
1771,"5,400000E-05"
1772,"5,400000E-05"
1773,"5,400000E-05"
1774,"5,400000E-05"
1775,"5,400000E-05"
1776,"5,400000E-05"
1777,"5,400000E-05"
1778,"5,400000E-05"
1779,"5,400000E-05"
1780,"5,400000E-05"
1781,"5,400000E-05"
1782,"5,400000E-05"
1783,"5,400000E-05"
1784,"5,400000E-05"
1785,"5,400000E-05"
1786,"0,062937"
1787,"0,0569"
1788,"0,051488"
1789,"0,046267"
1790,"0,041637"
1791,"0,037784"
1792,"0,034309"
1793,"0,031172"
1794,"0,028158"
1795,"0,02546"
1796,"0,022654"
1797,"0,019904"
1798,"0,017817"
1799,"0,015771"
1800,"0,014008"
1801,"0,01365"
1802,"0,013175"
1803,"0,012832"
1804,"0,012475"
1805,"0,012073"
1806,"0,01184"
1807,"0,011494"
1808,"0,011292"
1809,"0,01099"
1810,"0,010761"
1811,"0,010546"
1812,"0,010321"
1813,"0,010151"
1814,"0,009949"
1815,"0,00974"
1816,"0,009597"
1817,"0,009425"
1818,"0,009278"
1819,"0,009123"
1820,"0,008974"
1821,"0,008847"
1822,"0,008698"
1823,"0,008581"
1824,"0,008457"
1825,"0,008338"
1826,"0,008235"
1827,"0,008113"
1828,"0,008018"
1829,"0,007906"
1830,"0,007798"
1831,"0,007713"
1832,"0,007612"
1833,"0,007524"
1834,"0,00743"
1835,"0,00734"
1836,"0,007268"
1837,"0,007184"
1838,"0,007116"
1839,"0,007029"
1840,"0,006945"
1841,"0,006884"
1842,"0,006805"
1843,"0,006747"
1844,"0,006667"
1845,"0,0066"
1846,"0,006421"
1847,"0,006314"
1848,"0,006175"
1849,"0,006072"
1850,"0,005981"
1851,"0,005885"
1852,"0,005791"
1853,"0,005732"
1854,"0,005668"
1855,"0,005596"
1856,"0,005316"
1857,"0,005049"
1858,"0,004796"
1859,"0,004555"
1860,"0,004327"
1861,"0,00411"
1862,"0,003903"
1863,"0,003708"
1864,"0,003522"
1865,"0,003345"
1866,"0,003345"
1867,"0,003345"
1868,"0,003345"
1869,"5,400000E-05"
1870,"5,400000E-05"
1871,"5,400000E-05"
1872,"5,400000E-05"
1873,"5,400000E-05"
1874,"5,400000E-05"
1875,"5,400000E-05"
1876,"5,400000E-05"
1877,"5,400000E-05"
1878,"5,400000E-05"
1879,"5,400000E-05"
1880,"5,400000E-05"
1881,"5,400000E-05"
1882,"5,400000E-05"
1883,"5,400000E-05"
1884,"5,400000E-05"
1885,"5,400000E-05"
1886,"5,400000E-05"
1887,"5,400000E-05"
1888,"5,400000E-05"
1889,"5,400000E-05"
1890,"5,400000E-05"
1891,"5,400000E-05"
1892,"5,400000E-05"
1893,"5,400000E-05"
1894,"5,400000E-05"
1895,"5,400000E-05"
1896,"5,400000E-05"
1897,"5,400000E-05"
1898,"5,400000E-05"
1899,"5,400000E-05"
1900,"5,400000E-05"
1901,"5,400000E-05"
1902,"5,400000E-05"
1903,"5,400000E-05"
1904,"5,400000E-05"
1905,"5,400000E-05"
1906,"5,400000E-05"
1907,"5,400000E-05"
1908,"5,400000E-05"
1909,"5,400000E-05"
1910,"5,400000E-05"
1911,"5,400000E-05"
1912,"5,400000E-05"
1913,"5,400000E-05"
1914,"5,400000E-05"
1915,"5,400000E-05"
1916,"5,400000E-05"
1917,"5,400000E-05"
1918,"5,400000E-05"
1919,"5,400000E-05"
1920,"5,400000E-05"
1921,"5,400000E-05"
1922,"5,400000E-05"
1923,"5,400000E-05"
1924,"5,400000E-05"
1925,"5,400000E-05"
1926,"5,400000E-05"
1927,"5,400000E-05"
1928,"5,400000E-05"
1929,"5,400000E-05"
1930,"5,400000E-05"
1931,"5,400000E-05"
1932,"5,400000E-05"
1933,"5,400000E-05"
1934,"5,400000E-05"
1935,"5,400000E-05"
1936,"5,400000E-05"
1937,"5,400000E-05"
1938,"5,400000E-05"
1939,"5,400000E-05"
1940,"5,400000E-05"
1941,"5,400000E-05"
1942,"5,400000E-05"
1943,"5,400000E-05"
1944,"5,400000E-05"
1945,"5,400000E-05"
1946,"5,400000E-05"
1947,"5,400000E-05"
1948,"5,400000E-05"
1949,"5,400000E-05"
1950,"5,400000E-05"
1951,"5,400000E-05"
1952,"5,400000E-05"
1953,"5,400000E-05"
1954,"5,400000E-05"
1955,"5,400000E-05"
1956,"5,400000E-05"
1957,"5,400000E-05"
1958,"5,400000E-05"
1959,"5,400000E-05"
1960,"5,400000E-05"
1961,"5,400000E-05"
1962,"5,400000E-05"
1963,"5,400000E-05"
1964,"5,400000E-05"
1965,"5,400000E-05"
1966,"5,400000E-05"
1967,"5,400000E-05"
1968,"5,400000E-05"
1969,"5,400000E-05"
1970,"5,400000E-05"
1971,"5,400000E-05"
1972,"5,400000E-05"
1973,"5,400000E-05"
1974,"5,400000E-05"
1975,"5,400000E-05"
1976,"5,400000E-05"
1977,"5,400000E-05"
1978,"5,400000E-05"
1979,"5,400000E-05"
1980,"5,400000E-05"
1981,"5,400000E-05"
1982,"5,400000E-05"
1983,"5,400000E-05"
1984,"5,400000E-05"
1985,"5,400000E-05"
1986,"5,400000E-05"
1987,"5,400000E-05"
1988,"5,400000E-05"
1989,"5,400000E-05"
1990,"5,400000E-05"
1991,"5,400000E-05"
1992,"5,400000E-05"
1993,"5,400000E-05"
1994,"5,400000E-05"
1995,"5,400000E-05"
1996,"5,400000E-05"
1997,"5,400000E-05"
1998,"5,400000E-05"
1999,"5,400000E-05"
2000,"5,400000E-05"
2001,"5,400000E-05"
2002,"5,400000E-05"
2003,"5,400000E-05"
2004,"5,400000E-05"
2005,"5,400000E-05"
2006,"5,400000E-05"
2007,"5,400000E-05"
2008,"5,400000E-05"
2009,"5,400000E-05"
2010,"5,400000E-05"
2011,"5,400000E-05"
2012,"5,400000E-05"
2013,"5,400000E-05"
2014,"5,400000E-05"
2015,"5,400000E-05"
2016,"5,400000E-05"
2017,"5,400000E-05"
2018,"5,400000E-05"
2019,"5,400000E-05"
2020,"5,400000E-05"
2021,"5,400000E-05"
2022,"5,400000E-05"
2023,"5,400000E-05"
2024,"5,400000E-05"
2025,"5,400000E-05"
2026,"5,400000E-05"
2027,"5,400000E-05"
2028,"5,400000E-05"
2029,"5,400000E-05"
2030,"5,400000E-05"
2031,"5,400000E-05"
2032,"5,400000E-05"
2033,"5,400000E-05"
2034,"5,400000E-05"
2035,"5,400000E-05"
2036,"5,400000E-05"
2037,"5,400000E-05"
2038,"5,400000E-05"
2039,"5,400000E-05"
2040,"5,400000E-05"
2041,"0,062937"
2042,"0,0569"
2043,"0,051488"
2044,"0,046267"
2045,"0,041637"
2046,"0,037784"
2047,"0,034309"
2048,"0,031172"
2049,"0,028158"
2050,"0,02546"
2051,"0,022654"
2052,"0,019904"
2053,"0,017817"
2054,"0,015771"
2055,"0,014008"
2056,"0,01365"
2057,"0,013175"
2058,"0,012832"
2059,"0,012475"
2060,"0,012073"
2061,"0,01184"
2062,"0,011494"
2063,"0,011292"
2064,"0,01099"
2065,"0,010761"
2066,"0,010546"
2067,"0,010321"
2068,"0,010151"
2069,"0,009949"
2070,"0,00974"
2071,"0,009597"
2072,"0,009425"
2073,"0,009278"
2074,"0,009123"
2075,"0,008974"
2076,"0,008847"
2077,"0,008698"
2078,"0,008581"
2079,"0,008457"
2080,"0,008338"
2081,"0,008235"
2082,"0,008113"
2083,"0,008018"
2084,"0,007906"
2085,"0,007798"
2086,"0,007713"
2087,"0,007612"
2088,"0,007524"
2089,"0,00743"
2090,"0,00734"
2091,"0,007268"
2092,"0,007184"
2093,"0,007116"
2094,"0,007029"
2095,"0,006945"
2096,"0,006884"
2097,"0,006805"
2098,"0,006747"
2099,"0,006667"
2100,"0,0066"
2101,"0,006421"
2102,"0,006314"
2103,"0,006175"
2104,"0,006072"
2105,"0,005981"
2106,"0,005885"
2107,"0,005791"
2108,"0,005732"
2109,"0,005668"
2110,"0,005596"
2111,"0,005316"
2112,"0,005049"
2113,"0,004796"
2114,"0,004555"
2115,"0,004327"
2116,"0,00411"
2117,"0,003903"
2118,"0,003708"
2119,"0,003522"
2120,"0,003345"
2121,"0,003345"
2122,"0,003345"
2123,"0,003345"
2124,"5,400000E-05"
2125,"5,400000E-05"
2126,"5,400000E-05"
2127,"5,400000E-05"
2128,"5,400000E-05"
2129,"5,400000E-05"
2130,"5,400000E-05"
2131,"5,400000E-05"
2132,"5,400000E-05"
2133,"5,400000E-05"
2134,"5,400000E-05"
2135,"5,400000E-05"
2136,"5,400000E-05"
2137,"5,400000E-05"
2138,"5,400000E-05"
2139,"5,400000E-05"
2140,"5,400000E-05"
2141,"5,400000E-05"
2142,"5,400000E-05"
2143,"5,400000E-05"
2144,"5,400000E-05"
2145,"5,400000E-05"
2146,"5,400000E-05"
2147,"5,400000E-05"
2148,"5,400000E-05"
2149,"5,400000E-05"
2150,"5,400000E-05"
2151,"5,400000E-05"
2152,"5,400000E-05"
2153,"5,400000E-05"
2154,"5,400000E-05"
2155,"5,400000E-05"
2156,"5,400000E-05"
2157,"5,400000E-05"
2158,"5,400000E-05"
2159,"5,400000E-05"
2160,"5,400000E-05"
2161,"5,400000E-05"
2162,"5,400000E-05"
2163,"5,400000E-05"
2164,"5,400000E-05"
2165,"5,400000E-05"
2166,"5,400000E-05"
2167,"5,400000E-05"
2168,"5,400000E-05"
2169,"5,400000E-05"
2170,"5,400000E-05"
2171,"5,400000E-05"
2172,"5,400000E-05"
2173,"5,400000E-05"
2174,"5,400000E-05"
2175,"5,400000E-05"
2176,"5,400000E-05"
2177,"5,400000E-05"
2178,"5,400000E-05"
2179,"5,400000E-05"
2180,"5,400000E-05"
2181,"5,400000E-05"
2182,"5,400000E-05"
2183,"5,400000E-05"
2184,"5,400000E-05"
2185,"5,400000E-05"
2186,"5,400000E-05"
2187,"5,400000E-05"
2188,"5,400000E-05"
2189,"5,400000E-05"
2190,"5,400000E-05"
2191,"5,400000E-05"
2192,"5,400000E-05"
2193,"5,400000E-05"
2194,"5,400000E-05"
2195,"5,400000E-05"
2196,"5,400000E-05"
2197,"5,400000E-05"
2198,"5,400000E-05"
2199,"5,400000E-05"
2200,"5,400000E-05"
2201,"5,400000E-05"
2202,"5,400000E-05"
2203,"5,400000E-05"
2204,"5,400000E-05"
2205,"5,400000E-05"
2206,"5,400000E-05"
2207,"5,400000E-05"
2208,"5,400000E-05"
2209,"5,400000E-05"
2210,"5,400000E-05"
2211,"5,400000E-05"
2212,"5,400000E-05"
2213,"5,400000E-05"
2214,"5,400000E-05"
2215,"5,400000E-05"
2216,"5,400000E-05"
2217,"5,400000E-05"
2218,"5,400000E-05"
2219,"5,400000E-05"
2220,"5,400000E-05"
2221,"5,400000E-05"
2222,"5,400000E-05"
2223,"5,400000E-05"
2224,"5,400000E-05"
2225,"5,400000E-05"
2226,"5,400000E-05"
2227,"5,400000E-05"
2228,"5,400000E-05"
2229,"5,400000E-05"
2230,"5,400000E-05"
2231,"5,400000E-05"
2232,"5,400000E-05"
2233,"5,400000E-05"
2234,"5,400000E-05"
2235,"5,400000E-05"
2236,"5,400000E-05"
2237,"5,400000E-05"
2238,"5,400000E-05"
2239,"5,400000E-05"
2240,"5,400000E-05"
2241,"5,400000E-05"
2242,"5,400000E-05"
2243,"5,400000E-05"
2244,"5,400000E-05"
2245,"5,400000E-05"
2246,"5,400000E-05"
2247,"5,400000E-05"
2248,"5,400000E-05"
2249,"5,400000E-05"
2250,"5,400000E-05"
2251,"5,400000E-05"
2252,"5,400000E-05"
2253,"5,400000E-05"
2254,"5,400000E-05"
2255,"5,400000E-05"
2256,"5,400000E-05"
2257,"5,400000E-05"
2258,"5,400000E-05"
2259,"5,400000E-05"
2260,"5,400000E-05"
2261,"5,400000E-05"
2262,"5,400000E-05"
2263,"5,400000E-05"
2264,"5,400000E-05"
2265,"5,400000E-05"
2266,"5,400000E-05"
2267,"5,400000E-05"
2268,"5,400000E-05"
2269,"5,400000E-05"
2270,"5,400000E-05"
2271,"5,400000E-05"
2272,"5,400000E-05"
2273,"5,400000E-05"
2274,"5,400000E-05"
2275,"5,400000E-05"
2276,"5,400000E-05"
2277,"5,400000E-05"
2278,"5,400000E-05"
2279,"5,400000E-05"
2280,"5,400000E-05"
2281,"5,400000E-05"
2282,"5,400000E-05"
2283,"5,400000E-05"
2284,"5,400000E-05"
2285,"5,400000E-05"
2286,"5,400000E-05"
2287,"5,400000E-05"
2288,"5,400000E-05"
2289,"5,400000E-05"
2290,"5,400000E-05"
2291,"5,400000E-05"
2292,"5,400000E-05"
2293,"5,400000E-05"
2294,"5,400000E-05"
2295,"5,400000E-05"
2296,0
2297,0
2298,0
2299,0
2300,0
2301,0
2302,0
2303,0
2304,0
2305,0
2306,0
2307,0
2308,0
2309,0
2310,0
2311,0
2312,0
2313,0
2314,0
2315,0
2316,0
2317,0
2318,0
2319,0
2320,0
2321,0
2322,0
2323,0
2324,0
2325,0
2326,0
2327,0
2328,0
2329,0
2330,0
2331,0
2332,0
2333,0
2334,0
2335,0
2336,0
2337,0
2338,0
2339,0
2340,0
2341,0
2342,0
2343,0
2344,0
2345,0
2346,0
2347,0
2348,0
2349,0
2350,0
2351,0
2352,0
2353,0
2354,0
2355,0
2356,0
2357,0
2358,0
2359,0
2360,0
2361,0
2362,0
2363,0
2364,0
2365,0
2366,0
2367,0
2368,0
2369,0
2370,0
2371,0
2372,0
2373,0
2374,0
2375,0
2376,0
2377,0
2378,0
2379,0
2380,0
2381,0
2382,0
2383,0
2384,0
2385,0
2386,0
2387,0
2388,0
2389,0
2390,0
2391,0
2392,0
2393,0
2394,0
2395,0
2396,0
2397,0
2398,0
2399,0
2400,0
2401,0
2402,0
2403,0
2404,0
2405,0
2406,0
2407,0
2408,0
2409,0
2410,0
2411,0
2412,0
2413,0
2414,0
2415,0
2416,0
2417,0
2418,0
2419,0
2420,0
2421,0
2422,0
2423,0
2424,0
2425,0
2426,0
2427,0
2428,0
2429,0
2430,0
2431,0
2432,0
2433,0
2434,0
2435,0
2436,0
2437,0
2438,0
2439,0
2440,0
2441,0
2442,0
2443,0
2444,0
2445,0
2446,0
2447,0
2448,0
2449,0
2450,0
2451,0
2452,0
2453,0
2454,0
2455,0
2456,0
2457,0
2458,0
2459,0
2460,0
2461,0
2462,0
2463,0
2464,0
2465,0
2466,0
2467,0
2468,0
2469,0
2470,0
2471,0
2472,0
2473,0
2474,0
2475,0
2476,0
2477,0
2478,0
2479,0
2480,0
2481,0
2482,0
2483,0
2484,0
2485,0
2486,0
2487,0
2488,0
2489,0
2490,0
2491,0
2492,0
2493,0
2494,0
2495,0
2496,0
2497,0
2498,0
2499,0
2500,0
2501,0
2502,0
2503,0
2504,0
2505,0
2506,0
2507,0
2508,0
2509,0
2510,0
2511,0
2512,0
2513,0
2514,0
2515,0
2516,0
2517,0
2518,0
2519,0
2520,0
2521,0
2522,0
2523,0
2524,0
2525,0
2526,0
2527,0
2528,0
2529,0
2530,0
2531,0
2532,0
2533,0
2534,0
2535,0
2536,0
2537,0
2538,0
2539,0
2540,0
2541,0
2542,0
2543,0
2544,0
2545,0
2546,0
2547,0
2548,0
2549,0
2550,0
2551,"0,062937"
2552,"0,0569"
2553,"0,051488"
2554,"0,046267"
2555,"0,041637"
2556,"0,037784"
2557,"0,034309"
2558,"0,031172"
2559,"0,028158"
2560,"0,02546"
2561,"0,022654"
2562,"0,019904"
2563,"0,017817"
2564,"0,015771"
2565,"0,014008"
2566,"0,01365"
2567,"0,013175"
2568,"0,012832"
2569,"0,012475"
2570,"0,012073"
2571,"0,01184"
2572,"0,011494"
2573,"0,011292"
2574,"0,01099"
2575,"0,010761"
2576,"0,010546"
2577,"0,010321"
2578,"0,010151"
2579,"0,009949"
2580,"0,00974"
2581,"0,009597"
2582,"0,009425"
2583,"0,009278"
2584,"0,009123"
2585,"0,008974"
2586,"0,008847"
2587,"0,008698"
2588,"0,008581"
2589,"0,008457"
2590,"0,008338"
2591,"0,008235"
2592,"0,008113"
2593,"0,008018"
2594,"0,007906"
2595,"0,007798"
2596,"0,007713"
2597,"0,007612"
2598,"0,007524"
2599,"0,00743"
2600,"0,00734"
2601,"0,007268"
2602,"0,007184"
2603,"0,007116"
2604,"0,007029"
2605,"0,006945"
2606,"0,006884"
2607,"0,006805"
2608,"0,006747"
2609,"0,006667"
2610,"0,0066"
2611,"0,006421"
2612,"0,006314"
2613,"0,006175"
2614,"0,006072"
2615,"0,005981"
2616,"0,005885"
2617,"0,005791"
2618,"0,005732"
2619,"0,005668"
2620,"0,005596"
2621,"0,005316"
2622,"0,005049"
2623,"0,004796"
2624,"0,004555"
2625,"0,004327"
2626,"0,00411"
2627,"0,003903"
2628,"0,003708"
2629,"0,003522"
2630,"0,003345"
2631,"0,003345"
2632,"0,003345"
2633,"0,003345"
2634,0
2635,0
2636,0
2637,0
2638,0
2639,0
2640,0
2641,0
2642,0
2643,0
2644,0
2645,0
2646,0
2647,0
2648,0
2649,0
2650,0
2651,0
2652,0
2653,0
2654,0
2655,0
2656,0
2657,0
2658,0
2659,0
2660,0
2661,0
2662,0
2663,0
2664,0
2665,0
2666,0
2667,0
2668,0
2669,0
2670,0
2671,0
2672,0
2673,0
2674,0
2675,0
2676,0
2677,0
2678,0
2679,0
2680,0
2681,0
2682,0
2683,0
2684,0
2685,0
2686,0
2687,0
2688,0
2689,0
2690,0
2691,0
2692,0
2693,0
2694,0
2695,0
2696,0
2697,0
2698,0
2699,0
2700,0
2701,0
2702,0
2703,0
2704,0
2705,0
2706,0
2707,0
2708,0
2709,0
2710,0
2711,0
2712,0
2713,0
2714,0
2715,0
2716,0
2717,0
2718,0
2719,0
2720,0
2721,0
2722,0
2723,0
2724,0
2725,0
2726,0
2727,0
2728,0
2729,0
2730,0
2731,0
2732,0
2733,0
2734,0
2735,0
2736,0
2737,0
2738,0
2739,0
2740,0
2741,0
2742,0
2743,0
2744,0
2745,0
2746,0
2747,0
2748,0
2749,0
2750,0
2751,0
2752,0
2753,0
2754,0
2755,0
2756,0
2757,0
2758,0
2759,0
2760,0
2761,0
2762,0
2763,0
2764,0
2765,0
2766,0
2767,0
2768,0
2769,0
2770,0
2771,0
2772,0
2773,0
2774,0
2775,0
2776,0
2777,0
2778,0
2779,0
2780,0
2781,0
2782,0
2783,0
2784,0
2785,0
2786,0
2787,0
2788,0
2789,0
2790,0
2791,0
2792,0
2793,0
2794,0
2795,0
2796,0
2797,0
2798,0
2799,0
2800,0
2801,0
2802,0
2803,0
2804,0
2805,0
