level;class;basehp0;basehp1;basehp2;basemana;basearmor;attackpower;rangedattackpower;damage_base;damage_exp1;damage_exp2;comment
1;1;42;1;1;0;8;9;1;0,1321;0,1321;0,1321;\N
2;1;55;1;1;0;20;11;1;0,2888;0,2888;0,2888;\N
3;1;71;1;1;0;33;13;1;0,5547;0,5547;0,5547;\N
4;1;86;1;1;0;68;15;1;0,9435;0,9435;0,9435;\N
5;1;102;1;1;0;111;18;1;1,3708;1,3708;1,3708;\N
6;1;120;1;1;0;165;20;1;2,0661;2,0661;2,0661;\N
7;1;137;1;1;0;230;24;1;2,7669;2,7669;2,7669;\N
8;1;156;1;1;0;306;28;1;3,1993;3,1993;3,1993;\N
9;1;176;1;1;0;387;31;1;3,7038;3,7038;3,7038;\N
10;1;198;1;1;0;463;34;1;4,1084;4,1084;4,1084;\N
11;1;222;1;1;0;528;38;1;4,6996;4,6996;4,6996;\N
12;1;247;1;1;0;562;42;1;5,4601;5,4601;5,4601;\N
13;1;273;1;1;0;596;46;1;5,9359;5,9359;5,9359;\N
14;1;300;1;1;0;630;50;1;6,5895;6,5895;6,5895;\N
15;1;328;1;1;0;665;54;2;7,1981;7,1981;7,1981;\N
16;1;356;1;1;0;700;56;2;7,6697;7,6697;7,6697;\N
17;1;386;1;1;0;734;60;2;8,2225;8,2225;8,2225;\N
18;1;417;1;1;0;768;64;3;8,5452;8,5452;8,5452;\N
19;1;449;1;1;0;802;68;3;8,9384;8,9384;8,9384;\N
20;1;484;1;1;0;836;70;4;9,6823;9,6823;9,6823;\N
21;1;521;1;1;0;872;74;4;9,9677;9,9677;9,9677;\N
22;1;562;1;1;0;906;78;4;10,4218;10,4218;10,4218;\N
23;1;605;1;1;0;940;80;5;10,8099;10,8099;10,8099;\N
24;1;651;1;1;0;975;84;6;11,2419;11,2419;11,2419;\N
25;1;699;1;1;0;1008;86;6;11,7485;11,7485;11,7485;\N
26;1;750;1;1;0;1043;90;7;12,0453;12,0453;12,0453;\N
27;1;800;1;1;0;1078;92;7;12,6213;12,6213;12,6213;\N
28;1;853;1;1;0;1111;96;8;12,795;12,795;12,795;\N
29;1;905;1;1;0;1145;100;8;13,3432;13,3432;13,3432;\N
30;1;955;1;1;0;1179;102;9;13,9264;13,9264;13,9264;\N
31;1;1006;1;1;0;1213;106;9;14,1954;14,1954;14,1954;\N
32;1;1057;1;1;0;1249;108;10;14,696;14,696;14,696;\N
33;1;1110;1;1;0;1281;112;10;14,9914;14,9914;14,9914;\N
34;1;1163;1;1;0;1317;114;11;15,4944;15,4944;15,4944;\N
35;1;1220;1;1;0;1349;118;11;15,8617;15,8617;15,8617;\N
36;1;1277;1;1;0;1456;120;12;16,2984;16,2984;16,2984;\N
37;1;1336;1;1;0;1568;124;12;16,7962;16,7962;16,7962;\N
38;1;1395;1;1;0;1684;128;13;17,1865;17,1865;17,1865;\N
39;1;1459;1;1;0;1808;132;13;17,7286;17,7286;17,7286;\N
40;1;1524;1;1;0;1938;136;14;18,2971;18,2971;18,2971;\N
41;1;1585;1;1;0;2074;142;15;19,1997;19,1997;19,1997;\N
42;1;1651;1;1;0;2218;152;15;20,3431;20,3431;20,3431;\N
43;1;1716;1;1;0;2369;162;16;21,7088;21,7088;21,7088;\N
44;1;1782;1;1;0;2528;174;16;23,5881;23,5881;23,5881;\N
45;1;1848;1;1;0;2695;184;17;24,6797;24,6797;24,6797;\N
46;1;1919;1;1;0;2750;188;17;25,1735;25,1735;25,1735;\N
47;1;1990;1;1;0;2804;192;18;25,7137;25,7137;25,7137;\N
48;1;2062;1;1;0;2857;196;19;26,209;26,209;26,209;\N
49;1;2138;1;1;0;2912;200;19;26,9952;26,9952;26,9952;\N
50;1;2215;1;1;0;2966;206;20;27,5899;27,5899;27,5899;\N
51;1;2292;1;1;0;3018;210;20;28,128;28,128;28,128;\N
52;1;2371;1;1;0;3060;214;21;28,8795;28,8795;28,8795;\N
53;1;2453;1;1;0;3128;218;22;29,4381;29,4381;29,4381;\N
54;1;2533;1;1;0;3180;224;22;30,0501;30,0501;30,0501;\N
55;1;2614;1;5228;0;3234;228;23;30,7177;30,7177;30,7177;\N
56;1;2699;1;5398;0;3289;234;23;31,2387;31,2387;31,2387;\N
57;1;2784;1;5568;0;3342;238;24;31,945;31,945;31,945;\N
58;1;2871;3989;5742;0;3396;242;25;32,5967;40,2143;40,2143;\N
59;1;2961;4142;1;0;3449;248;25;33,2007;43,2857;43,2857;\N
60;1;3052;4979;1;0;3750;252;26;33,9625;53,4755;53,4755;\N
61;1;3144;5158;1;0;4047;258;28;34,5714;61,2729;61,2729;\N
62;1;3237;5341;1;0;4344;262;30;35,2381;67,4442;67,4442;\N
63;1;3331;5527;1;0;4641;268;32;35,775;71,4361;71,4361;\N
64;1;3427;5715;1;0;4937;272;33;36,5714;75,9334;75,9334;\N
65;1;3524;5914;1;0;5234;278;35;37,2381;80,3794;80,3794;\N
66;1;3624;6116;1;0;5531;282;37;37,9047;84,8941;84,8941;\N
67;1;3728;6326;1;0;5829;288;39;38,5714;89,6211;94,901;\N
68;1;3834;6542;6986;0;6126;292;41;39,2381;94,4934;104,527;\N
69;1;3942;6761;7984;0;6423;298;43;39,9047;99,5328;114,153;\N
70;1;4050;6986;8982;0;6719;304;44;40,5714;104,527;123,779;\N
71;1;4163;7181;9291;0;7018;308;48;41,2381;106,357;127,382;\N
72;1;4278;7380;9610;0;7318;314;53;41,9047;108,071;131,091;\N
73;1;4399;7588;9940;0;7618;320;58;42,5714;118,643;134,908;\N
74;1;4524;7804;10282;0;7918;354;63;43,2381;120,434;138,836;\N
75;1;4652;8025;10635;0;8219;392;68;43,9047;122,226;142,878;\N
76;1;4781;8247;11001;0;8520;432;74;44,5713;124,018;147,038;\N
77;1;4916;8480;11379;0;8822;478;81;45,2379;125,81;151,319;\N
78;1;5052;8715;11770;0;9124;528;88;45,9045;127,602;155,724;\N
79;1;5194;8960;12175;0;9426;582;95;46,5711;129,394;160,258;\N
80;1;5342;9215;12600;0;9729;642;103;47,2377;131,186;164,924;\N
81;1;5492;9474;13033;0;10033;708;112;47,9043;132,978;168,974;\N
82;1;5647;9741;13481;0;10356;782;121;48,5709;134,77;173,024;\N
83;1;5808;11570;13945;0;10673;805;135;49,2375;136,562;177,074;\N
84;1;5971;10300;14409;0;10990;828;149;49,9041;138,354;181,124;\N
85;1;6141;10554;14873;0;11307;851;163;50,5707;140,146;185,174;\N
86;1;6311;10809;15337;0;11624;874;177;51,2373;141,938;189,224;\N
87;1;6481;11076;15801;0;11941;897;191;51,9039;143,73;193,274;\N
88;1;6651;11343;16265;0;12258;920;205;52,5705;145,522;197,324;\N
89;1;6821;11610;16729;0;12575;943;219;53,2371;147,314;201,374;\N
90;1;6991;11877;17193;0;12892;966;233;53,9037;149,106;205,424;\N
91;1;7161;12144;17657;0;13209;989;247;54,5703;150,898;209,474;\N
92;1;7331;12411;18121;0;13526;1012;261;55,2369;152,69;213,524;\N
93;1;7501;12678;18585;0;13843;1035;275;55,9035;154,482;217,574;\N
94;1;7671;12945;19049;0;14160;1058;289;56,5701;156,274;221,624;\N
95;1;7841;13212;19513;0;14477;1081;303;57,2367;158,066;225,674;\N
96;1;8011;13479;19977;0;14794;1104;317;57,9033;159,858;229,724;\N
97;1;8181;13746;20441;0;15111;1127;331;58,5699;161,65;233,774;\N
98;1;8351;14013;20905;0;15428;1150;345;59,2365;163,442;237,824;\N
99;1;8521;14280;21369;0;15745;1173;359;59,9031;165,234;241,874;\N
100;1;8691;14547;21833;0;16062;1196;373;60,5697;167,026;245,924;\N
101;1;8861;14814;22297;0;16379;1219;387;61,2363;168,818;249,974;\N
102;1;9031;15081;22761;0;16696;1242;401;61,9029;170,61;254,024;\N
103;1;9201;15348;23225;0;17013;1265;415;62,5695;172,402;258,074;\N
104;1;9371;15615;23689;0;17330;1288;429;63,2361;174,194;262,124;\N
105;1;9541;15882;24153;0;17647;1311;443;63,9027;175,986;266,174;\N
106;1;9711;16149;24617;0;17964;1334;457;64,5693;177,778;270,224;\N
107;1;9881;16416;25081;0;18281;1357;471;65,2359;179,57;274,274;\N
108;1;10051;16683;25545;0;18598;1380;485;65,9025;181,362;278,324;\N
109;1;10221;16950;26009;0;18915;1403;499;66,5691;183,154;282,374;\N
110;1;10391;17217;26473;0;19232;1426;513;67,2357;184,946;286,424;\N
111;1;10561;17484;26937;0;19549;1449;527;67,9023;186,738;290,474;\N
112;1;10731;17751;27401;0;19866;1472;541;68,5689;188,53;294,524;\N
113;1;10901;18018;27865;0;20183;1495;555;69,2355;190,322;298,574;\N
114;1;11071;18285;28329;0;20500;1518;569;69,9021;192,114;302,624;\N
115;1;11241;18552;28793;0;20817;1541;583;70,5687;193,906;306,674;\N
116;1;11411;18819;29257;0;21134;1564;597;71,2353;195,698;310,724;\N
117;1;11581;19086;29721;0;21451;1587;611;71,9019;197,49;314,774;\N
118;1;11751;19353;30185;0;21768;1610;625;72,5685;199,282;318,824;\N
119;1;11921;19620;30649;0;22085;1633;639;73,2351;201,074;322,874;\N
120;1;12091;19887;31113;0;22402;1656;653;73,9017;202,866;326,924;\N
121;1;12261;20154;31577;0;22719;1679;667;74,5683;204,658;330,974;\N
122;1;12431;20421;32041;0;23036;1702;681;75,2349;206,45;335,024;\N
123;1;12601;20688;32505;0;23353;1725;695;75,9015;208,242;339,074;\N
124;1;12771;20955;32969;0;23670;1748;709;76,5681;210,034;343,124;\N
125;1;12941;21222;33433;0;23987;1771;723;77,2347;211,826;347,174;\N
126;1;13111;21489;33897;0;24304;1794;737;77,9013;213,618;351,224;\N
127;1;13281;21756;34361;0;24621;1817;751;78,5679;215,41;355,274;\N
128;1;13451;22023;34825;0;24938;1840;765;79,2345;217,202;359,324;\N
129;1;13621;22290;35289;0;25255;1863;779;79,9011;218,994;363,374;\N
130;1;13791;22557;35753;0;25572;1886;793;80,5677;220,786;367,424;\N
131;1;13961;22824;36217;0;25889;1909;807;81,2343;222,578;371,474;\N
132;1;14131;23091;36681;0;26206;1932;821;81,9009;224,37;375,524;\N
133;1;14301;23358;37145;0;26523;1955;835;82,5675;226,162;379,574;\N
134;1;14471;23625;37609;0;26840;1978;849;83,2341;227,954;383,624;\N
135;1;14641;23892;38073;0;27157;2001;863;83,9007;229,746;387,674;\N
136;1;14811;24159;38537;0;27474;2024;877;84,5673;231,538;391,724;\N
137;1;14981;24426;39001;0;27791;2047;891;85,2339;233,33;395,774;\N
138;1;15151;24693;39465;0;28108;2070;905;85,9005;235,122;399,824;\N
139;1;15321;24960;39929;0;28425;2093;919;86,5671;236,914;403,874;\N
140;1;15491;25227;40393;0;28742;2116;933;87,2337;238,706;407,924;\N
141;1;15661;25494;40857;0;29059;2139;947;87,9003;240,498;411,974;\N
142;1;15831;25761;41321;0;29376;2162;961;88,5669;242,29;416,024;\N
143;1;16001;26028;41785;0;29693;2185;975;89,2335;244,082;420,074;\N
144;1;16171;26295;42249;0;30010;2208;989;89,9001;245,874;424,124;\N
145;1;16341;26562;42713;0;30327;2231;1003;90,5667;247,666;428,174;\N
146;1;16511;26829;43177;0;30644;2254;1017;91,2333;249,458;432,224;\N
147;1;16681;27096;43641;0;30961;2277;1031;91,8999;251,25;436,274;\N
148;1;16851;27363;44105;0;31278;2300;1045;92,5665;253,042;440,324;\N
149;1;17021;27630;44569;0;31595;2323;1059;93,2331;254,834;444,374;\N
150;1;17191;27897;45033;0;31912;2346;1073;93,8997;256,626;448,424;\N
151;1;17361;28164;45497;0;32229;2369;1087;94,5663;258,418;452,474;\N
152;1;17531;28431;45961;0;32546;2392;1101;95,2329;260,21;456,524;\N
153;1;17701;28698;46425;0;32863;2415;1115;95,8995;262,002;460,574;\N
154;1;17871;28965;46889;0;33180;2438;1129;96,5661;263,794;464,624;\N
155;1;18041;29232;47353;0;33497;2461;1143;97,2327;265,586;468,674;\N
156;1;18211;29499;47817;0;33814;2484;1157;97,8993;267,378;472,724;\N
157;1;18381;29766;48281;0;34131;2507;1171;98,5659;269,17;476,774;\N
158;1;18551;30033;48745;0;34448;2530;1185;99,2325;270,962;480,824;\N
159;1;18721;30300;49209;0;34765;2553;1199;99,8991;272,754;484,874;\N
160;1;18891;30567;49673;0;35082;2576;1213;100,566;274,546;488,924;\N
161;1;19061;30834;50137;0;35399;2599;1227;101,232;276,338;492,974;\N
162;1;19231;31101;50601;0;35716;2622;1241;101,899;278,13;497,024;\N
163;1;19401;31368;51065;0;36033;2645;1255;102,566;279,922;501,074;\N
164;1;19571;31635;51529;0;36350;2668;1269;103,232;281,714;505,124;\N
165;1;19741;31902;51993;0;36667;2691;1283;103,899;283,506;509,174;\N
166;1;19911;32169;52457;0;36984;2714;1297;104,565;285,298;513,224;\N
167;1;20081;32436;52921;0;37301;2737;1311;105,232;287,09;517,274;\N
168;1;20251;32703;53385;0;37618;2760;1325;105,898;288,882;521,324;\N
169;1;20421;32970;53849;0;37935;2783;1339;106,565;290,674;525,374;\N
170;1;20591;33237;54313;0;38252;2806;1353;107,232;292,466;529,424;\N
171;1;20761;33504;54777;0;38569;2829;1367;107,898;294,258;533,474;\N
172;1;20931;33771;55241;0;38886;2852;1381;108,565;296,05;537,524;\N
173;1;21101;34038;55705;0;39203;2875;1395;109,232;297,842;541,574;\N
174;1;21271;34305;56169;0;39520;2898;1409;109,898;299,634;545,624;\N
175;1;21441;34572;56633;0;39837;2921;1423;110,565;301,426;549,674;\N
176;1;21611;34839;57097;0;40154;2944;1437;111,231;303,218;553,724;\N
177;1;21781;35106;57561;0;40471;2967;1451;111,898;305,01;557,774;\N
178;1;21951;35373;58025;0;40788;2990;1465;112,564;306,802;561,824;\N
179;1;22121;35640;58489;0;41105;3013;1479;113,231;308,594;565,874;\N
180;1;22291;35907;58953;0;41422;3036;1493;113,898;310,386;569,924;\N
181;1;22461;36174;59417;0;41739;3059;1507;114,564;312,178;573,974;\N
182;1;22631;36441;59881;0;42056;3082;1521;115,231;313,97;578,024;\N
183;1;22801;36708;60345;0;42373;3105;1535;115,898;315,762;582,074;\N
184;1;22971;36975;60809;0;42690;3128;1549;116,564;317,554;586,124;\N
185;1;23141;37242;61273;0;43007;3151;1563;117,231;319,346;590,174;\N
186;1;23311;37509;61737;0;43324;3174;1577;117,897;321,138;594,224;\N
187;1;23481;37776;62201;0;43641;3197;1591;118,564;322,93;598,274;\N
188;1;23651;38043;62665;0;43958;3220;1605;119,23;324,722;602,324;\N
189;1;23821;38310;63129;0;44275;3243;1619;119,897;326,514;606,374;\N
190;1;23991;38577;63593;0;44592;3266;1633;120,564;328,306;610,424;\N
191;1;24161;38844;64057;0;44909;3289;1647;121,23;330,098;614,474;\N
192;1;24331;39111;64521;0;45226;3312;1661;121,897;331,89;618,524;\N
193;1;24501;39378;64985;0;45543;3335;1675;122,564;333,682;622,574;\N
194;1;24671;39645;65449;0;45860;3358;1689;123,23;335,474;626,624;\N
195;1;24841;39912;65913;0;46177;3381;1703;123,897;337,266;630,674;\N
196;1;25011;40179;66377;0;46494;3404;1717;124,563;339,058;634,724;\N
197;1;25181;40446;66841;0;46811;3427;1731;125,23;340,85;638,774;\N
198;1;25351;40713;67305;0;47128;3450;1745;125,896;342,642;642,824;\N
199;1;25521;40980;67769;0;47445;3473;1759;126,563;344,434;646,874;\N
200;1;25691;41247;68233;0;47762;3496;1773;127,23;346,226;650,924;\N
201;1;25861;41514;68697;0;48079;3519;1787;127,896;348,018;654,974;\N
202;1;26031;41781;69161;0;48396;3542;1801;128,563;349,81;659,024;\N
203;1;26201;42048;69625;0;48713;3565;1815;129,23;351,602;663,074;\N
204;1;26371;42315;70089;0;49030;3588;1829;129,896;353,394;667,124;\N
205;1;26541;42582;70553;0;49347;3611;1843;130,563;355,186;671,174;\N
206;1;26711;42849;71017;0;49664;3634;1857;131,229;356,978;675,224;\N
207;1;26881;43116;71481;0;49981;3657;1871;131,896;358,77;679,274;\N
208;1;27051;43383;71945;0;50298;3680;1885;132,562;360,562;683,324;\N
209;1;27221;43650;72409;0;50615;3703;1899;133,229;362,354;687,374;\N
210;1;27391;43917;72873;0;50932;3726;1913;133,896;364,146;691,424;\N
211;1;27561;44184;73337;0;51249;3749;1927;134,562;365,938;695,474;\N
212;1;27731;44451;73801;0;51566;3772;1941;135,229;367,73;699,524;\N
213;1;27901;44718;74265;0;51883;3795;1955;135,896;369,522;703,574;\N
214;1;28071;44985;74729;0;52200;3818;1969;136,562;371,314;707,624;\N
215;1;28241;45252;75193;0;52517;3841;1983;137,229;373,106;711,674;\N
216;1;28411;45519;75657;0;52834;3864;1997;137,895;374,898;715,724;\N
217;1;28581;45786;76121;0;53151;3887;2011;138,562;376,69;719,774;\N
218;1;28751;46053;76585;0;53468;3910;2025;139,228;378,482;723,824;\N
219;1;28921;46320;77049;0;53785;3933;2039;139,895;380,274;727,874;\N
220;1;29091;46587;77513;0;54102;3956;2053;140,562;382,066;731,924;\N
221;1;29261;46854;77977;0;54419;3979;2067;141,228;383,858;735,974;\N
222;1;29431;47121;78441;0;54736;4002;2081;141,895;385,65;740,024;\N
223;1;29601;47388;78905;0;55053;4025;2095;142,562;387,442;744,074;\N
224;1;29771;47655;79369;0;55370;4048;2109;143,228;389,234;748,124;\N
225;1;29941;47922;79833;0;55687;4071;2123;143,895;391,026;752,174;\N
226;1;30111;48189;80297;0;56004;4094;2137;144,561;392,818;756,224;\N
227;1;30281;48456;80761;0;56321;4117;2151;145,228;394,61;760,274;\N
228;1;30451;48723;81225;0;56638;4140;2165;145,894;396,402;764,324;\N
229;1;30621;48990;81689;0;56955;4163;2179;146,561;398,194;768,374;\N
230;1;30791;49257;82153;0;57272;4186;2193;147,228;399,986;772,424;\N
231;1;30961;49524;82617;0;57589;4209;2207;147,894;401,778;776,474;\N
232;1;31131;49791;83081;0;57906;4232;2221;148,561;403,57;780,524;\N
233;1;31301;50058;83545;0;58223;4255;2235;149,228;405,362;784,574;\N
234;1;31471;50325;84009;0;58540;4278;2249;149,894;407,154;788,624;\N
235;1;31641;50592;84473;0;58857;4301;2263;150,561;408,946;792,674;\N
236;1;31811;50859;84937;0;59174;4324;2277;151,227;410,738;796,724;\N
237;1;31981;51126;85401;0;59491;4347;2291;151,894;412,53;800,774;\N
238;1;32151;51393;85865;0;59808;4370;2305;152,56;414,322;804,824;\N
239;1;32321;51660;86329;0;60125;4393;2319;153,227;416,114;808,874;\N
240;1;32491;51927;86793;0;60442;4416;2333;153,894;417,906;812,924;\N
241;1;32661;52194;87257;0;60759;4439;2347;154,56;419,698;816,974;\N
242;1;32831;52461;87721;0;61076;4462;2361;155,227;421,49;821,024;\N
243;1;33001;52728;88185;0;61393;4485;2375;155,894;423,282;825,074;\N
244;1;33171;52995;88649;0;61710;4508;2389;156,56;425,074;829,124;\N
245;1;33341;53262;89113;0;62027;4531;2403;157,227;426,866;833,174;\N
246;1;33511;53529;89577;0;62344;4554;2417;157,893;428,658;837,224;\N
247;1;33681;53796;90041;0;62661;4577;2431;158,56;430,45;841,274;\N
248;1;33851;54063;90505;0;62978;4600;2445;159,226;432,242;845,324;\N
249;1;34021;54330;90969;0;63295;4623;2459;159,893;434,034;849,374;\N
250;1;34191;54597;91433;0;63612;4646;2473;160,56;435,826;853,424;\N
251;1;34361;54864;91897;0;63929;4669;2487;161,226;437,618;857,474;\N
252;1;34531;55131;92361;0;64246;4692;2501;161,893;439,41;861,524;\N
253;1;34701;55398;92825;0;64563;4715;2515;162,56;441,202;865,574;\N
254;1;34871;55665;93289;0;64880;4738;2529;163,226;442,994;869,624;\N
255;1;35041;55932;93753;0;65197;4761;2543;163,893;444,786;873,674;\N
1;2;41;1;1;60;7;9;1;0,2381;0,2381;0,2381;\N
2;2;54;1;1;69;19;11;1;0,3119;0,3119;0,3119;\N
3;2;69;1;1;79;33;11;1;0,5952;0,5952;0,5952;\N
4;2;83;1;1;104;66;13;1;0,946;0,946;0,946;\N
5;2;98;1;1;115;109;14;1;1,4567;1,4567;1,4567;\N
6;2;115;1;1;126;163;16;1;2,0933;2,0933;2,0933;\N
7;2;131;1;1;138;208;20;1;2,7273;2,7273;2,7273;\N
8;2;148;1;1;165;303;24;1;3,1076;3,1076;3,1076;\N
9;2;166;1;1;178;369;27;1;3,595;3,595;3,595;\N
10;2;186;1;1;191;460;30;1;3,9604;3,9604;3,9604;\N
11;2;208;1;1;205;526;34;1;4,4552;4,4552;4,4552;\N
12;2;230;1;1;249;560;38;1;5,1436;5,1436;5,1436;\N
13;2;253;1;1;264;596;42;1;5,5674;5,5674;5,5674;\N
14;2;276;1;1;295;630;46;1;6,1568;6,1568;6,1568;\N
15;2;301;1;1;326;665;48;2;6,8211;6,8211;6,8211;\N
16;2;325;1;1;357;700;52;2;7,1374;7,1374;7,1374;\N
17;2;350;1;1;390;734;56;2;7,6355;7,6355;7,6355;\N
18;2;377;1;1;408;768;58;3;8,0339;8,0339;8,0339;\N
19;2;404;1;1;456;802;60;3;8,611;8,611;8,611;\N
20;2;433;1;1;490;836;64;4;9,0674;9,0674;9,0674;\N
21;2;464;1;1;510;872;68;4;9,3169;9,3169;9,3169;\N
22;2;498;1;1;545;906;71;5;9,7945;9,7945;9,7945;\N
23;2;533;1;1;581;940;74;5;10,076;10,076;10,076;\N
24;2;571;1;1;618;975;78;6;10,4619;10,4619;10,4619;\N
25;2;610;1;1;655;1008;80;6;10,7857;10,7857;10,7857;\N
26;2;651;1;1;693;1042;84;6;11,1849;11,1849;11,1849;\N
27;2;690;1;1;732;1078;86;7;11,7126;11,7126;11,7126;\N
28;2;732;1;1;756;1110;90;7;11,9663;11,9663;11,9663;\N
29;2;773;1;1;811;1145;94;8;12,352;12,352;12,352;\N
30;2;811;1;1;852;1178;94;8;13,0007;13,0007;13,0007;\N
31;2;850;1006;1;878;1213;98;9;13,2348;13,2348;13,2348;\N
32;2;888;1;1;935;1248;100;9;13,6924;13,6924;13,6924;\N
33;2;928;1;1;963;1281;104;10;13,9511;13,9511;13,9511;\N
34;2;967;1;1;1007;1316;106;10;14,4142;14,4142;14,4142;\N
35;2;1009;1;1;1067;1349;110;11;14,7365;14,7365;14,7365;\N
36;2;1050;1;1;1097;1455;112;11;15,1346;15,1346;15,1346;\N
37;2;1093;1;1;1142;1567;116;11;15,5816;15,5816;15,5816;\N
38;2;1135;1;1;1189;1683;120;12;15,9286;15,9286;15,9286;\N
39;2;1180;1;1;1236;1807;124;12;16,4168;16,4168;16,4168;\N
40;2;1226;1;1;1283;1937;128;13;16,9294;16,9294;16,9294;\N
41;2;1268;1;1;1332;2072;132;13;17,8592;17,8592;17,8592;\N
42;2;1321;1;1;1381;2216;142;15;18,8824;18,8824;18,8824;\N
43;2;1373;1;1;1432;2367;152;14;20,1127;20,1127;20,1127;\N
44;2;1426;1;1;1483;2527;166;15;21,6981;21,6981;21,6981;\N
45;2;1478;1;1;1534;2692;172;15;22,9018;22,9018;22,9018;\N
46;2;1535;1;1;1587;2749;176;16;23,3451;23,3451;23,3451;\N
47;2;1592;1;1;1640;2802;180;16;23,9542;23,9542;23,9542;\N
48;2;1650;1;1;1695;2855;184;17;24,401;24,401;24,401;\N
49;2;1710;1;1;1750;2910;188;17;24,9975;24,9975;24,9975;\N
50;2;1772;1;1;1807;2964;194;18;25,5204;25,5204;25,5204;\N
51;2;1834;1;1;1864;3017;198;19;26,0047;26,0047;26,0047;\N
52;2;1897;1;1;1923;3072;202;19;26,6877;26,6877;26,6877;\N
53;2;1962;1;1;1982;3126;206;20;27,1912;27,1912;27,1912;\N
54;2;2026;1;1;2041;3178;210;20;27,8506;27,8506;27,8506;\N
55;2;2091;1;4182;2117;3232;214;21;28,4555;28,4555;28,4555;\N
56;2;2159;1;4318;2163;3287;220;21;28,9161;28,9161;28,9161;\N
57;2;2227;1;4454;2241;3340;224;22;29,5701;29,5701;29,5701;\N
58;2;2297;3191;4594;2289;3394;228;23;30,1469;34,7143;34,7143;\N
59;2;2369;3314;1;2369;3447;234;23;30,6847;49,6442;49,6442;\N
60;2;2442;3984;1;2434;3748;238;24;31,3842;55;55;\N
61;2;2515;4126;1;2486;4044;244;25;31,837;58,3279;58,3279;\N
62;2;2590;4274;1;2568;4340;246;26;32,6201;62,4676;62,4676;\N
63;2;2665;4422;1;2620;4637;252;26;33,1092;66,121;66,121;\N
64;2;2740;4572;1;2705;4933;256;27;33,7143;70,2568;70,2568;\N
65;2;2819;4731;1;2790;5228;262;29;34,3333;74,3252;74,3252;\N
66;2;2899;4892;6116;2846;5523;266;29;35,0158;78,472;84,8941;\N
67;2;2982;5060;1;2933;5821;272;31;35,656;82,7944;94,901;\N
68;2;3067;5233;6986;2991;6116;276;31;36,3244;87,2677;104,527;\N
69;2;3153;5409;7984;3080;6412;282;32;36,974;91,8916;114,153;\N
70;2;3240;5589;8982;3155;6708;286;33;37,6361;96,7364;123,779;\N
71;2;3330;5744;9291;3231;7007;290;37;38,2899;98,3977;127,383;\N
72;2;3422;5903;9610;3309;7305;296;40;38,9492;99,8571;131,092;\N
73;2;3519;6070;9940;3387;7604;302;44;39,6048;101,451;134,908;\N
74;2;3619;6243;10282;3466;7903;334;48;40,2629;102,955;138,836;\N
75;2;3722;6420;10635;3561;8204;370;53;40,9193;104,52;142,878;\N
76;2;3825;6602;11001;3643;8503;408;57;41,5757;106,085;147,038;\N
77;2;3933;6784;11379;3725;8803;452;62;42,2321;107,65;151,319;\N
78;2;4042;6972;11770;3809;9104;500;68;42,8885;109,215;155,724;\N
79;2;4155;7167;12175;3893;9405;550;74;43,5449;110,78;160,258;\N
80;2;4274;7373;12600;3994;9706;608;80;44,2013;112,345;164,924;\N
81;2;4394;7581;13033;4081;10007;670;86;44,8577;113,91;169,095;\N
82;2;4518;7794;13481;4169;10253;726;91;45,5141;115,475;173,266;\N
83;2;4646;1;13945;4258;10573;783;98;46,1705;117,04;177,438;\N
84;2;4774;8220;14409;4363;10893;840;105;46,8269;118,605;181,61;\N
85;2;4902;8433;15498;4454;11213;897;112;47,4833;120,17;185,782;\N
86;2;5030;8646;15337;4545;11533;954;119;48,1397;121,735;189,954;\N
87;2;5158;8859;15801;4636;11853;1011;126;48,7961;123,3;194,126;\N
88;2;5286;9072;16265;4727;12173;1068;133;49,4525;124,865;198,298;\N
89;2;5414;9285;16729;4818;12493;1125;140;50,1089;126,43;202,47;\N
90;2;5542;9498;17193;4909;12813;1182;147;50,7653;127,995;206,642;\N
91;2;5670;9711;17657;5000;13133;1239;154;51,4217;129,56;210,814;\N
92;2;5798;9924;18121;5091;13453;1296;161;52,0781;131,125;214,986;\N
93;2;5926;10137;18585;5182;13773;1353;168;52,7345;132,69;219,158;\N
94;2;6054;10350;19049;5273;14093;1410;175;53,3909;134,255;223,33;\N
95;2;6182;10563;19513;5364;14413;1467;182;54,0473;135,82;227,502;\N
96;2;6310;10776;19977;5455;14733;1524;189;54,7037;137,385;231,674;\N
97;2;6438;10989;20441;5546;15053;1581;196;55,3601;138,95;235,846;\N
98;2;6566;11202;20905;5637;15373;1638;203;56,0165;140,515;240,018;\N
99;2;6694;11415;21369;5728;15693;1695;210;56,6729;142,08;244,19;\N
100;2;6822;11628;21833;5819;16013;1752;217;57,3293;143,645;248,362;\N
101;2;6950;11841;22297;5910;16333;1809;224;57,9857;145,21;252,534;\N
102;2;7078;12054;22761;6001;16653;1866;231;58,6421;146,775;256,706;\N
103;2;7206;12267;23225;6092;16973;1923;238;59,2985;148,34;260,878;\N
104;2;7334;12480;23689;6183;17293;1980;245;59,9549;149,905;265,05;\N
105;2;7462;12693;24153;6274;17613;2037;252;60,6113;151,47;269,222;\N
106;2;7590;12906;24617;6365;17933;2094;259;61,2677;153,035;273,394;\N
107;2;7718;13119;25081;6456;18253;2151;266;61,9241;154,6;277,566;\N
108;2;7846;13332;25545;6547;18573;2208;273;62,5805;156,165;281,738;\N
109;2;7974;13545;26009;6638;18893;2265;280;63,2369;157,73;285,91;\N
110;2;8102;13758;26473;6729;19213;2322;287;63,8933;159,295;290,082;\N
111;2;8230;13971;26937;6820;19533;2379;294;64,5497;160,86;294,254;\N
112;2;8358;14184;27401;6911;19853;2436;301;65,2061;162,425;298,426;\N
113;2;8486;14397;27865;7002;20173;2493;308;65,8625;163,99;302,598;\N
114;2;8614;14610;28329;7093;20493;2550;315;66,5189;165,555;306,77;\N
115;2;8742;14823;28793;7184;20813;2607;322;67,1753;167,12;310,942;\N
116;2;8870;15036;29257;7275;21133;2664;329;67,8317;168,685;315,114;\N
117;2;8998;15249;29721;7366;21453;2721;336;68,4881;170,25;319,286;\N
118;2;9126;15462;30185;7457;21773;2778;343;69,1445;171,815;323,458;\N
119;2;9254;15675;30649;7548;22093;2835;350;69,8009;173,38;327,63;\N
120;2;9382;15888;31113;7639;22413;2892;357;70,4573;174,945;331,802;\N
121;2;9510;16101;31577;7730;22733;2949;364;71,1137;176,51;335,974;\N
122;2;9638;16314;32041;7821;23053;3006;371;71,7701;178,075;340,146;\N
123;2;9766;16527;32505;7912;23373;3063;378;72,4265;179,64;344,318;\N
124;2;9894;16740;32969;8003;23693;3120;385;73,0829;181,205;348,49;\N
125;2;10022;16953;33433;8094;24013;3177;392;73,7393;182,77;352,662;\N
126;2;10150;17166;33897;8185;24333;3234;399;74,3957;184,335;356,834;\N
127;2;10278;17379;34361;8276;24653;3291;406;75,0521;185,9;361,006;\N
128;2;10406;17592;34825;8367;24973;3348;413;75,7085;187,465;365,178;\N
129;2;10534;17805;35289;8458;25293;3405;420;76,3649;189,03;369,35;\N
130;2;10662;18018;35753;8549;25613;3462;427;77,0213;190,595;373,522;\N
131;2;10790;18231;36217;8640;25933;3519;434;77,6777;192,16;377,694;\N
132;2;10918;18444;36681;8731;26253;3576;441;78,3341;193,725;381,866;\N
133;2;11046;18657;37145;8822;26573;3633;448;78,9905;195,29;386,038;\N
134;2;11174;18870;37609;8913;26893;3690;455;79,6469;196,855;390,21;\N
135;2;11302;19083;38073;9004;27213;3747;462;80,3033;198,42;394,382;\N
136;2;11430;19296;38537;9095;27533;3804;469;80,9597;199,985;398,554;\N
137;2;11558;19509;39001;9186;27853;3861;476;81,6161;201,55;402,726;\N
138;2;11686;19722;39465;9277;28173;3918;483;82,2725;203,115;406,898;\N
139;2;11814;19935;39929;9368;28493;3975;490;82,9289;204,68;411,07;\N
140;2;11942;20148;40393;9459;28813;4032;497;83,5853;206,245;415,242;\N
141;2;12070;20361;40857;9550;29133;4089;504;84,2417;207,81;419,414;\N
142;2;12198;20574;41321;9641;29453;4146;511;84,8981;209,375;423,586;\N
143;2;12326;20787;41785;9732;29773;4203;518;85,5545;210,94;427,758;\N
144;2;12454;21000;42249;9823;30093;4260;525;86,2109;212,505;431,93;\N
145;2;12582;21213;42713;9914;30413;4317;532;86,8673;214,07;436,102;\N
146;2;12710;21426;43177;10005;30733;4374;539;87,5237;215,635;440,274;\N
147;2;12838;21639;43641;10096;31053;4431;546;88,1801;217,2;444,446;\N
148;2;12966;21852;44105;10187;31373;4488;553;88,8365;218,765;448,618;\N
149;2;13094;22065;44569;10278;31693;4545;560;89,4929;220,33;452,79;\N
150;2;13222;22278;45033;10369;32013;4602;567;90,1493;221,895;456,962;\N
151;2;13350;22491;45497;10460;32333;4659;574;90,8057;223,46;461,134;\N
152;2;13478;22704;45961;10551;32653;4716;581;91,4621;225,025;465,306;\N
153;2;13606;22917;46425;10642;32973;4773;588;92,1185;226,59;469,478;\N
154;2;13734;23130;46889;10733;33293;4830;595;92,7749;228,155;473,65;\N
155;2;13862;23343;47353;10824;33613;4887;602;93,4313;229,72;477,822;\N
156;2;13990;23556;47817;10915;33933;4944;609;94,0877;231,285;481,994;\N
157;2;14118;23769;48281;11006;34253;5001;616;94,7441;232,85;486,166;\N
158;2;14246;23982;48745;11097;34573;5058;623;95,4005;234,415;490,338;\N
159;2;14374;24195;49209;11188;34893;5115;630;96,0569;235,98;494,51;\N
160;2;14502;24408;49673;11279;35213;5172;637;96,7133;237,545;498,682;\N
161;2;14630;24621;50137;11370;35533;5229;644;97,3697;239,11;502,854;\N
162;2;14758;24834;50601;11461;35853;5286;651;98,0261;240,675;507,026;\N
163;2;14886;25047;51065;11552;36173;5343;658;98,6825;242,24;511,198;\N
164;2;15014;25260;51529;11643;36493;5400;665;99,3389;243,805;515,37;\N
165;2;15142;25473;51993;11734;36813;5457;672;99,9953;245,37;519,542;\N
166;2;15270;25686;52457;11825;37133;5514;679;100,652;246,935;523,714;\N
167;2;15398;25899;52921;11916;37453;5571;686;101,308;248,5;527,886;\N
168;2;15526;26112;53385;12007;37773;5628;693;101,964;250,065;532,058;\N
169;2;15654;26325;53849;12098;38093;5685;700;102,621;251,63;536,23;\N
170;2;15782;26538;54313;12189;38413;5742;707;103,277;253,195;540,402;\N
171;2;15910;26751;54777;12280;38733;5799;714;103,934;254,76;544,574;\N
172;2;16038;26964;55241;12371;39053;5856;721;104,59;256,325;548,746;\N
173;2;16166;27177;55705;12462;39373;5913;728;105,246;257,89;552,918;\N
174;2;16294;27390;56169;12553;39693;5970;735;105,903;259,455;557,09;\N
175;2;16422;27603;56633;12644;40013;6027;742;106,559;261,02;561,262;\N
176;2;16550;27816;57097;12735;40333;6084;749;107,216;262,585;565,434;\N
177;2;16678;28029;57561;12826;40653;6141;756;107,872;264,15;569,606;\N
178;2;16806;28242;58025;12917;40973;6198;763;108,528;265,715;573,778;\N
179;2;16934;28455;58489;13008;41293;6255;770;109,185;267,28;577,95;\N
180;2;17062;28668;58953;13099;41613;6312;777;109,841;268,845;582,122;\N
181;2;17190;28881;59417;13190;41933;6369;784;110,498;270,41;586,294;\N
182;2;17318;29094;59881;13281;42253;6426;791;111,154;271,975;590,466;\N
183;2;17446;29307;60345;13372;42573;6483;798;111,81;273,54;594,638;\N
184;2;17574;29520;60809;13463;42893;6540;805;112,467;275,105;598,81;\N
185;2;17702;29733;61273;13554;43213;6597;812;113,123;276,67;602,982;\N
186;2;17830;29946;61737;13645;43533;6654;819;113,78;278,235;607,154;\N
187;2;17958;30159;62201;13736;43853;6711;826;114,436;279,8;611,326;\N
188;2;18086;30372;62665;13827;44173;6768;833;115,092;281,365;615,498;\N
189;2;18214;30585;63129;13918;44493;6825;840;115,749;282,93;619,67;\N
190;2;18342;30798;63593;14009;44813;6882;847;116,405;284,495;623,842;\N
191;2;18470;31011;64057;14100;45133;6939;854;117,062;286,06;628,014;\N
192;2;18598;31224;64521;14191;45453;6996;861;117,718;287,625;632,186;\N
193;2;18726;31437;64985;14282;45773;7053;868;118,374;289,19;636,358;\N
194;2;18854;31650;65449;14373;46093;7110;875;119,031;290,755;640,53;\N
195;2;18982;31863;65913;14464;46413;7167;882;119,687;292,32;644,702;\N
196;2;19110;32076;66377;14555;46733;7224;889;120,344;293,885;648,874;\N
197;2;19238;32289;66841;14646;47053;7281;896;121;295,45;653,046;\N
198;2;19366;32502;67305;14737;47373;7338;903;121,656;297,015;657,218;\N
199;2;19494;32715;67769;14828;47693;7395;910;122,313;298,58;661,39;\N
200;2;19622;32928;68233;14919;48013;7452;917;122,969;300,145;665,562;\N
201;2;19750;33141;68697;15010;48333;7509;924;123,626;301,71;669,734;\N
202;2;19878;33354;69161;15101;48653;7566;931;124,282;303,275;673,906;\N
203;2;20006;33567;69625;15192;48973;7623;938;124,938;304,84;678,078;\N
204;2;20134;33780;70089;15283;49293;7680;945;125,595;306,405;682,25;\N
205;2;20262;33993;70553;15374;49613;7737;952;126,251;307,97;686,422;\N
206;2;20390;34206;71017;15465;49933;7794;959;126,908;309,535;690,594;\N
207;2;20518;34419;71481;15556;50253;7851;966;127,564;311,1;694,766;\N
208;2;20646;34632;71945;15647;50573;7908;973;128,22;312,665;698,938;\N
209;2;20774;34845;72409;15738;50893;7965;980;128,877;314,23;703,11;\N
210;2;20902;35058;72873;15829;51213;8022;987;129,533;315,795;707,282;\N
211;2;21030;35271;73337;15920;51533;8079;994;130,19;317,36;711,454;\N
212;2;21158;35484;73801;16011;51853;8136;1001;130,846;318,925;715,626;\N
213;2;21286;35697;74265;16102;52173;8193;1008;131,502;320,49;719,798;\N
214;2;21414;35910;74729;16193;52493;8250;1015;132,159;322,055;723,97;\N
215;2;21542;36123;75193;16284;52813;8307;1022;132,815;323,62;728,142;\N
216;2;21670;36336;75657;16375;53133;8364;1029;133,472;325,185;732,314;\N
217;2;21798;36549;76121;16466;53453;8421;1036;134,128;326,75;736,486;\N
218;2;21926;36762;76585;16557;53773;8478;1043;134,784;328,315;740,658;\N
219;2;22054;36975;77049;16648;54093;8535;1050;135,441;329,88;744,83;\N
220;2;22182;37188;77513;16739;54413;8592;1057;136,097;331,445;749,002;\N
221;2;22310;37401;77977;16830;54733;8649;1064;136,754;333,01;753,174;\N
222;2;22438;37614;78441;16921;55053;8706;1071;137,41;334,575;757,346;\N
223;2;22566;37827;78905;17012;55373;8763;1078;138,066;336,14;761,518;\N
224;2;22694;38040;79369;17103;55693;8820;1085;138,723;337,705;765,69;\N
225;2;22822;38253;79833;17194;56013;8877;1092;139,379;339,27;769,862;\N
226;2;22950;38466;80297;17285;56333;8934;1099;140,036;340,835;774,034;\N
227;2;23078;38679;80761;17376;56653;8991;1106;140,692;342,4;778,206;\N
228;2;23206;38892;81225;17467;56973;9048;1113;141,348;343,965;782,378;\N
229;2;23334;39105;81689;17558;57293;9105;1120;142,005;345,53;786,55;\N
230;2;23462;39318;82153;17649;57613;9162;1127;142,661;347,095;790,722;\N
231;2;23590;39531;82617;17740;57933;9219;1134;143,318;348,66;794,894;\N
232;2;23718;39744;83081;17831;58253;9276;1141;143,974;350,225;799,066;\N
233;2;23846;39957;83545;17922;58573;9333;1148;144,63;351,79;803,238;\N
234;2;23974;40170;84009;18013;58893;9390;1155;145,287;353,355;807,41;\N
235;2;24102;40383;84473;18104;59213;9447;1162;145,943;354,92;811,582;\N
236;2;24230;40596;84937;18195;59533;9504;1169;146,6;356,485;815,754;\N
237;2;24358;40809;85401;18286;59853;9561;1176;147,256;358,05;819,926;\N
238;2;24486;41022;85865;18377;60173;9618;1183;147,912;359,615;824,098;\N
239;2;24614;41235;86329;18468;60493;9675;1190;148,569;361,18;828,27;\N
240;2;24742;41448;86793;18559;60813;9732;1197;149,225;362,745;832,442;\N
241;2;24870;41661;87257;18650;61133;9789;1204;149,882;364,31;836,614;\N
242;2;24998;41874;87721;18741;61453;9846;1211;150,538;365,875;840,786;\N
243;2;25126;42087;88185;18832;61773;9903;1218;151,194;367,44;844,958;\N
244;2;25254;42300;88649;18923;62093;9960;1225;151,851;369,005;849,13;\N
245;2;25382;42513;89113;19014;62413;10017;1232;152,507;370,57;853,302;\N
246;2;25510;42726;89577;19105;62733;10074;1239;153,164;372,135;857,474;\N
247;2;25638;42939;90041;19196;63053;10131;1246;153,82;373,7;861,646;\N
248;2;25766;43152;90505;19287;63373;10188;1253;154,476;375,265;865,818;\N
249;2;25894;43365;90969;19378;63693;10245;1260;155,133;376,83;869,99;\N
250;2;26022;43578;91433;19469;64013;10302;1267;155,789;378,395;874,162;\N
251;2;26150;43791;91897;19560;64333;10359;1274;156,446;379,96;878,334;\N
252;2;26278;44004;92361;19651;64653;10416;1281;157,102;381,525;882,506;\N
253;2;26406;44217;92825;19742;64973;10473;1288;157,758;383,09;886,678;\N
254;2;26534;44430;93289;19833;65293;10530;1295;158,415;384,655;890,85;\N
255;2;26662;44643;93753;19924;65613;10587;1302;159,071;386,22;895,022;\N
1;3;2;2;2;2;0;0;0;0,1;0;0;\N
2;3;2;2;2;2;0;0;0;0,1;0;0;\N
3;3;2;2;2;2;0;0;0;0,1;0;0;\N
4;3;2;2;2;2;0;0;0;0,1;0;0;\N
5;3;2;2;2;2;0;0;0;0,1;0;0;\N
6;3;2;2;2;2;0;0;0;0,1;0;0;\N
7;3;2;2;2;2;0;0;0;0,1;0;0;\N
8;3;2;2;2;2;0;0;0;0,1;0;0;\N
9;3;2;2;2;2;0;0;0;0,1;0;0;\N
10;3;2;2;2;2;0;0;0;0,1;0;0;\N
11;3;2;2;2;2;0;0;0;0,1;0;0;\N
12;3;2;2;2;2;0;0;0;0,1;0;0;\N
13;3;2;2;2;2;0;0;0;0,1;0;0;\N
14;3;2;2;2;2;0;0;0;0,1;0;0;\N
15;3;2;2;2;2;0;0;0;0,1;0;0;\N
16;3;2;2;2;2;0;0;0;0,1;0;0;\N
17;3;2;2;2;2;0;0;0;0,1;0;0;\N
18;3;2;2;2;2;0;0;0;0,1;0;0;\N
19;3;2;2;2;2;0;0;0;0,1;0;0;\N
20;3;2;2;2;2;0;0;0;0,1;0;0;\N
21;3;2;2;2;2;0;0;0;0,1;0;0;\N
22;3;2;2;2;2;0;0;0;0,1;0;0;\N
23;3;2;2;2;2;0;0;0;0,1;0;0;\N
24;3;2;2;2;2;0;0;0;0,1;0;0;\N
25;3;2;2;2;2;0;0;0;0,1;0;0;\N
26;3;2;2;2;2;0;0;0;0,1;0;0;\N
27;3;2;2;2;2;0;0;0;0,1;0;0;\N
28;3;2;2;2;2;0;0;0;0,1;0;0;\N
29;3;2;2;2;2;0;0;0;0,1;0;0;\N
30;3;2;2;2;2;0;0;0;0,1;0;0;\N
31;3;2;2;2;2;0;0;0;0,1;0;0;\N
32;3;2;2;2;2;0;0;0;0,1;0;0;\N
33;3;2;2;2;2;0;0;0;0,1;0;0;\N
34;3;2;2;2;2;0;0;0;0,1;0;0;\N
35;3;2;2;2;2;0;0;0;0,1;0;0;\N
36;3;2;2;2;2;0;0;0;0,1;0;0;\N
37;3;2;2;2;2;0;0;0;0,1;0;0;\N
38;3;2;2;2;2;0;0;0;0,1;0;0;\N
39;3;2;2;2;2;0;0;0;0,1;0;0;\N
40;3;2;2;2;2;0;0;0;0,1;0;0;\N
41;3;2;2;2;2;0;0;0;0,1;0;0;\N
42;3;2;2;2;2;0;0;0;0,1;0;0;\N
43;3;2;2;2;2;0;0;0;0,1;0;0;\N
44;3;2;2;2;2;0;0;0;0,1;0;0;\N
45;3;2;2;2;2;0;0;0;0,1;0;0;\N
46;3;2;2;2;2;0;0;0;0,1;0;0;\N
47;3;2;2;2;2;0;0;0;0,1;0;0;\N
48;3;2;2;2;2;0;0;0;0,1;0;0;\N
49;3;2;2;2;2;0;0;0;0,1;0;0;\N
50;3;2;2;2;2;0;0;0;0,1;0;0;\N
51;3;2;2;2;2;0;0;0;0,1;0;0;\N
52;3;2;2;2;2;0;0;0;0,1;0;0;\N
53;3;2;2;2;2;0;0;0;0,1;0;0;\N
54;3;2;2;2;2;0;0;0;0,1;0;0;\N
55;3;2;2;2;2;0;0;0;0,1;0;0;\N
56;3;2;2;2;2;0;0;0;0,1;0;0;\N
57;3;2;2;2;2;0;0;0;0,1;0;0;\N
58;3;2;2;2;2;0;0;0;0,1;0;0;\N
59;3;2;2;2;2;0;0;0;0,1;0;0;\N
60;3;2;2;2;2;0;0;0;0,1;0;0;\N
61;3;2;2;2;2;0;0;0;0,1;0;0;\N
62;3;2;2;2;2;0;0;0;0,1;0;0;\N
63;3;2;2;2;2;0;0;0;0,1;0;0;\N
64;3;2;2;2;2;0;0;0;0,1;0;0;\N
65;3;2;2;2;2;0;0;0;0,1;0;0;\N
66;3;2;2;2;2;0;0;0;0,1;0;0;\N
67;3;2;2;2;2;0;0;0;0,1;0;0;\N
68;3;2;2;2;2;0;0;0;0,1;0;0;\N
69;3;2;2;2;2;0;0;0;0,1;0;0;\N
70;3;2;2;2;2;0;0;0;0,1;0;0;\N
71;3;2;2;2;2;0;0;0;0,1;0;0;\N
72;3;2;2;2;2;0;0;0;0,1;0;0;\N
73;3;2;2;2;2;0;0;0;0,1;0;0;\N
74;3;2;2;2;2;0;0;0;0,1;0;0;\N
75;3;2;2;2;2;0;0;0;0,1;0;0;\N
76;3;2;2;2;2;0;0;0;0,1;0;0;\N
77;3;2;2;2;2;0;0;0;0,1;0;0;\N
78;3;2;2;2;2;0;0;0;0,1;0;0;\N
79;3;2;2;2;2;0;0;0;0,1;0;0;\N
80;3;2;2;2;2;0;0;0;0,1;0;0;\N
81;3;2;2;2;2;0;0;0;0,1;0;0;\N
82;3;2;2;2;2;0;0;0;0,1;0;0;\N
83;3;2;2;2;2;0;0;0;0,1;0;0;\N
84;3;2;2;2;2;0;0;0;0,1;0;0;\N
85;3;2;2;2;2;0;0;0;0,1;0;0;\N
86;3;2;2;2;2;0;0;0;0,1;0;0;\N
87;3;2;2;2;2;0;0;0;0,1;0;0;\N
88;3;2;2;2;2;0;0;0;0,1;0;0;\N
89;3;2;2;2;2;0;0;0;0,1;0;0;\N
90;3;2;2;2;2;0;0;0;0,1;0;0;\N
91;3;2;2;2;2;0;0;0;0,1;0;0;\N
92;3;2;2;2;2;0;0;0;0,1;0;0;\N
93;3;2;2;2;2;0;0;0;0,1;0;0;\N
94;3;2;2;2;2;0;0;0;0,1;0;0;\N
95;3;2;2;2;2;0;0;0;0,1;0;0;\N
96;3;2;2;2;2;0;0;0;0,1;0;0;\N
97;3;2;2;2;2;0;0;0;0,1;0;0;\N
98;3;2;2;2;2;0;0;0;0,1;0;0;\N
99;3;2;2;2;2;0;0;0;0,1;0;0;\N
100;3;2;2;2;2;0;0;0;0,1;0;0;\N
1;4;42;1;1;0;6;9;1;0,1321;0,1321;0,1321;\N
2;4;55;1;1;0;18;11;1;0,2888;0,2888;0,2888;\N
3;4;71;1;1;0;31;13;1;0,5547;0,5547;0,5547;\N
4;4;86;1;1;0;63;15;1;0,9435;0,9435;0,9435;\N
5;4;102;1;1;0;102;18;1;1,3708;1,3708;1,3708;\N
6;4;120;1;1;0;152;20;1;2,0661;2,0661;2,0661;\N
7;4;137;1;1;0;212;24;1;2,7669;2,7669;2,7669;\N
8;4;156;1;1;0;286;28;1;3,1993;3,1993;3,1993;\N
9;4;176;1;1;0;363;31;1;3,7038;3,7038;3,7038;\N
10;4;198;1;1;0;443;34;1;4,1084;4,1084;4,1084;\N
11;4;222;1;1;0;488;38;1;4,6996;4,6996;4,6996;\N
12;4;247;1;1;0;519;42;1;5,4601;5,4601;5,4601;\N
13;4;273;1;1;0;553;46;1;5,9359;5,9359;5,9359;\N
14;4;300;1;1;0;577;50;1;6,5895;6,5895;6,5895;\N
15;4;328;1;1;0;612;54;2;7,1981;7,1981;7,1981;\N
16;4;356;1;1;0;645;56;2;7,6697;7,6697;7,6697;\N
17;4;386;1;1;0;676;60;2;8,2225;8,2225;8,2225;\N
18;4;417;1;1;0;706;64;3;8,5452;8,5452;8,5452;\N
19;4;449;1;1;0;738;68;3;8,9384;8,9384;8,9384;\N
20;4;484;1;1;0;769;70;4;9,6823;9,6823;9,6823;\N
21;4;521;1;1;0;801;74;4;9,9677;9,9677;9,9677;\N
22;4;562;1;1;0;833;78;4;10,4218;10,4218;10,4218;\N
23;4;605;1;1;0;863;80;5;10,8099;10,8099;10,8099;\N
24;4;651;1;1;0;895;84;6;11,2419;11,2419;11,2419;\N
25;4;699;1;1;0;926;86;6;11,7485;11,7485;11,7485;\N
26;4;750;1;1;0;957;90;7;12,0453;12,0453;12,0453;\N
27;4;800;1;1;0;989;92;7;12,6213;12,6213;12,6213;\N
28;4;853;1;1;0;1020;96;8;12,795;12,795;12,795;\N
29;4;905;1;1;0;1051;100;8;13,3432;13,3432;13,3432;\N
30;4;955;1;1;0;1082;102;9;13,9264;13,9264;13,9264;\N
31;4;1006;1;1;0;1113;106;9;14,1954;14,1954;14,1954;\N
32;4;1057;1;1;0;1146;108;10;14,696;14,696;14,696;\N
33;4;1110;1;1;0;1173;112;10;14,9914;14,9914;14,9914;\N
34;4;1163;1;1;0;1208;114;11;15,4944;15,4944;15,4944;\N
35;4;1220;1;1;0;1237;118;11;15,8617;15,8617;15,8617;\N
36;4;1277;1;1;0;1349;120;12;16,2984;16,2984;16,2984;\N
37;4;1336;1;1;0;1434;124;12;16,7962;16,7962;16,7962;\N
38;4;1395;1;1;0;1538;128;13;17,1865;17,1865;17,1865;\N
39;4;1459;1;1;0;1649;132;13;17,7286;17,7286;17,7286;\N
40;4;1524;1;1;0;1764;136;14;18,2971;18,2971;18,2971;\N
41;4;1585;1;1;0;1886;142;15;19,1997;19,1997;19,1997;\N
42;4;1651;1;1;0;2015;152;15;20,3431;20,3431;20,3431;\N
43;4;1716;1;1;0;2148;162;16;21,7088;21,7088;21,7088;\N
44;4;1782;1;1;0;2303;174;16;23,5881;23,5881;23,5881;\N
45;4;1848;1;1;0;2436;184;17;24,6797;24,6797;24,6797;\N
46;4;1919;1;1;0;2485;188;17;25,1735;25,1735;25,1735;\N
47;4;1990;1;1;0;2535;192;18;25,7137;25,7137;25,7137;\N
48;4;2062;1;1;0;2582;196;19;26,209;26,209;26,209;\N
49;4;2138;1;1;0;2631;200;19;26,9952;26,9952;26,9952;\N
50;4;2215;1;1;0;2680;206;20;27,5899;27,5899;27,5899;\N
51;4;2292;1;1;0;2728;210;20;28,128;28,128;28,128;\N
52;4;2371;1;1;0;2778;214;21;28,8795;28,8795;28,8795;\N
53;4;2453;1;1;0;2826;218;22;29,4381;29,4381;29,4381;\N
54;4;2533;1;1;0;2874;224;22;30,0501;30,0501;30,0501;\N
55;4;2614;1;5228;0;2922;228;23;30,7177;30,7177;30,7177;\N
56;4;2699;1;5398;0;2972;234;23;31,2387;31,2387;31,2387;\N
57;4;2784;1;5568;0;3020;238;24;31,945;31,945;31,945;\N
58;4;2871;3989;5742;0;3068;242;25;32,5967;40,2143;40,2143;\N
59;4;2961;4142;1;0;3117;248;25;33,2007;43,2857;43,2857;\N
60;4;3052;4979;1;0;3388;252;26;33,9625;53,4755;53,4755;\N
61;4;3144;5158;1;0;3655;258;28;34,5714;61,2729;61,2729;\N
62;4;3237;5341;1;0;3922;262;30;35,2381;67,4442;67,4442;\N
63;4;3331;5527;1;0;4189;268;32;35,9047;71,4361;71,4361;\N
64;4;3427;5715;1;0;4457;272;33;36,5714;75,9334;75,9334;\N
65;4;3524;5914;1;0;4724;278;35;37,2381;80,3794;80,3794;\N
66;4;3624;6116;1;0;5104;282;37;37,9047;84,8941;84,8941;\N
67;4;3728;6326;1;0;5326;288;39;38,5714;89,6211;94,901;\N
68;4;3834;6542;6986;0;5527;292;41;39,2381;94,4934;104,527;\N
69;4;3942;6761;7984;0;5795;298;43;39,9047;99,5328;114,153;\N
70;4;4050;6986;8982;0;6062;304;44;40,5714;104,527;123,779;\N
71;4;4163;7181;9291;0;6332;308;48;41,2381;106,357;127,382;\N
72;4;4278;7380;9610;0;6602;314;53;41,9047;108,071;131,091;\N
73;4;4399;7580;9940;0;6872;320;58;42,5714;118,643;134,908;\N
74;4;4524;1;10282;0;7143;354;63;43,2381;120,434;138,836;\N
75;4;4652;1;10635;0;7415;392;68;43,9047;122,226;142,878;\N
76;4;4781;1;11001;0;7686;432;74;44,5713;124,018;147,038;\N
77;4;4916;1;11379;0;7958;478;81;45,2379;125,81;151,319;\N
78;4;5052;1;11770;0;8230;528;88;45,9045;127,602;155,724;\N
79;4;5194;1;12175;0;8503;582;95;46,5711;129,394;160,258;\N
80;4;5342;1;12600;0;8776;642;103;47,2377;131,186;164,924;\N
81;4;5496;1;13033;0;9068;708;112;47,9043;132,978;168,974;\N
82;4;5647;1;13481;0;9348;782;121;48,5709;134,77;173,024;\N
83;4;5808;1;13945;0;9589;805;135;49,2375;136,562;177,074;\N
84;4;5969;9780;14409;0;9830;828;149;49,9041;138,354;181,124;\N
85;4;6130;9980;14873;0;10071;851;163;50,5707;140,146;185,174;\N
86;4;6291;10180;15337;0;10312;874;177;51,2373;141,938;189,224;\N
87;4;6452;10380;15801;0;10553;897;191;51,9039;143,73;193,274;\N
88;4;6613;10580;16265;0;10794;920;205;52,5705;145,522;197,324;\N
89;4;6774;10780;16729;0;11035;943;219;53,2371;147,314;201,374;\N
90;4;6935;10980;17193;0;11276;966;233;53,9037;149,106;205,424;\N
91;4;7096;11180;17657;0;11517;989;247;54,5703;150,898;209,474;\N
92;4;7257;11380;18121;0;11758;1012;261;55,2369;152,69;213,524;\N
93;4;7418;11580;18585;0;11999;1035;275;55,9035;154,482;217,574;\N
94;4;7579;11780;19049;0;12240;1058;289;56,5701;156,274;221,624;\N
95;4;7740;11980;19513;0;12481;1081;303;57,2367;158,066;225,674;\N
96;4;7901;12180;19977;0;12722;1104;317;57,9033;159,858;229,724;\N
97;4;8062;12380;20441;0;12963;1127;331;58,5699;161,65;233,774;\N
98;4;8223;12580;20905;0;13204;1150;345;59,2365;163,442;237,824;\N
99;4;8384;12780;21369;0;13445;1173;359;59,9031;165,234;241,874;\N
100;4;8545;12980;21833;0;13686;1196;373;60,5697;167,026;245,924;\N
101;4;8706;13180;22297;0;13927;1219;387;61,2363;168,818;249,974;\N
102;4;8867;13380;22761;0;14168;1242;401;61,9029;170,61;254,024;\N
103;4;9028;13580;23225;0;14409;1265;415;62,5695;172,402;258,074;\N
104;4;9189;13780;23689;0;14650;1288;429;63,2361;174,194;262,124;\N
105;4;9350;13980;24153;0;14891;1311;443;63,9027;175,986;266,174;\N
106;4;9511;14180;24617;0;15132;1334;457;64,5693;177,778;270,224;\N
107;4;9672;14380;25081;0;15373;1357;471;65,2359;179,57;274,274;\N
108;4;9833;14580;25545;0;15614;1380;485;65,9025;181,362;278,324;\N
109;4;9994;14780;26009;0;15855;1403;499;66,5691;183,154;282,374;\N
110;4;10155;14980;26473;0;16096;1426;513;67,2357;184,946;286,424;\N
111;4;10316;15180;26937;0;16337;1449;527;67,9023;186,738;290,474;\N
112;4;10477;15380;27401;0;16578;1472;541;68,5689;188,53;294,524;\N
113;4;10638;15580;27865;0;16819;1495;555;69,2355;190,322;298,574;\N
114;4;10799;15780;28329;0;17060;1518;569;69,9021;192,114;302,624;\N
115;4;10960;15980;28793;0;17301;1541;583;70,5687;193,906;306,674;\N
116;4;11121;16180;29257;0;17542;1564;597;71,2353;195,698;310,724;\N
117;4;11282;16380;29721;0;17783;1587;611;71,9019;197,49;314,774;\N
118;4;11443;16580;30185;0;18024;1610;625;72,5685;199,282;318,824;\N
119;4;11604;16780;30649;0;18265;1633;639;73,2351;201,074;322,874;\N
120;4;11765;16980;31113;0;18506;1656;653;73,9017;202,866;326,924;\N
121;4;11926;17180;31577;0;18747;1679;667;74,5683;204,658;330,974;\N
122;4;12087;17380;32041;0;18988;1702;681;75,2349;206,45;335,024;\N
123;4;12248;17580;32505;0;19229;1725;695;75,9015;208,242;339,074;\N
124;4;12409;17780;32969;0;19470;1748;709;76,5681;210,034;343,124;\N
125;4;12570;17980;33433;0;19711;1771;723;77,2347;211,826;347,174;\N
126;4;12731;18180;33897;0;19952;1794;737;77,9013;213,618;351,224;\N
127;4;12892;18380;34361;0;20193;1817;751;78,5679;215,41;355,274;\N
128;4;13053;18580;34825;0;20434;1840;765;79,2345;217,202;359,324;\N
129;4;13214;18780;35289;0;20675;1863;779;79,9011;218,994;363,374;\N
130;4;13375;18980;35753;0;20916;1886;793;80,5677;220,786;367,424;\N
131;4;13536;19180;36217;0;21157;1909;807;81,2343;222,578;371,474;\N
132;4;13697;19380;36681;0;21398;1932;821;81,9009;224,37;375,524;\N
133;4;13858;19580;37145;0;21639;1955;835;82,5675;226,162;379,574;\N
134;4;14019;19780;37609;0;21880;1978;849;83,2341;227,954;383,624;\N
135;4;14180;19980;38073;0;22121;2001;863;83,9007;229,746;387,674;\N
136;4;14341;20180;38537;0;22362;2024;877;84,5673;231,538;391,724;\N
137;4;14502;20380;39001;0;22603;2047;891;85,2339;233,33;395,774;\N
138;4;14663;20580;39465;0;22844;2070;905;85,9005;235,122;399,824;\N
139;4;14824;20780;39929;0;23085;2093;919;86,5671;236,914;403,874;\N
140;4;14985;20980;40393;0;23326;2116;933;87,2337;238,706;407,924;\N
141;4;15146;21180;40857;0;23567;2139;947;87,9003;240,498;411,974;\N
142;4;15307;21380;41321;0;23808;2162;961;88,5669;242,29;416,024;\N
143;4;15468;21580;41785;0;24049;2185;975;89,2335;244,082;420,074;\N
144;4;15629;21780;42249;0;24290;2208;989;89,9001;245,874;424,124;\N
145;4;15790;21980;42713;0;24531;2231;1003;90,5667;247,666;428,174;\N
146;4;15951;22180;43177;0;24772;2254;1017;91,2333;249,458;432,224;\N
147;4;16112;22380;43641;0;25013;2277;1031;91,8999;251,25;436,274;\N
148;4;16273;22580;44105;0;25254;2300;1045;92,5665;253,042;440,324;\N
149;4;16434;22780;44569;0;25495;2323;1059;93,2331;254,834;444,374;\N
150;4;16595;22980;45033;0;25736;2346;1073;93,8997;256,626;448,424;\N
151;4;16756;23180;45497;0;25977;2369;1087;94,5663;258,418;452,474;\N
152;4;16917;23380;45961;0;26218;2392;1101;95,2329;260,21;456,524;\N
153;4;17078;23580;46425;0;26459;2415;1115;95,8995;262,002;460,574;\N
154;4;17239;23780;46889;0;26700;2438;1129;96,5661;263,794;464,624;\N
155;4;17400;23980;47353;0;26941;2461;1143;97,2327;265,586;468,674;\N
156;4;17561;24180;47817;0;27182;2484;1157;97,8993;267,378;472,724;\N
157;4;17722;24380;48281;0;27423;2507;1171;98,5659;269,17;476,774;\N
158;4;17883;24580;48745;0;27664;2530;1185;99,2325;270,962;480,824;\N
159;4;18044;24780;49209;0;27905;2553;1199;99,8991;272,754;484,874;\N
160;4;18205;24980;49673;0;28146;2576;1213;100,566;274,546;488,924;\N
161;4;18366;25180;50137;0;28387;2599;1227;101,232;276,338;492,974;\N
162;4;18527;25380;50601;0;28628;2622;1241;101,899;278,13;497,024;\N
163;4;18688;25580;51065;0;28869;2645;1255;102,566;279,922;501,074;\N
164;4;18849;25780;51529;0;29110;2668;1269;103,232;281,714;505,124;\N
165;4;19010;25980;51993;0;29351;2691;1283;103,899;283,506;509,174;\N
166;4;19171;26180;52457;0;29592;2714;1297;104,565;285,298;513,224;\N
167;4;19332;26380;52921;0;29833;2737;1311;105,232;287,09;517,274;\N
168;4;19493;26580;53385;0;30074;2760;1325;105,898;288,882;521,324;\N
169;4;19654;26780;53849;0;30315;2783;1339;106,565;290,674;525,374;\N
170;4;19815;26980;54313;0;30556;2806;1353;107,232;292,466;529,424;\N
171;4;19976;27180;54777;0;30797;2829;1367;107,898;294,258;533,474;\N
172;4;20137;27380;55241;0;31038;2852;1381;108,565;296,05;537,524;\N
173;4;20298;27580;55705;0;31279;2875;1395;109,232;297,842;541,574;\N
174;4;20459;27780;56169;0;31520;2898;1409;109,898;299,634;545,624;\N
175;4;20620;27980;56633;0;31761;2921;1423;110,565;301,426;549,674;\N
176;4;20781;28180;57097;0;32002;2944;1437;111,231;303,218;553,724;\N
177;4;20942;28380;57561;0;32243;2967;1451;111,898;305,01;557,774;\N
178;4;21103;28580;58025;0;32484;2990;1465;112,564;306,802;561,824;\N
179;4;21264;28780;58489;0;32725;3013;1479;113,231;308,594;565,874;\N
180;4;21425;28980;58953;0;32966;3036;1493;113,898;310,386;569,924;\N
181;4;21586;29180;59417;0;33207;3059;1507;114,564;312,178;573,974;\N
182;4;21747;29380;59881;0;33448;3082;1521;115,231;313,97;578,024;\N
183;4;21908;29580;60345;0;33689;3105;1535;115,898;315,762;582,074;\N
184;4;22069;29780;60809;0;33930;3128;1549;116,564;317,554;586,124;\N
185;4;22230;29980;61273;0;34171;3151;1563;117,231;319,346;590,174;\N
186;4;22391;30180;61737;0;34412;3174;1577;117,897;321,138;594,224;\N
187;4;22552;30380;62201;0;34653;3197;1591;118,564;322,93;598,274;\N
188;4;22713;30580;62665;0;34894;3220;1605;119,23;324,722;602,324;\N
189;4;22874;30780;63129;0;35135;3243;1619;119,897;326,514;606,374;\N
190;4;23035;30980;63593;0;35376;3266;1633;120,564;328,306;610,424;\N
191;4;23196;31180;64057;0;35617;3289;1647;121,23;330,098;614,474;\N
192;4;23357;31380;64521;0;35858;3312;1661;121,897;331,89;618,524;\N
193;4;23518;31580;64985;0;36099;3335;1675;122,564;333,682;622,574;\N
194;4;23679;31780;65449;0;36340;3358;1689;123,23;335,474;626,624;\N
195;4;23840;31980;65913;0;36581;3381;1703;123,897;337,266;630,674;\N
196;4;24001;32180;66377;0;36822;3404;1717;124,563;339,058;634,724;\N
197;4;24162;32380;66841;0;37063;3427;1731;125,23;340,85;638,774;\N
198;4;24323;32580;67305;0;37304;3450;1745;125,896;342,642;642,824;\N
199;4;24484;32780;67769;0;37545;3473;1759;126,563;344,434;646,874;\N
200;4;24645;32980;68233;0;37786;3496;1773;127,23;346,226;650,924;\N
201;4;24806;33180;68697;0;38027;3519;1787;127,896;348,018;654,974;\N
202;4;24967;33380;69161;0;38268;3542;1801;128,563;349,81;659,024;\N
203;4;25128;33580;69625;0;38509;3565;1815;129,23;351,602;663,074;\N
204;4;25289;33780;70089;0;38750;3588;1829;129,896;353,394;667,124;\N
205;4;25450;33980;70553;0;38991;3611;1843;130,563;355,186;671,174;\N
206;4;25611;34180;71017;0;39232;3634;1857;131,229;356,978;675,224;\N
207;4;25772;34380;71481;0;39473;3657;1871;131,896;358,77;679,274;\N
208;4;25933;34580;71945;0;39714;3680;1885;132,562;360,562;683,324;\N
209;4;26094;34780;72409;0;39955;3703;1899;133,229;362,354;687,374;\N
210;4;26255;34980;72873;0;40196;3726;1913;133,896;364,146;691,424;\N
211;4;26416;35180;73337;0;40437;3749;1927;134,562;365,938;695,474;\N
212;4;26577;35380;73801;0;40678;3772;1941;135,229;367,73;699,524;\N
213;4;26738;35580;74265;0;40919;3795;1955;135,896;369,522;703,574;\N
214;4;26899;35780;74729;0;41160;3818;1969;136,562;371,314;707,624;\N
215;4;27060;35980;75193;0;41401;3841;1983;137,229;373,106;711,674;\N
216;4;27221;36180;75657;0;41642;3864;1997;137,895;374,898;715,724;\N
217;4;27382;36380;76121;0;41883;3887;2011;138,562;376,69;719,774;\N
218;4;27543;36580;76585;0;42124;3910;2025;139,228;378,482;723,824;\N
219;4;27704;36780;77049;0;42365;3933;2039;139,895;380,274;727,874;\N
220;4;27865;36980;77513;0;42606;3956;2053;140,562;382,066;731,924;\N
221;4;28026;37180;77977;0;42847;3979;2067;141,228;383,858;735,974;\N
222;4;28187;37380;78441;0;43088;4002;2081;141,895;385,65;740,024;\N
223;4;28348;37580;78905;0;43329;4025;2095;142,562;387,442;744,074;\N
224;4;28509;37780;79369;0;43570;4048;2109;143,228;389,234;748,124;\N
225;4;28670;37980;79833;0;43811;4071;2123;143,895;391,026;752,174;\N
226;4;28831;38180;80297;0;44052;4094;2137;144,561;392,818;756,224;\N
227;4;28992;38380;80761;0;44293;4117;2151;145,228;394,61;760,274;\N
228;4;29153;38580;81225;0;44534;4140;2165;145,894;396,402;764,324;\N
229;4;29314;38780;81689;0;44775;4163;2179;146,561;398,194;768,374;\N
230;4;29475;38980;82153;0;45016;4186;2193;147,228;399,986;772,424;\N
231;4;29636;39180;82617;0;45257;4209;2207;147,894;401,778;776,474;\N
232;4;29797;39380;83081;0;45498;4232;2221;148,561;403,57;780,524;\N
233;4;29958;39580;83545;0;45739;4255;2235;149,228;405,362;784,574;\N
234;4;30119;39780;84009;0;45980;4278;2249;149,894;407,154;788,624;\N
235;4;30280;39980;84473;0;46221;4301;2263;150,561;408,946;792,674;\N
236;4;30441;40180;84937;0;46462;4324;2277;151,227;410,738;796,724;\N
237;4;30602;40380;85401;0;46703;4347;2291;151,894;412,53;800,774;\N
238;4;30763;40580;85865;0;46944;4370;2305;152,56;414,322;804,824;\N
239;4;30924;40780;86329;0;47185;4393;2319;153,227;416,114;808,874;\N
240;4;31085;40980;86793;0;47426;4416;2333;153,894;417,906;812,924;\N
241;4;31246;41180;87257;0;47667;4439;2347;154,56;419,698;816,974;\N
242;4;31407;41380;87721;0;47908;4462;2361;155,227;421,49;821,024;\N
243;4;31568;41580;88185;0;48149;4485;2375;155,894;423,282;825,074;\N
244;4;31729;41780;88649;0;48390;4508;2389;156,56;425,074;829,124;\N
245;4;31890;41980;89113;0;48631;4531;2403;157,227;426,866;833,174;\N
246;4;32051;42180;89577;0;48872;4554;2417;157,893;428,658;837,224;\N
247;4;32212;42380;90041;0;49113;4577;2431;158,56;430,45;841,274;\N
248;4;32373;42580;90505;0;49354;4600;2445;159,226;432,242;845,324;\N
249;4;32534;42780;90969;0;49595;4623;2459;159,893;434,034;849,374;\N
250;4;32695;42980;91433;0;49836;4646;2473;160,56;435,826;853,424;\N
251;4;32856;43180;91897;0;50077;4669;2487;161,226;437,618;857,474;\N
252;4;33017;43380;92361;0;50318;4692;2501;161,893;439,41;861,524;\N
253;4;33178;43580;92825;0;50559;4715;2515;162,56;441,202;865,574;\N
254;4;33339;43780;93289;0;50800;4738;2529;163,226;442,994;869,624;\N
255;4;33500;43980;93753;0;51041;4761;2543;163,893;444,786;873,674;\N
1;5;2;2;2;2;0;0;0;0,1;0;0;\N
2;5;2;2;2;2;0;0;0;0,1;0;0;\N
3;5;2;2;2;2;0;0;0;0,1;0;0;\N
4;5;2;2;2;2;0;0;0;0,1;0;0;\N
5;5;2;2;2;2;0;0;0;0,1;0;0;\N
6;5;2;2;2;2;0;0;0;0,1;0;0;\N
7;5;2;2;2;2;0;0;0;0,1;0;0;\N
8;5;2;2;2;2;0;0;0;0,1;0;0;\N
9;5;2;2;2;2;0;0;0;0,1;0;0;\N
10;5;2;2;2;2;0;0;0;0,1;0;0;\N
11;5;2;2;2;2;0;0;0;0,1;0;0;\N
12;5;2;2;2;2;0;0;0;0,1;0;0;\N
13;5;2;2;2;2;0;0;0;0,1;0;0;\N
14;5;2;2;2;2;0;0;0;0,1;0;0;\N
15;5;2;2;2;2;0;0;0;0,1;0;0;\N
16;5;2;2;2;2;0;0;0;0,1;0;0;\N
17;5;2;2;2;2;0;0;0;0,1;0;0;\N
18;5;2;2;2;2;0;0;0;0,1;0;0;\N
19;5;2;2;2;2;0;0;0;0,1;0;0;\N
20;5;2;2;2;2;0;0;0;0,1;0;0;\N
21;5;2;2;2;2;0;0;0;0,1;0;0;\N
22;5;2;2;2;2;0;0;0;0,1;0;0;\N
23;5;2;2;2;2;0;0;0;0,1;0;0;\N
24;5;2;2;2;2;0;0;0;0,1;0;0;\N
25;5;2;2;2;2;0;0;0;0,1;0;0;\N
26;5;2;2;2;2;0;0;0;0,1;0;0;\N
27;5;2;2;2;2;0;0;0;0,1;0;0;\N
28;5;2;2;2;2;0;0;0;0,1;0;0;\N
29;5;2;2;2;2;0;0;0;0,1;0;0;\N
30;5;2;2;2;2;0;0;0;0,1;0;0;\N
31;5;2;2;2;2;0;0;0;0,1;0;0;\N
32;5;2;2;2;2;0;0;0;0,1;0;0;\N
33;5;2;2;2;2;0;0;0;0,1;0;0;\N
34;5;2;2;2;2;0;0;0;0,1;0;0;\N
35;5;2;2;2;2;0;0;0;0,1;0;0;\N
36;5;2;2;2;2;0;0;0;0,1;0;0;\N
37;5;2;2;2;2;0;0;0;0,1;0;0;\N
38;5;2;2;2;2;0;0;0;0,1;0;0;\N
39;5;2;2;2;2;0;0;0;0,1;0;0;\N
40;5;2;2;2;2;0;0;0;0,1;0;0;\N
41;5;2;2;2;2;0;0;0;0,1;0;0;\N
42;5;2;2;2;2;0;0;0;0,1;0;0;\N
43;5;2;2;2;2;0;0;0;0,1;0;0;\N
44;5;2;2;2;2;0;0;0;0,1;0;0;\N
45;5;2;2;2;2;0;0;0;0,1;0;0;\N
46;5;2;2;2;2;0;0;0;0,1;0;0;\N
47;5;2;2;2;2;0;0;0;0,1;0;0;\N
48;5;2;2;2;2;0;0;0;0,1;0;0;\N
49;5;2;2;2;2;0;0;0;0,1;0;0;\N
50;5;2;2;2;2;0;0;0;0,1;0;0;\N
51;5;2;2;2;2;0;0;0;0,1;0;0;\N
52;5;2;2;2;2;0;0;0;0,1;0;0;\N
53;5;2;2;2;2;0;0;0;0,1;0;0;\N
54;5;2;2;2;2;0;0;0;0,1;0;0;\N
55;5;2;2;2;2;0;0;0;0,1;0;0;\N
56;5;2;2;2;2;0;0;0;0,1;0;0;\N
57;5;2;2;2;2;0;0;0;0,1;0;0;\N
58;5;2;2;2;2;0;0;0;0,1;0;0;\N
59;5;2;2;2;2;0;0;0;0,1;0;0;\N
60;5;2;2;2;2;0;0;0;0,1;0;0;\N
61;5;2;2;2;2;0;0;0;0,1;0;0;\N
62;5;2;2;2;2;0;0;0;0,1;0;0;\N
63;5;2;2;2;2;0;0;0;0,1;0;0;\N
64;5;2;2;2;2;0;0;0;0,1;0;0;\N
65;5;2;2;2;2;0;0;0;0,1;0;0;\N
66;5;2;2;2;2;0;0;0;0,1;0;0;\N
67;5;2;2;2;2;0;0;0;0,1;0;0;\N
68;5;2;2;2;2;0;0;0;0,1;0;0;\N
69;5;2;2;2;2;0;0;0;0,1;0;0;\N
70;5;2;2;2;2;0;0;0;0,1;0;0;\N
71;5;2;2;2;2;0;0;0;0,1;0;0;\N
72;5;2;2;2;2;0;0;0;0,1;0;0;\N
73;5;2;2;2;2;0;0;0;0,1;0;0;\N
74;5;2;2;2;2;0;0;0;0,1;0;0;\N
75;5;2;2;2;2;0;0;0;0,1;0;0;\N
76;5;2;2;2;2;0;0;0;0,1;0;0;\N
77;5;2;2;2;2;0;0;0;0,1;0;0;\N
78;5;2;2;2;2;0;0;0;0,1;0;0;\N
79;5;2;2;2;2;0;0;0;0,1;0;0;\N
80;5;2;2;2;2;0;0;0;0,1;0;0;\N
81;5;2;2;2;2;0;0;0;0,1;0;0;\N
82;5;2;2;2;2;0;0;0;0,1;0;0;\N
83;5;2;2;2;2;0;0;0;0,1;0;0;\N
84;5;2;2;2;2;0;0;0;0,1;0;0;\N
85;5;2;2;2;2;0;0;0;0,1;0;0;\N
86;5;2;2;2;2;0;0;0;0,1;0;0;\N
87;5;2;2;2;2;0;0;0;0,1;0;0;\N
88;5;2;2;2;2;0;0;0;0,1;0;0;\N
89;5;2;2;2;2;0;0;0;0,1;0;0;\N
90;5;2;2;2;2;0;0;0;0,1;0;0;\N
91;5;2;2;2;2;0;0;0;0,1;0;0;\N
92;5;2;2;2;2;0;0;0;0,1;0;0;\N
93;5;2;2;2;2;0;0;0;0,1;0;0;\N
94;5;2;2;2;2;0;0;0;0,1;0;0;\N
95;5;2;2;2;2;0;0;0;0,1;0;0;\N
96;5;2;2;2;2;0;0;0;0,1;0;0;\N
97;5;2;2;2;2;0;0;0;0,1;0;0;\N
98;5;2;2;2;2;0;0;0;0,1;0;0;\N
99;5;2;2;2;2;0;0;0;0,1;0;0;\N
100;5;2;2;2;2;0;0;0;0,1;0;0;\N
1;6;2;2;2;2;0;0;0;0,1;0;0;\N
2;6;2;2;2;2;0;0;0;0,1;0;0;\N
3;6;2;2;2;2;0;0;0;0,1;0;0;\N
4;6;2;2;2;2;0;0;0;0,1;0;0;\N
5;6;2;2;2;2;0;0;0;0,1;0;0;\N
6;6;2;2;2;2;0;0;0;0,1;0;0;\N
7;6;2;2;2;2;0;0;0;0,1;0;0;\N
8;6;2;2;2;2;0;0;0;0,1;0;0;\N
9;6;2;2;2;2;0;0;0;0,1;0;0;\N
10;6;2;2;2;2;0;0;0;0,1;0;0;\N
11;6;2;2;2;2;0;0;0;0,1;0;0;\N
12;6;2;2;2;2;0;0;0;0,1;0;0;\N
13;6;2;2;2;2;0;0;0;0,1;0;0;\N
14;6;2;2;2;2;0;0;0;0,1;0;0;\N
15;6;2;2;2;2;0;0;0;0,1;0;0;\N
16;6;2;2;2;2;0;0;0;0,1;0;0;\N
17;6;2;2;2;2;0;0;0;0,1;0;0;\N
18;6;2;2;2;2;0;0;0;0,1;0;0;\N
19;6;2;2;2;2;0;0;0;0,1;0;0;\N
20;6;2;2;2;2;0;0;0;0,1;0;0;\N
21;6;2;2;2;2;0;0;0;0,1;0;0;\N
22;6;2;2;2;2;0;0;0;0,1;0;0;\N
23;6;2;2;2;2;0;0;0;0,1;0;0;\N
24;6;2;2;2;2;0;0;0;0,1;0;0;\N
25;6;2;2;2;2;0;0;0;0,1;0;0;\N
26;6;2;2;2;2;0;0;0;0,1;0;0;\N
27;6;2;2;2;2;0;0;0;0,1;0;0;\N
28;6;2;2;2;2;0;0;0;0,1;0;0;\N
29;6;2;2;2;2;0;0;0;0,1;0;0;\N
30;6;2;2;2;2;0;0;0;0,1;0;0;\N
31;6;2;2;2;2;0;0;0;0,1;0;0;\N
32;6;2;2;2;2;0;0;0;0,1;0;0;\N
33;6;2;2;2;2;0;0;0;0,1;0;0;\N
34;6;2;2;2;2;0;0;0;0,1;0;0;\N
35;6;2;2;2;2;0;0;0;0,1;0;0;\N
36;6;2;2;2;2;0;0;0;0,1;0;0;\N
37;6;2;2;2;2;0;0;0;0,1;0;0;\N
38;6;2;2;2;2;0;0;0;0,1;0;0;\N
39;6;2;2;2;2;0;0;0;0,1;0;0;\N
40;6;2;2;2;2;0;0;0;0,1;0;0;\N
41;6;2;2;2;2;0;0;0;0,1;0;0;\N
42;6;2;2;2;2;0;0;0;0,1;0;0;\N
43;6;2;2;2;2;0;0;0;0,1;0;0;\N
44;6;2;2;2;2;0;0;0;0,1;0;0;\N
45;6;2;2;2;2;0;0;0;0,1;0;0;\N
46;6;2;2;2;2;0;0;0;0,1;0;0;\N
47;6;2;2;2;2;0;0;0;0,1;0;0;\N
48;6;2;2;2;2;0;0;0;0,1;0;0;\N
49;6;2;2;2;2;0;0;0;0,1;0;0;\N
50;6;2;2;2;2;0;0;0;0,1;0;0;\N
51;6;2;2;2;2;0;0;0;0,1;0;0;\N
52;6;2;2;2;2;0;0;0;0,1;0;0;\N
53;6;2;2;2;2;0;0;0;0,1;0;0;\N
54;6;2;2;2;2;0;0;0;0,1;0;0;\N
55;6;2;2;2;2;0;0;0;0,1;0;0;\N
56;6;2;2;2;2;0;0;0;0,1;0;0;\N
57;6;2;2;2;2;0;0;0;0,1;0;0;\N
58;6;2;2;2;2;0;0;0;0,1;0;0;\N
59;6;2;2;2;2;0;0;0;0,1;0;0;\N
60;6;2;2;2;2;0;0;0;0,1;0;0;\N
61;6;2;2;2;2;0;0;0;0,1;0;0;\N
62;6;2;2;2;2;0;0;0;0,1;0;0;\N
63;6;2;2;2;2;0;0;0;0,1;0;0;\N
64;6;2;2;2;2;0;0;0;0,1;0;0;\N
65;6;2;2;2;2;0;0;0;0,1;0;0;\N
66;6;2;2;2;2;0;0;0;0,1;0;0;\N
67;6;2;2;2;2;0;0;0;0,1;0;0;\N
68;6;2;2;2;2;0;0;0;0,1;0;0;\N
69;6;2;2;2;2;0;0;0;0,1;0;0;\N
70;6;2;2;2;2;0;0;0;0,1;0;0;\N
71;6;2;2;2;2;0;0;0;0,1;0;0;\N
72;6;2;2;2;2;0;0;0;0,1;0;0;\N
73;6;2;2;2;2;0;0;0;0,1;0;0;\N
74;6;2;2;2;2;0;0;0;0,1;0;0;\N
75;6;2;2;2;2;0;0;0;0,1;0;0;\N
76;6;2;2;2;2;0;0;0;0,1;0;0;\N
77;6;2;2;2;2;0;0;0;0,1;0;0;\N
78;6;2;2;2;2;0;0;0;0,1;0;0;\N
79;6;2;2;2;2;0;0;0;0,1;0;0;\N
80;6;2;2;2;2;0;0;0;0,1;0;0;\N
81;6;2;2;2;2;0;0;0;0,1;0;0;\N
82;6;2;2;2;2;0;0;0;0,1;0;0;\N
83;6;2;2;2;2;0;0;0;0,1;0;0;\N
84;6;2;2;2;2;0;0;0;0,1;0;0;\N
85;6;2;2;2;2;0;0;0;0,1;0;0;\N
86;6;2;2;2;2;0;0;0;0,1;0;0;\N
87;6;2;2;2;2;0;0;0;0,1;0;0;\N
88;6;2;2;2;2;0;0;0;0,1;0;0;\N
89;6;2;2;2;2;0;0;0;0,1;0;0;\N
90;6;2;2;2;2;0;0;0;0,1;0;0;\N
91;6;2;2;2;2;0;0;0;0,1;0;0;\N
92;6;2;2;2;2;0;0;0;0,1;0;0;\N
93;6;2;2;2;2;0;0;0;0,1;0;0;\N
94;6;2;2;2;2;0;0;0;0,1;0;0;\N
95;6;2;2;2;2;0;0;0;0,1;0;0;\N
96;6;2;2;2;2;0;0;0;0,1;0;0;\N
97;6;2;2;2;2;0;0;0;0,1;0;0;\N
98;6;2;2;2;2;0;0;0;0,1;0;0;\N
99;6;2;2;2;2;0;0;0;0,1;0;0;\N
100;6;2;2;2;2;0;0;0;0,1;0;0;\N
1;7;2;2;2;2;0;0;0;0,1;0;0;\N
2;7;2;2;2;2;0;0;0;0,1;0;0;\N
3;7;2;2;2;2;0;0;0;0,1;0;0;\N
4;7;2;2;2;2;0;0;0;0,1;0;0;\N
5;7;2;2;2;2;0;0;0;0,1;0;0;\N
6;7;2;2;2;2;0;0;0;0,1;0;0;\N
7;7;2;2;2;2;0;0;0;0,1;0;0;\N
8;7;2;2;2;2;0;0;0;0,1;0;0;\N
9;7;2;2;2;2;0;0;0;0,1;0;0;\N
10;7;2;2;2;2;0;0;0;0,1;0;0;\N
11;7;2;2;2;2;0;0;0;0,1;0;0;\N
12;7;2;2;2;2;0;0;0;0,1;0;0;\N
13;7;2;2;2;2;0;0;0;0,1;0;0;\N
14;7;2;2;2;2;0;0;0;0,1;0;0;\N
15;7;2;2;2;2;0;0;0;0,1;0;0;\N
16;7;2;2;2;2;0;0;0;0,1;0;0;\N
17;7;2;2;2;2;0;0;0;0,1;0;0;\N
18;7;2;2;2;2;0;0;0;0,1;0;0;\N
19;7;2;2;2;2;0;0;0;0,1;0;0;\N
20;7;2;2;2;2;0;0;0;0,1;0;0;\N
21;7;2;2;2;2;0;0;0;0,1;0;0;\N
22;7;2;2;2;2;0;0;0;0,1;0;0;\N
23;7;2;2;2;2;0;0;0;0,1;0;0;\N
24;7;2;2;2;2;0;0;0;0,1;0;0;\N
25;7;2;2;2;2;0;0;0;0,1;0;0;\N
26;7;2;2;2;2;0;0;0;0,1;0;0;\N
27;7;2;2;2;2;0;0;0;0,1;0;0;\N
28;7;2;2;2;2;0;0;0;0,1;0;0;\N
29;7;2;2;2;2;0;0;0;0,1;0;0;\N
30;7;2;2;2;2;0;0;0;0,1;0;0;\N
31;7;2;2;2;2;0;0;0;0,1;0;0;\N
32;7;2;2;2;2;0;0;0;0,1;0;0;\N
33;7;2;2;2;2;0;0;0;0,1;0;0;\N
34;7;2;2;2;2;0;0;0;0,1;0;0;\N
35;7;2;2;2;2;0;0;0;0,1;0;0;\N
36;7;2;2;2;2;0;0;0;0,1;0;0;\N
37;7;2;2;2;2;0;0;0;0,1;0;0;\N
38;7;2;2;2;2;0;0;0;0,1;0;0;\N
39;7;2;2;2;2;0;0;0;0,1;0;0;\N
40;7;2;2;2;2;0;0;0;0,1;0;0;\N
41;7;2;2;2;2;0;0;0;0,1;0;0;\N
42;7;2;2;2;2;0;0;0;0,1;0;0;\N
43;7;2;2;2;2;0;0;0;0,1;0;0;\N
44;7;2;2;2;2;0;0;0;0,1;0;0;\N
45;7;2;2;2;2;0;0;0;0,1;0;0;\N
46;7;2;2;2;2;0;0;0;0,1;0;0;\N
47;7;2;2;2;2;0;0;0;0,1;0;0;\N
48;7;2;2;2;2;0;0;0;0,1;0;0;\N
49;7;2;2;2;2;0;0;0;0,1;0;0;\N
50;7;2;2;2;2;0;0;0;0,1;0;0;\N
51;7;2;2;2;2;0;0;0;0,1;0;0;\N
52;7;2;2;2;2;0;0;0;0,1;0;0;\N
53;7;2;2;2;2;0;0;0;0,1;0;0;\N
54;7;2;2;2;2;0;0;0;0,1;0;0;\N
55;7;2;2;2;2;0;0;0;0,1;0;0;\N
56;7;2;2;2;2;0;0;0;0,1;0;0;\N
57;7;2;2;2;2;0;0;0;0,1;0;0;\N
58;7;2;2;2;2;0;0;0;0,1;0;0;\N
59;7;2;2;2;2;0;0;0;0,1;0;0;\N
60;7;2;2;2;2;0;0;0;0,1;0;0;\N
61;7;2;2;2;2;0;0;0;0,1;0;0;\N
62;7;2;2;2;2;0;0;0;0,1;0;0;\N
63;7;2;2;2;2;0;0;0;0,1;0;0;\N
64;7;2;2;2;2;0;0;0;0,1;0;0;\N
65;7;2;2;2;2;0;0;0;0,1;0;0;\N
66;7;2;2;2;2;0;0;0;0,1;0;0;\N
67;7;2;2;2;2;0;0;0;0,1;0;0;\N
68;7;2;2;2;2;0;0;0;0,1;0;0;\N
69;7;2;2;2;2;0;0;0;0,1;0;0;\N
70;7;2;2;2;2;0;0;0;0,1;0;0;\N
71;7;2;2;2;2;0;0;0;0,1;0;0;\N
72;7;2;2;2;2;0;0;0;0,1;0;0;\N
73;7;2;2;2;2;0;0;0;0,1;0;0;\N
74;7;2;2;2;2;0;0;0;0,1;0;0;\N
75;7;2;2;2;2;0;0;0;0,1;0;0;\N
76;7;2;2;2;2;0;0;0;0,1;0;0;\N
77;7;2;2;2;2;0;0;0;0,1;0;0;\N
78;7;2;2;2;2;0;0;0;0,1;0;0;\N
79;7;2;2;2;2;0;0;0;0,1;0;0;\N
80;7;2;2;2;2;0;0;0;0,1;0;0;\N
81;7;2;2;2;2;0;0;0;0,1;0;0;\N
82;7;2;2;2;2;0;0;0;0,1;0;0;\N
83;7;2;2;2;2;0;0;0;0,1;0;0;\N
84;7;2;2;2;2;0;0;0;0,1;0;0;\N
85;7;2;2;2;2;0;0;0;0,1;0;0;\N
86;7;2;2;2;2;0;0;0;0,1;0;0;\N
87;7;2;2;2;2;0;0;0;0,1;0;0;\N
88;7;2;2;2;2;0;0;0;0,1;0;0;\N
89;7;2;2;2;2;0;0;0;0,1;0;0;\N
90;7;2;2;2;2;0;0;0;0,1;0;0;\N
91;7;2;2;2;2;0;0;0;0,1;0;0;\N
92;7;2;2;2;2;0;0;0;0,1;0;0;\N
93;7;2;2;2;2;0;0;0;0,1;0;0;\N
94;7;2;2;2;2;0;0;0;0,1;0;0;\N
95;7;2;2;2;2;0;0;0;0,1;0;0;\N
96;7;2;2;2;2;0;0;0;0,1;0;0;\N
97;7;2;2;2;2;0;0;0;0,1;0;0;\N
98;7;2;2;2;2;0;0;0;0,1;0;0;\N
99;7;2;2;2;2;0;0;0;0,1;0;0;\N
100;7;2;2;2;2;0;0;0;0,1;0;0;\N
1;8;40;1;1;120;5;8;10;0,1781;0,1781;0,1781;\N
2;8;52;1;1;147;16;10;10;0,3233;0,3233;0,3233;\N
3;8;67;1;1;174;28;12;10;0,4793;0,4793;0,4793;\N
4;8;81;1;1;202;57;13;11;0,5714;0,5714;0,5714;\N
5;8;95;1;1;230;93;14;11;0,768;0,768;0,768;\N
6;8;111;1;1;259;139;15;11;1,1985;1,1985;1,1985;\N
7;8;126;1;1;289;194;15;11;2,159;2,159;2,159;\N
8;8;143;1;1;319;265;16;11;2,5217;2,5217;2,5217;\N
9;8;160;1;1;350;339;17;11;3,03;2,99;2,99;\N
10;8;178;1;1;382;423;17;12;3,4451;3,4451;3,4451;\N
11;8;199;1;1;459;447;18;12;3,975;3,975;3,975;\N
12;8;219;1;1;537;475;19;12;4,6771;4,6771;4,6771;\N
13;8;241;1;1;601;509;20;12;5,1513;5,1513;5,1513;\N
14;8;263;1;1;710;523;21;12;5,7241;5,7241;5,7241;\N
15;8;285;1;1;790;559;22;13;6,3298;6,3298;6,3298;\N
16;8;307;1;1;856;589;24;13;6,6051;6,6051;6,6051;\N
17;8;330;1;1;938;617;26;13;7,0485;7,0485;7,0485;\N
18;8;354;1;1;1020;643;27;13;7,4083;7,4083;7,4083;\N
19;8;379;1;1;1118;674;28;13;7,9333;7,9333;7,9333;\N
20;8;405;1;1;1202;701;30;14;8,3382;8,3382;8,3382;\N
21;8;432;1;1;1272;729;32;14;8,5517;8,5517;8,5517;\N
22;8;463;1;1;1357;759;34;14;8,9102;8,9102;8,9102;\N
23;8;494;1;1;1443;786;35;14;9,228;9,228;9,228;\N
24;8;528;1;1;1545;815;36;15;9,6818;9,6818;9,6818;\N
25;8;562;1;1;1633;843;37;15;10,1014;10,1014;10,1014;\N
26;8;598;1;1;1707;871;39;15;10,3246;10,3246;10,3246;\N
27;8;633;1;1;1812;900;40;15;10,804;10,804;10,804;\N
28;8;669;1;1;1977;928;42;15;11,0213;11,0213;11,0213;\N
29;8;704;1;1;2068;957;44;16;11,3608;11,3608;11,3608;\N
30;8;737;1;1;2175;984;44;16;11,9607;11,9607;11,9607;\N
31;8;770;1;1;2253;1012;46;16;12,16;12,16;12,16;\N
32;8;802;1;1;2362;1042;47;16;12,5746;12,5746;12,5746;\N
33;8;835;1;1;2457;1065;49;17;12,7966;12,7966;12,7966;\N
34;8;867;1;1;2553;1098;50;17;13,2162;13,2162;13,2162;\N
35;8;902;1;1;2680;1124;52;17;13,497;13,497;13,497;\N
36;8;935;1;1;2763;1241;53;18;13,8566;13,8566;13,8566;\N
37;8;970;1;1;2861;1300;54;18;14,367;14,367;14,367;\N
38;8;1004;1;1;2975;1391;56;18;14,6707;14,6707;14,6707;\N
39;8;1040;1;1;3075;1489;58;18;15,1049;15,1049;15,1049;\N
40;8;1077;1;1;3191;1590;60;19;15,5617;15,5617;15,5617;\N
41;8;1110;1;1;3293;1697;62;19;16,4044;16,4044;16,4044;\N
42;8;1156;1;1;3471;1811;67;19;17,3076;17,3076;17,3076;\N
43;8;1201;1;1;3575;1926;71;19;18,5165;18,5165;18,5165;\N
44;8;1247;1;1;3680;2078;78;20;19,9224;19,9224;19,9224;\N
45;8;1294;1;1;3801;2177;81;20;21,0097;21,0097;21,0097;\N
46;8;1343;1;1;3923;2220;83;20;21,4023;21,4023;21,4023;\N
47;8;1393;1;1;4031;2265;85;21;21,9484;21,9484;21,9484;\N
48;8;1443;1;1;4140;2307;87;21;22,3444;22,3444;22,3444;\N
49;8;1497;1;1;4281;2349;89;21;22,8788;22,8788;22,8788;\N
50;8;1551;1;1;4393;2393;91;22;23,4508;23,4508;23,4508;\N
51;8;1604;1;1;4506;2437;93;22;23,8815;23,8815;23,8815;\N
52;8;1660;1;1;4650;2481;95;22;24,4958;24,4958;24,4958;\N
53;8;1717;1;1;4765;2524;97;23;24,9442;24,9442;24,9442;\N
54;8;1773;1;1;4896;2567;99;23;25,5368;25,5368;25,5368;\N
55;8;1830;1;3660;5013;2609;101;23;26,079;26,079;26,079;\N
56;8;1889;1;3778;5206;2654;104;24;26,4791;26,4791;26,4791;\N
57;8;1949;1;3898;5340;2698;106;24;27,0667;27,0667;27,0667;\N
58;8;2010;2793;4020;5461;2740;107;24;27,6972;37,4048;37,4048;\N
59;8;2073;2899;1;5598;2784;110;25;28,1686;46,5537;46,5537;\N
60;8;2136;3484;1;5751;3025;112;25;28,7983;50,396;50,396;\N
61;8;2201;3611;1;5875;3263;115;25;29,3225;53,4807;53,4807;\N
62;8;2266;3739;1;6015;3500;116;25;29,917;57,2713;57,2713;\N
63;8;2332;3870;1;6156;3736;119;26;30,4646;60,577;60,577;\N
64;8;2399;4000;1;6229;3977;121;26;31,0435;64,089;64,089;\N
65;8;2467;4731;4731;6443;4214;124;26;31,6015;68,0244;69,9742;\N
66;8;2552;4892;4892;6588;4460;125;27;32,1734;72,0499;78,8784;\N
67;8;2610;5060;1;6749;4710;128;27;32,736;75,9676;87,7826;\N
68;8;2684;4580;5588;6882;4928;130;27;33,3048;80,1061;96,6868;\N
69;8;2759;4733;6387;7031;5167;133;28;33,8695;84,2722;105,591;\N
70;8;2835;4890;7185;7196;5404;135;28;34,4369;88,3402;114,496;\N
71;8;2914;5027;7432;7332;5645;137;31;35,0025;92,4034;117,829;\N
72;8;2995;5166;7688;7500;5886;140;34;35,5693;96,5068;121,259;\N
73;8;3098;5311;7952;7654;6126;143;37;36,1353;100,617;124,79;\N
74;8;3186;1;8225;7809;6368;158;41;36,7018;104,723;128,423;\N
75;8;3256;5617;8508;7981;6610;175;45;37,268;108,832;132,162;\N
76;8;3367;1;8800;8139;6851;193;49;37,8342;112,941;136,01;\N
77;8;3462;1;9103;8313;7094;214;54;38,4004;117,05;139,97;\N
78;8;3558;1;9416;8459;7335;236;58;38,9666;121,159;144,045;\N
79;8;3658;1;9740;8636;7579;260;64;39,5328;125,268;148,239;\N
80;8;3739;1;10080;8814;7822;287;69;40,099;129,377;152,555;\N
81;8;3870;1;10486;8979;8102;317;74;40,6652;133,486;156,871;\N
82;8;3977;1;10784;9160;8340;350;79;41,2314;137,595;161,187;\N
83;8;4090;1;11156;9328;8505;386;84;41,7976;141,704;165,503;\N
84;8;4203;6906;11528;9512;8670;425;89;42,3638;145,813;169,819;\N
85;8;4299;7051;11900;9697;8835;467;94;42,93;149,922;174,135;\N
86;8;4429;7196;12272;9882;9000;509;99;43,4962;154,031;178,451;\N
87;8;4542;7341;12644;10067;9165;551;104;44,0624;158,14;182,767;\N
88;8;4655;7486;13016;10252;9330;593;109;44,6286;162,249;187,083;\N
89;8;4768;7631;13388;10437;9495;635;114;45,1948;166,358;191,399;\N
90;8;4881;7776;13760;10622;9660;677;119;45,761;170,467;195,715;\N
91;8;4994;7921;14132;10807;9825;719;124;46,3272;174,576;200,031;\N
92;8;5107;8066;14504;10992;9990;761;129;46,8934;178,685;204,347;\N
93;8;5220;8211;14876;11177;10155;803;134;47,4596;182,794;208,663;\N
94;8;5333;8356;15248;11362;10320;845;139;48,0258;186,903;212,979;\N
95;8;5446;8501;15620;11547;10485;887;144;48,592;191,012;217,295;\N
96;8;5559;8646;15992;11732;10650;929;149;49,1582;195,121;221,611;\N
97;8;5672;8791;16364;11917;10815;971;154;49,7244;199,23;225,927;\N
98;8;5785;8936;16736;12102;10980;1013;159;50,2906;203,339;230,243;\N
99;8;5898;9081;17108;12287;11145;1055;164;50,8568;207,448;234,559;\N
100;8;6011;9226;17480;12472;11310;1097;169;51,423;211,557;238,875;\N
101;8;6124;9371;17852;12657;11475;1139;174;51,9892;215,666;243,191;\N
102;8;6237;9516;18224;12842;11640;1181;179;52,5554;219,775;247,507;\N
103;8;6350;9661;18596;13027;11805;1223;184;53,1216;223,884;251,823;\N
104;8;6463;9806;18968;13212;11970;1265;189;53,6878;227,993;256,139;\N
105;8;6576;9951;19340;13397;12135;1307;194;54,254;232,102;260,455;\N
106;8;6689;10096;19712;13582;12300;1349;199;54,8202;236,211;264,771;\N
107;8;6802;10241;20084;13767;12465;1391;204;55,3864;240,32;269,087;\N
108;8;6915;10386;20456;13952;12630;1433;209;55,9526;244,429;273,403;\N
109;8;7028;10531;20828;14137;12795;1475;214;56,5188;248,538;277,719;\N
110;8;7141;10676;21200;14322;12960;1517;219;57,085;252,647;282,035;\N
111;8;7254;10821;21572;14507;13125;1559;224;57,6512;256,756;286,351;\N
112;8;7367;10966;21944;14692;13290;1601;229;58,2174;260,865;290,667;\N
113;8;7480;11111;22316;14877;13455;1643;234;58,7836;264,974;294,983;\N
114;8;7593;11256;22688;15062;13620;1685;239;59,3498;269,083;299,299;\N
115;8;7706;11401;23060;15247;13785;1727;244;59,916;273,192;303,615;\N
116;8;7819;11546;23432;15432;13950;1769;249;60,4822;277,301;307,931;\N
117;8;7932;11691;23804;15617;14115;1811;254;61,0484;281,41;312,247;\N
118;8;8045;11836;24176;15802;14280;1853;259;61,6146;285,519;316,563;\N
119;8;8158;11981;24548;15987;14445;1895;264;62,1808;289,628;320,879;\N
120;8;8271;12126;24920;16172;14610;1937;269;62,747;293,737;325,195;\N
121;8;8384;12271;25292;16357;14775;1979;274;63,3132;297,846;329,511;\N
122;8;8497;12416;25664;16542;14940;2021;279;63,8794;301,955;333,827;\N
123;8;8610;12561;26036;16727;15105;2063;284;64,4456;306,064;338,143;\N
124;8;8723;12706;26408;16912;15270;2105;289;65,0118;310,173;342,459;\N
125;8;8836;12851;26780;17097;15435;2147;294;65,578;314,282;346,775;\N
126;8;8949;12996;27152;17282;15600;2189;299;66,1442;318,391;351,091;\N
127;8;9062;13141;27524;17467;15765;2231;304;66,7104;322,5;355,407;\N
128;8;9175;13286;27896;17652;15930;2273;309;67,2766;326,609;359,723;\N
129;8;9288;13431;28268;17837;16095;2315;314;67,8428;330,718;364,039;\N
130;8;9401;13576;28640;18022;16260;2357;319;68,409;334,827;368,355;\N
131;8;9514;13721;29012;18207;16425;2399;324;68,9752;338,936;372,671;\N
132;8;9627;13866;29384;18392;16590;2441;329;69,5414;343,045;376,987;\N
133;8;9740;14011;29756;18577;16755;2483;334;70,1076;347,154;381,303;\N
134;8;9853;14156;30128;18762;16920;2525;339;70,6738;351,263;385,619;\N
135;8;9966;14301;30500;18947;17085;2567;344;71,24;355,372;389,935;\N
136;8;10079;14446;30872;19132;17250;2609;349;71,8062;359,481;394,251;\N
137;8;10192;14591;31244;19317;17415;2651;354;72,3724;363,59;398,567;\N
138;8;10305;14736;31616;19502;17580;2693;359;72,9386;367,699;402,883;\N
139;8;10418;14881;31988;19687;17745;2735;364;73,5048;371,808;407,199;\N
140;8;10531;15026;32360;19872;17910;2777;369;74,071;375,917;411,515;\N
141;8;10644;15171;32732;20057;18075;2819;374;74,6372;380,026;415,831;\N
142;8;10757;15316;33104;20242;18240;2861;379;75,2034;384,135;420,147;\N
143;8;10870;15461;33476;20427;18405;2903;384;75,7696;388,244;424,463;\N
144;8;10983;15606;33848;20612;18570;2945;389;76,3358;392,353;428,779;\N
145;8;11096;15751;34220;20797;18735;2987;394;76,902;396,462;433,095;\N
146;8;11209;15896;34592;20982;18900;3029;399;77,4682;400,571;437,411;\N
147;8;11322;16041;34964;21167;19065;3071;404;78,0344;404,68;441,727;\N
148;8;11435;16186;35336;21352;19230;3113;409;78,6006;408,789;446,043;\N
149;8;11548;16331;35708;21537;19395;3155;414;79,1668;412,898;450,359;\N
150;8;11661;16476;36080;21722;19560;3197;419;79,733;417,007;454,675;\N
151;8;11774;16621;36452;21907;19725;3239;424;80,2992;421,116;458,991;\N
152;8;11887;16766;36824;22092;19890;3281;429;80,8654;425,225;463,307;\N
153;8;12000;16911;37196;22277;20055;3323;434;81,4316;429,334;467,623;\N
154;8;12113;17056;37568;22462;20220;3365;439;81,9978;433,443;471,939;\N
155;8;12226;17201;37940;22647;20385;3407;444;82,564;437,552;476,255;\N
156;8;12339;17346;38312;22832;20550;3449;449;83,1302;441,661;480,571;\N
157;8;12452;17491;38684;23017;20715;3491;454;83,6964;445,77;484,887;\N
158;8;12565;17636;39056;23202;20880;3533;459;84,2626;449,879;489,203;\N
159;8;12678;17781;39428;23387;21045;3575;464;84,8288;453,988;493,519;\N
160;8;12791;17926;39800;23572;21210;3617;469;85,395;458,097;497,835;\N
161;8;12904;18071;40172;23757;21375;3659;474;85,9612;462,206;502,151;\N
162;8;13017;18216;40544;23942;21540;3701;479;86,5274;466,315;506,467;\N
163;8;13130;18361;40916;24127;21705;3743;484;87,0936;470,424;510,783;\N
164;8;13243;18506;41288;24312;21870;3785;489;87,6598;474,533;515,099;\N
165;8;13356;18651;41660;24497;22035;3827;494;88,226;478,642;519,415;\N
166;8;13469;18796;42032;24682;22200;3869;499;88,7922;482,751;523,731;\N
167;8;13582;18941;42404;24867;22365;3911;504;89,3584;486,86;528,047;\N
168;8;13695;19086;42776;25052;22530;3953;509;89,9246;490,969;532,363;\N
169;8;13808;19231;43148;25237;22695;3995;514;90,4908;495,078;536,679;\N
170;8;13921;19376;43520;25422;22860;4037;519;91,057;499,187;540,995;\N
171;8;14034;19521;43892;25607;23025;4079;524;91,6232;503,296;545,311;\N
172;8;14147;19666;44264;25792;23190;4121;529;92,1894;507,405;549,627;\N
173;8;14260;19811;44636;25977;23355;4163;534;92,7556;511,514;553,943;\N
174;8;14373;19956;45008;26162;23520;4205;539;93,3218;515,623;558,259;\N
175;8;14486;20101;45380;26347;23685;4247;544;93,888;519,732;562,575;\N
176;8;14599;20246;45752;26532;23850;4289;549;94,4542;523,841;566,891;\N
177;8;14712;20391;46124;26717;24015;4331;554;95,0204;527,95;571,207;\N
178;8;14825;20536;46496;26902;24180;4373;559;95,5866;532,059;575,523;\N
179;8;14938;20681;46868;27087;24345;4415;564;96,1528;536,168;579,839;\N
180;8;15051;20826;47240;27272;24510;4457;569;96,719;540,277;584,155;\N
181;8;15164;20971;47612;27457;24675;4499;574;97,2852;544,386;588,471;\N
182;8;15277;21116;47984;27642;24840;4541;579;97,8514;548,495;592,787;\N
183;8;15390;21261;48356;27827;25005;4583;584;98,4176;552,604;597,103;\N
184;8;15503;21406;48728;28012;25170;4625;589;98,9838;556,713;601,419;\N
185;8;15616;21551;49100;28197;25335;4667;594;99,55;560,822;605,735;\N
186;8;15729;21696;49472;28382;25500;4709;599;100,116;564,931;610,051;\N
187;8;15842;21841;49844;28567;25665;4751;604;100,682;569,04;614,367;\N
188;8;15955;21986;50216;28752;25830;4793;609;101,249;573,149;618,683;\N
189;8;16068;22131;50588;28937;25995;4835;614;101,815;577,258;622,999;\N
190;8;16181;22276;50960;29122;26160;4877;619;102,381;581,367;627,315;\N
191;8;16294;22421;51332;29307;26325;4919;624;102,947;585,476;631,631;\N
192;8;16407;22566;51704;29492;26490;4961;629;103,513;589,585;635,947;\N
193;8;16520;22711;52076;29677;26655;5003;634;104,08;593,694;640,263;\N
194;8;16633;22856;52448;29862;26820;5045;639;104,646;597,803;644,579;\N
195;8;16746;23001;52820;30047;26985;5087;644;105,212;601,912;648,895;\N
196;8;16859;23146;53192;30232;27150;5129;649;105,778;606,021;653,211;\N
197;8;16972;23291;53564;30417;27315;5171;654;106,344;610,13;657,527;\N
198;8;17085;23436;53936;30602;27480;5213;659;106,911;614,239;661,843;\N
199;8;17198;23581;54308;30787;27645;5255;664;107,477;618,348;666,159;\N
200;8;17311;23726;54680;30972;27810;5297;669;108,043;622,457;670,475;\N
201;8;17424;23871;55052;31157;27975;5339;674;108,609;626,566;674,791;\N
202;8;17537;24016;55424;31342;28140;5381;679;109,175;630,675;679,107;\N
203;8;17650;24161;55796;31527;28305;5423;684;109,742;634,784;683,423;\N
204;8;17763;24306;56168;31712;28470;5465;689;110,308;638,893;687,739;\N
205;8;17876;24451;56540;31897;28635;5507;694;110,874;643,002;692,055;\N
206;8;17989;24596;56912;32082;28800;5549;699;111,44;647,111;696,371;\N
207;8;18102;24741;57284;32267;28965;5591;704;112,006;651,22;700,687;\N
208;8;18215;24886;57656;32452;29130;5633;709;112,573;655,329;705,003;\N
209;8;18328;25031;58028;32637;29295;5675;714;113,139;659,438;709,319;\N
210;8;18441;25176;58400;32822;29460;5717;719;113,705;663,547;713,635;\N
211;8;18554;25321;58772;33007;29625;5759;724;114,271;667,656;717,951;\N
212;8;18667;25466;59144;33192;29790;5801;729;114,837;671,765;722,267;\N
213;8;18780;25611;59516;33377;29955;5843;734;115,404;675,874;726,583;\N
214;8;18893;25756;59888;33562;30120;5885;739;115,97;679,983;730,899;\N
215;8;19006;25901;60260;33747;30285;5927;744;116,536;684,092;735,215;\N
216;8;19119;26046;60632;33932;30450;5969;749;117,102;688,201;739,531;\N
217;8;19232;26191;61004;34117;30615;6011;754;117,668;692,31;743,847;\N
218;8;19345;26336;61376;34302;30780;6053;759;118,235;696,419;748,163;\N
219;8;19458;26481;61748;34487;30945;6095;764;118,801;700,528;752,479;\N
220;8;19571;26626;62120;34672;31110;6137;769;119,367;704,637;756,795;\N
221;8;19684;26771;62492;34857;31275;6179;774;119,933;708,746;761,111;\N
222;8;19797;26916;62864;35042;31440;6221;779;120,499;712,855;765,427;\N
223;8;19910;27061;63236;35227;31605;6263;784;121,066;716,964;769,743;\N
224;8;20023;27206;63608;35412;31770;6305;789;121,632;721,073;774,059;\N
225;8;20136;27351;63980;35597;31935;6347;794;122,198;725,182;778,375;\N
226;8;20249;27496;64352;35782;32100;6389;799;122,764;729,291;782,691;\N
227;8;20362;27641;64724;35967;32265;6431;804;123,33;733,4;787,007;\N
228;8;20475;27786;65096;36152;32430;6473;809;123,897;737,509;791,323;\N
229;8;20588;27931;65468;36337;32595;6515;814;124,463;741,618;795,639;\N
230;8;20701;28076;65840;36522;32760;6557;819;125,029;745,727;799,955;\N
231;8;20814;28221;66212;36707;32925;6599;824;125,595;749,836;804,271;\N
232;8;20927;28366;66584;36892;33090;6641;829;126,161;753,945;808,587;\N
233;8;21040;28511;66956;37077;33255;6683;834;126,728;758,054;812,903;\N
234;8;21153;28656;67328;37262;33420;6725;839;127,294;762,163;817,219;\N
235;8;21266;28801;67700;37447;33585;6767;844;127,86;766,272;821,535;\N
236;8;21379;28946;68072;37632;33750;6809;849;128,426;770,381;825,851;\N
237;8;21492;29091;68444;37817;33915;6851;854;128,992;774,49;830,167;\N
238;8;21605;29236;68816;38002;34080;6893;859;129,559;778,599;834,483;\N
239;8;21718;29381;69188;38187;34245;6935;864;130,125;782,708;838,799;\N
240;8;21831;29526;69560;38372;34410;6977;869;130,691;786,817;843,115;\N
241;8;21944;29671;69932;38557;34575;7019;874;131,257;790,926;847,431;\N
242;8;22057;29816;70304;38742;34740;7061;879;131,823;795,035;851,747;\N
243;8;22170;29961;70676;38927;34905;7103;884;132,39;799,144;856,063;\N
244;8;22283;30106;71048;39112;35070;7145;889;132,956;803,253;860,379;\N
245;8;22396;30251;71420;39297;35235;7187;894;133,522;807,362;864,695;\N
246;8;22509;30396;71792;39482;35400;7229;899;134,088;811,471;869,011;\N
247;8;22622;30541;72164;39667;35565;7271;904;134,654;815,58;873,327;\N
248;8;22735;30686;72536;39852;35730;7313;909;135,221;819,689;877,643;\N
249;8;22848;30831;72908;40037;35895;7355;914;135,787;823,798;881,959;\N
250;8;22961;30976;73280;40222;36060;7397;919;136,353;827,907;886,275;\N
251;8;23074;31121;73652;40407;36225;7439;924;136,919;832,016;890,591;\N
252;8;23187;31266;74024;40592;36390;7481;929;137,485;836,125;894,907;\N
253;8;23300;31411;74396;40777;36555;7523;934;138,052;840,234;899,223;\N
254;8;23413;31556;74768;40962;36720;7565;939;138,618;844,343;903,539;\N
255;8;23526;31701;75140;41147;36885;7607;944;139,184;848,452;907,855;\N
1;9;2;2;2;2;0;0;0;0,1;0;0;\N
2;9;2;2;2;2;0;0;0;0,1;0;0;\N
3;9;2;2;2;2;0;0;0;0,1;0;0;\N
4;9;2;2;2;2;0;0;0;0,1;0;0;\N
5;9;2;2;2;2;0;0;0;0,1;0;0;\N
6;9;2;2;2;2;0;0;0;0,1;0;0;\N
7;9;2;2;2;2;0;0;0;0,1;0;0;\N
8;9;2;2;2;2;0;0;0;0,1;0;0;\N
9;9;2;2;2;2;0;0;0;0,1;0;0;\N
10;9;2;2;2;2;0;0;0;0,1;0;0;\N
11;9;2;2;2;2;0;0;0;0,1;0;0;\N
12;9;2;2;2;2;0;0;0;0,1;0;0;\N
13;9;2;2;2;2;0;0;0;0,1;0;0;\N
14;9;2;2;2;2;0;0;0;0,1;0;0;\N
15;9;2;2;2;2;0;0;0;0,1;0;0;\N
16;9;2;2;2;2;0;0;0;0,1;0;0;\N
17;9;2;2;2;2;0;0;0;0,1;0;0;\N
18;9;2;2;2;2;0;0;0;0,1;0;0;\N
19;9;2;2;2;2;0;0;0;0,1;0;0;\N
20;9;2;2;2;2;0;0;0;0,1;0;0;\N
21;9;2;2;2;2;0;0;0;0,1;0;0;\N
22;9;2;2;2;2;0;0;0;0,1;0;0;\N
23;9;2;2;2;2;0;0;0;0,1;0;0;\N
24;9;2;2;2;2;0;0;0;0,1;0;0;\N
25;9;2;2;2;2;0;0;0;0,1;0;0;\N
26;9;2;2;2;2;0;0;0;0,1;0;0;\N
27;9;2;2;2;2;0;0;0;0,1;0;0;\N
28;9;2;2;2;2;0;0;0;0,1;0;0;\N
29;9;2;2;2;2;0;0;0;0,1;0;0;\N
30;9;2;2;2;2;0;0;0;0,1;0;0;\N
31;9;2;2;2;2;0;0;0;0,1;0;0;\N
32;9;2;2;2;2;0;0;0;0,1;0;0;\N
33;9;2;2;2;2;0;0;0;0,1;0;0;\N
34;9;2;2;2;2;0;0;0;0,1;0;0;\N
35;9;2;2;2;2;0;0;0;0,1;0;0;\N
36;9;2;2;2;2;0;0;0;0,1;0;0;\N
37;9;2;2;2;2;0;0;0;0,1;0;0;\N
38;9;2;2;2;2;0;0;0;0,1;0;0;\N
39;9;2;2;2;2;0;0;0;0,1;0;0;\N
40;9;2;2;2;2;0;0;0;0,1;0;0;\N
41;9;2;2;2;2;0;0;0;0,1;0;0;\N
42;9;2;2;2;2;0;0;0;0,1;0;0;\N
43;9;2;2;2;2;0;0;0;0,1;0;0;\N
44;9;2;2;2;2;0;0;0;0,1;0;0;\N
45;9;2;2;2;2;0;0;0;0,1;0;0;\N
46;9;2;2;2;2;0;0;0;0,1;0;0;\N
47;9;2;2;2;2;0;0;0;0,1;0;0;\N
48;9;2;2;2;2;0;0;0;0,1;0;0;\N
49;9;2;2;2;2;0;0;0;0,1;0;0;\N
50;9;2;2;2;2;0;0;0;0,1;0;0;\N
51;9;2;2;2;2;0;0;0;0,1;0;0;\N
52;9;2;2;2;2;0;0;0;0,1;0;0;\N
53;9;2;2;2;2;0;0;0;0,1;0;0;\N
54;9;2;2;2;2;0;0;0;0,1;0;0;\N
55;9;2;2;2;2;0;0;0;0,1;0;0;\N
56;9;2;2;2;2;0;0;0;0,1;0;0;\N
57;9;2;2;2;2;0;0;0;0,1;0;0;\N
58;9;2;2;2;2;0;0;0;0,1;0;0;\N
59;9;2;2;2;2;0;0;0;0,1;0;0;\N
60;9;2;2;2;2;0;0;0;0,1;0;0;\N
61;9;2;2;2;2;0;0;0;0,1;0;0;\N
62;9;2;2;2;2;0;0;0;0,1;0;0;\N
63;9;2;2;2;2;0;0;0;0,1;0;0;\N
64;9;2;2;2;2;0;0;0;0,1;0;0;\N
65;9;2;2;2;2;0;0;0;0,1;0;0;\N
66;9;2;2;2;2;0;0;0;0,1;0;0;\N
67;9;2;2;2;2;0;0;0;0,1;0;0;\N
68;9;2;2;2;2;0;0;0;0,1;0;0;\N
69;9;2;2;2;2;0;0;0;0,1;0;0;\N
70;9;2;2;2;2;0;0;0;0,1;0;0;\N
71;9;2;2;2;2;0;0;0;0,1;0;0;\N
72;9;2;2;2;2;0;0;0;0,1;0;0;\N
73;9;2;2;2;2;0;0;0;0,1;0;0;\N
74;9;2;2;2;2;0;0;0;0,1;0;0;\N
75;9;2;2;2;2;0;0;0;0,1;0;0;\N
76;9;2;2;2;2;0;0;0;0,1;0;0;\N
77;9;2;2;2;2;0;0;0;0,1;0;0;\N
78;9;2;2;2;2;0;0;0;0,1;0;0;\N
79;9;2;2;2;2;0;0;0;0,1;0;0;\N
80;9;2;2;2;2;0;0;0;0,1;0;0;\N
81;9;2;2;2;2;0;0;0;0,1;0;0;\N
82;9;2;2;2;2;0;0;0;0,1;0;0;\N
83;9;2;2;2;2;0;0;0;0,1;0;0;\N
84;9;2;2;2;2;0;0;0;0,1;0;0;\N
85;9;2;2;2;2;0;0;0;0,1;0;0;\N
86;9;2;2;2;2;0;0;0;0,1;0;0;\N
87;9;2;2;2;2;0;0;0;0,1;0;0;\N
88;9;2;2;2;2;0;0;0;0,1;0;0;\N
89;9;2;2;2;2;0;0;0;0,1;0;0;\N
90;9;2;2;2;2;0;0;0;0,1;0;0;\N
91;9;2;2;2;2;0;0;0;0,1;0;0;\N
92;9;2;2;2;2;0;0;0;0,1;0;0;\N
93;9;2;2;2;2;0;0;0;0,1;0;0;\N
94;9;2;2;2;2;0;0;0;0,1;0;0;\N
95;9;2;2;2;2;0;0;0;0,1;0;0;\N
96;9;2;2;2;2;0;0;0;0,1;0;0;\N
97;9;2;2;2;2;0;0;0;0,1;0;0;\N
98;9;2;2;2;2;0;0;0;0,1;0;0;\N
99;9;2;2;2;2;0;0;0;0,1;0;0;\N
100;9;2;2;2;2;0;0;0;0,1;0;0;\N
1;11;2;2;2;2;0;0;0;0,1;0;0;\N
2;11;2;2;2;2;0;0;0;0,1;0;0;\N
3;11;2;2;2;2;0;0;0;0,1;0;0;\N
4;11;2;2;2;2;0;0;0;0,1;0;0;\N
5;11;2;2;2;2;0;0;0;0,1;0;0;\N
6;11;2;2;2;2;0;0;0;0,1;0;0;\N
7;11;2;2;2;2;0;0;0;0,1;0;0;\N
8;11;2;2;2;2;0;0;0;0,1;0;0;\N
9;11;2;2;2;2;0;0;0;0,1;0;0;\N
10;11;2;2;2;2;0;0;0;0,1;0;0;\N
11;11;2;2;2;2;0;0;0;0,1;0;0;\N
12;11;2;2;2;2;0;0;0;0,1;0;0;\N
13;11;2;2;2;2;0;0;0;0,1;0;0;\N
14;11;2;2;2;2;0;0;0;0,1;0;0;\N
15;11;2;2;2;2;0;0;0;0,1;0;0;\N
16;11;2;2;2;2;0;0;0;0,1;0;0;\N
17;11;2;2;2;2;0;0;0;0,1;0;0;\N
18;11;2;2;2;2;0;0;0;0,1;0;0;\N
19;11;2;2;2;2;0;0;0;0,1;0;0;\N
20;11;2;2;2;2;0;0;0;0,1;0;0;\N
21;11;2;2;2;2;0;0;0;0,1;0;0;\N
22;11;2;2;2;2;0;0;0;0,1;0;0;\N
23;11;2;2;2;2;0;0;0;0,1;0;0;\N
24;11;2;2;2;2;0;0;0;0,1;0;0;\N
25;11;2;2;2;2;0;0;0;0,1;0;0;\N
26;11;2;2;2;2;0;0;0;0,1;0;0;\N
27;11;2;2;2;2;0;0;0;0,1;0;0;\N
28;11;2;2;2;2;0;0;0;0,1;0;0;\N
29;11;2;2;2;2;0;0;0;0,1;0;0;\N
30;11;2;2;2;2;0;0;0;0,1;0;0;\N
31;11;2;2;2;2;0;0;0;0,1;0;0;\N
32;11;2;2;2;2;0;0;0;0,1;0;0;\N
33;11;2;2;2;2;0;0;0;0,1;0;0;\N
34;11;2;2;2;2;0;0;0;0,1;0;0;\N
35;11;2;2;2;2;0;0;0;0,1;0;0;\N
36;11;2;2;2;2;0;0;0;0,1;0;0;\N
37;11;2;2;2;2;0;0;0;0,1;0;0;\N
38;11;2;2;2;2;0;0;0;0,1;0;0;\N
39;11;2;2;2;2;0;0;0;0,1;0;0;\N
40;11;2;2;2;2;0;0;0;0,1;0;0;\N
41;11;2;2;2;2;0;0;0;0,1;0;0;\N
42;11;2;2;2;2;0;0;0;0,1;0;0;\N
43;11;2;2;2;2;0;0;0;0,1;0;0;\N
44;11;2;2;2;2;0;0;0;0,1;0;0;\N
45;11;2;2;2;2;0;0;0;0,1;0;0;\N
46;11;2;2;2;2;0;0;0;0,1;0;0;\N
47;11;2;2;2;2;0;0;0;0,1;0;0;\N
48;11;2;2;2;2;0;0;0;0,1;0;0;\N
49;11;2;2;2;2;0;0;0;0,1;0;0;\N
50;11;2;2;2;2;0;0;0;0,1;0;0;\N
51;11;2;2;2;2;0;0;0;0,1;0;0;\N
52;11;2;2;2;2;0;0;0;0,1;0;0;\N
53;11;2;2;2;2;0;0;0;0,1;0;0;\N
54;11;2;2;2;2;0;0;0;0,1;0;0;\N
55;11;2;2;2;2;0;0;0;0,1;0;0;\N
56;11;2;2;2;2;0;0;0;0,1;0;0;\N
57;11;2;2;2;2;0;0;0;0,1;0;0;\N
58;11;2;2;2;2;0;0;0;0,1;0;0;\N
59;11;2;2;2;2;0;0;0;0,1;0;0;\N
60;11;2;2;2;2;0;0;0;0,1;0;0;\N
61;11;2;2;2;2;0;0;0;0,1;0;0;\N
62;11;2;2;2;2;0;0;0;0,1;0;0;\N
63;11;2;2;2;2;0;0;0;0,1;0;0;\N
64;11;2;2;2;2;0;0;0;0,1;0;0;\N
65;11;2;2;2;2;0;0;0;0,1;0;0;\N
66;11;2;2;2;2;0;0;0;0,1;0;0;\N
67;11;2;2;2;2;0;0;0;0,1;0;0;\N
68;11;2;2;2;2;0;0;0;0,1;0;0;\N
69;11;2;2;2;2;0;0;0;0,1;0;0;\N
70;11;2;2;2;2;0;0;0;0,1;0;0;\N
71;11;2;2;2;2;0;0;0;0,1;0;0;\N
72;11;2;2;2;2;0;0;0;0,1;0;0;\N
73;11;2;2;2;2;0;0;0;0,1;0;0;\N
74;11;2;2;2;2;0;0;0;0,1;0;0;\N
75;11;2;2;2;2;0;0;0;0,1;0;0;\N
76;11;2;2;2;2;0;0;0;0,1;0;0;\N
77;11;2;2;2;2;0;0;0;0,1;0;0;\N
78;11;2;2;2;2;0;0;0;0,1;0;0;\N
79;11;2;2;2;2;0;0;0;0,1;0;0;\N
80;11;2;2;2;2;0;0;0;0,1;0;0;\N
81;11;2;2;2;2;0;0;0;0,1;0;0;\N
82;11;2;2;2;2;0;0;0;0,1;0;0;\N
83;11;2;2;2;2;0;0;0;0,1;0;0;\N
84;11;2;2;2;2;0;0;0;0,1;0;0;\N
85;11;2;2;2;2;0;0;0;0,1;0;0;\N
86;11;2;2;2;2;0;0;0;0,1;0;0;\N
87;11;2;2;2;2;0;0;0;0,1;0;0;\N
88;11;2;2;2;2;0;0;0;0,1;0;0;\N
89;11;2;2;2;2;0;0;0;0,1;0;0;\N
90;11;2;2;2;2;0;0;0;0,1;0;0;\N
91;11;2;2;2;2;0;0;0;0,1;0;0;\N
92;11;2;2;2;2;0;0;0;0,1;0;0;\N
93;11;2;2;2;2;0;0;0;0,1;0;0;\N
94;11;2;2;2;2;0;0;0;0,1;0;0;\N
95;11;2;2;2;2;0;0;0;0,1;0;0;\N
96;11;2;2;2;2;0;0;0;0,1;0;0;\N
97;11;2;2;2;2;0;0;0;0,1;0;0;\N
98;11;2;2;2;2;0;0;0;0,1;0;0;\N
99;11;2;2;2;2;0;0;0;0,1;0;0;\N
100;11;2;2;2;2;0;0;0;0,1;0;0;\N
