Class;Level;BaseHP;BaseMana;Strength;Agility;Stamina;Intellect;Spirit
1;1;20;0;23;20;22;20;20
1;2;29;0;24;21;23;20;20
1;3;38;0;25;21;24;20;21
1;4;47;0;26;22;25;20;21
1;5;56;0;28;23;26;20;21
1;6;65;0;29;24;27;21;21
1;7;74;0;30;24;28;21;22
1;8;83;0;31;25;29;21;22
1;9;92;0;32;26;30;21;22
1;10;97;0;33;26;31;21;23
1;11;103;0;35;27;33;21;23
1;12;109;0;36;28;34;21;23
1;13;118;0;37;29;35;21;24
1;14;128;0;39;30;36;22;24
1;15;139;0;40;30;37;22;24
1;16;151;0;41;31;38;22;25
1;17;154;0;42;32;40;22;25
1;18;168;0;44;33;41;22;25
1;19;183;0;45;34;42;22;26
1;20;199;0;47;35;43;22;26
1;21;206;0;48;35;45;23;26
1;22;224;0;49;36;46;23;27
1;23;243;0;51;37;47;23;27
1;24;253;0;52;38;49;23;28
1;25;274;0;54;39;50;23;28
1;26;296;0;55;40;51;23;28
1;27;309;0;57;41;53;23;29
1;28;333;0;58;42;54;24;29
1;29;348;0;60;43;56;24;30
1;30;374;0;62;44;57;24;30
1;31;401;0;63;45;58;24;30
1;32;419;0;65;46;60;24;31
1;33;448;0;66;47;61;24;31
1;34;468;0;68;48;63;25;32
1;35;499;0;70;49;64;25;32
1;36;521;0;72;50;66;25;33
1;37;545;0;73;51;68;25;33
1;38;581;0;75;52;69;25;33
1;39;609;0;77;53;71;26;34
1;40;649;0;79;54;72;26;34
1;41;681;0;80;56;74;26;35
1;42;715;0;82;57;76;26;35
1;43;761;0;84;58;77;26;36
1;44;799;0;86;59;79;26;36
1;45;839;0;88;60;81;27;37
1;46;881;0;90;61;83;27;37
1;47;935;0;92;63;84;27;38
1;48;981;0;94;64;86;27;38
1;49;1029;0;96;65;88;28;39
1;50;1079;0;98;66;90;28;39
1;51;1131;0;100;68;92;28;40
1;52;1185;0;102;69;94;28;40
1;53;1241;0;104;70;96;28;41
1;54;1299;0;106;72;98;29;42
1;55;1359;0;109;73;100;29;42
1;56;1421;0;111;74;102;29;43
1;57;1485;0;113;76;104;29;43
1;58;1551;0;115;77;106;30;44
1;59;1619;0;118;79;108;30;44
1;60;1689;0;120;80;110;30;45
1;61;1902;0;122;81;112;30;46
1;62;2129;0;125;83;114;30;46
1;63;2357;0;127;84;117;31;47
1;64;2612;0;130;86;119;31;47
1;65;2883;0;132;88;121;31;48
1;66;3169;0;135;89;123;32;49
1;67;3455;0;137;91;126;32;49
1;68;3774;0;140;92;128;32;50
1;69;4109;0;142;94;130;32;51
1;70;4444;0;145;96;133;33;51
1;71;4720;0;148;97;135;33;52
1;72;5013;0;150;99;138;33;53
1;73;5325;0;153;101;140;33;54
1;74;5656;0;156;102;143;34;54
1;75;6008;0;159;104;145;34;55
1;76;6381;0;162;106;148;34;56
1;77;6778;0;165;108;151;35;57
1;78;7198;0;168;109;153;35;57
1;79;7646;0;171;111;156;35;58
1;80;8121;0;174;113;159;36;59
1;79;7646;0;171;111;156;35;58
1;80;8121;0;174;113;159;36;59
1;81;8596;0;177;115;162;37;60
1;82;9071;0;180;117;165;38;61
1;83;9546;0;183;119;168;39;62
1;84;10021;0;186;121;171;40;63
1;85;10496;0;189;123;174;41;64
1;86;10971;0;192;125;177;42;65
1;87;11446;0;195;127;180;43;66
1;88;11921;0;198;129;183;44;67
1;89;12396;0;201;131;186;45;68
1;90;12871;0;204;133;189;46;69
1;91;13346;0;207;135;192;47;70
1;92;13821;0;210;137;195;48;71
1;93;14296;0;213;139;198;49;72
1;94;14771;0;216;141;201;50;73
1;95;15246;0;219;143;204;51;74
1;96;15721;0;222;145;207;52;75
1;97;16196;0;225;147;210;53;76
1;98;16671;0;228;149;213;54;77
1;99;17146;0;231;151;216;55;78
1;100;17621;0;234;153;219;56;79
1;101;18096;0;237;155;222;57;80
1;102;18571;0;240;157;225;58;81
1;103;19046;0;243;159;228;59;82
1;104;19521;0;246;161;231;60;83
1;105;19996;0;249;163;234;61;84
1;106;20471;0;252;165;237;62;85
1;107;20946;0;255;167;240;63;86
1;108;21421;0;258;169;243;64;87
1;109;21896;0;261;171;246;65;88
1;110;22371;0;264;173;249;66;89
1;111;22846;0;267;175;252;67;90
1;112;23321;0;270;177;255;68;91
1;113;23796;0;273;179;258;69;92
1;114;24271;0;276;181;261;70;93
1;115;24746;0;279;183;264;71;94
1;116;25221;0;282;185;267;72;95
1;117;25696;0;285;187;270;73;96
1;118;26171;0;288;189;273;74;97
1;119;26646;0;291;191;276;75;98
1;120;27121;0;294;193;279;76;99
1;121;27596;0;297;195;282;77;100
1;122;28071;0;300;197;285;78;101
1;123;28546;0;303;199;288;79;102
1;124;29021;0;306;201;291;80;103
1;125;29496;0;309;203;294;81;104
1;126;29971;0;312;205;297;82;105
1;127;30446;0;315;207;300;83;106
1;128;30921;0;318;209;303;84;107
1;129;31396;0;321;211;306;85;108
1;130;31871;0;324;213;309;86;109
1;131;32346;0;327;215;312;87;110
1;132;32821;0;330;217;315;88;111
1;133;33296;0;333;219;318;89;112
1;134;33771;0;336;221;321;90;113
1;135;34246;0;339;223;324;91;114
1;136;34721;0;342;225;327;92;115
1;137;35196;0;345;227;330;93;116
1;138;35671;0;348;229;333;94;117
1;139;36146;0;351;231;336;95;118
1;140;36621;0;354;233;339;96;119
1;141;37096;0;357;235;342;97;120
1;142;37571;0;360;237;345;98;121
1;143;38046;0;363;239;348;99;122
1;144;38521;0;366;241;351;100;123
1;145;38996;0;369;243;354;101;124
1;146;39471;0;372;245;357;102;125
1;147;39946;0;375;247;360;103;126
1;148;40421;0;378;249;363;104;127
1;149;40896;0;381;251;366;105;128
1;150;41371;0;384;253;369;106;129
1;151;41846;0;387;255;372;107;130
1;152;42321;0;390;257;375;108;131
1;153;42796;0;393;259;378;109;132
1;154;43271;0;396;261;381;110;133
1;155;43746;0;399;263;384;111;134
1;156;44221;0;402;265;387;112;135
1;157;44696;0;405;267;390;113;136
1;158;45171;0;408;269;393;114;137
1;159;45646;0;411;271;396;115;138
1;160;46121;0;414;273;399;116;139
1;161;46596;0;417;275;402;117;140
1;162;47071;0;420;277;405;118;141
1;163;47546;0;423;279;408;119;142
1;164;48021;0;426;281;411;120;143
1;165;48496;0;429;283;414;121;144
1;166;48971;0;432;285;417;122;145
1;167;49446;0;435;287;420;123;146
1;168;49921;0;438;289;423;124;147
1;169;50396;0;441;291;426;125;148
1;170;50871;0;444;293;429;126;149
1;171;51346;0;447;295;432;127;150
1;172;51821;0;450;297;435;128;151
1;173;52296;0;453;299;438;129;152
1;174;52771;0;456;301;441;130;153
1;175;53246;0;459;303;444;131;154
1;176;53721;0;462;305;447;132;155
1;177;54196;0;465;307;450;133;156
1;178;54671;0;468;309;453;134;157
1;179;55146;0;471;311;456;135;158
1;180;55621;0;474;313;459;136;159
1;181;56096;0;477;315;462;137;160
1;182;56571;0;480;317;465;138;161
1;183;57046;0;483;319;468;139;162
1;184;57521;0;486;321;471;140;163
1;185;57996;0;489;323;474;141;164
1;186;58471;0;492;325;477;142;165
1;187;58946;0;495;327;480;143;166
1;188;59421;0;498;329;483;144;167
1;189;59896;0;501;331;486;145;168
1;190;60371;0;504;333;489;146;169
1;191;60846;0;507;335;492;147;170
1;192;61321;0;510;337;495;148;171
1;193;61796;0;513;339;498;149;172
1;194;62271;0;516;341;501;150;173
1;195;62746;0;519;343;504;151;174
1;196;63221;0;522;345;507;152;175
1;197;63696;0;525;347;510;153;176
1;198;64171;0;528;349;513;154;177
1;199;64646;0;531;351;516;155;178
1;200;65121;0;534;353;519;156;179
1;201;65596;0;537;355;522;157;180
1;202;66071;0;540;357;525;158;181
1;203;66546;0;543;359;528;159;182
1;204;67021;0;546;361;531;160;183
1;205;67496;0;549;363;534;161;184
1;206;67971;0;552;365;537;162;185
1;207;68446;0;555;367;540;163;186
1;208;68921;0;558;369;543;164;187
1;209;69396;0;561;371;546;165;188
1;210;69871;0;564;373;549;166;189
1;211;70346;0;567;375;552;167;190
1;212;70821;0;570;377;555;168;191
1;213;71296;0;573;379;558;169;192
1;214;71771;0;576;381;561;170;193
1;215;72246;0;579;383;564;171;194
1;216;72721;0;582;385;567;172;195
1;217;73196;0;585;387;570;173;196
1;218;73671;0;588;389;573;174;197
1;219;74146;0;591;391;576;175;198
1;220;74621;0;594;393;579;176;199
1;221;75096;0;597;395;582;177;200
1;222;75571;0;600;397;585;178;201
1;223;76046;0;603;399;588;179;202
1;224;76521;0;606;401;591;180;203
1;225;76996;0;609;403;594;181;204
1;226;77471;0;612;405;597;182;205
1;227;77946;0;615;407;600;183;206
1;228;78421;0;618;409;603;184;207
1;229;78896;0;621;411;606;185;208
1;230;79371;0;624;413;609;186;209
1;231;79846;0;627;415;612;187;210
1;232;80321;0;630;417;615;188;211
1;233;80796;0;633;419;618;189;212
1;234;81271;0;636;421;621;190;213
1;235;81746;0;639;423;624;191;214
1;236;82221;0;642;425;627;192;215
1;237;82696;0;645;427;630;193;216
1;238;83171;0;648;429;633;194;217
1;239;83646;0;651;431;636;195;218
1;240;84121;0;654;433;639;196;219
1;241;84596;0;657;435;642;197;220
1;242;85071;0;660;437;645;198;221
1;243;85546;0;663;439;648;199;222
1;244;86021;0;666;441;651;200;223
1;245;86496;0;669;443;654;201;224
1;246;86971;0;672;445;657;202;225
1;247;87446;0;675;447;660;203;226
1;248;87921;0;678;449;663;204;227
1;249;88396;0;681;451;666;205;228
1;250;88871;0;684;453;669;206;229
1;251;89346;0;687;455;672;207;230
1;252;89821;0;690;457;675;208;231
1;253;90296;0;693;459;678;209;232
1;254;90771;0;696;461;681;210;233
1;255;91246;0;699;463;684;211;234
2;1;28;60;22;20;22;20;21
2;2;36;78;23;21;23;21;22
2;3;44;98;24;21;24;21;22
2;4;52;104;25;22;25;22;23
2;5;60;111;26;22;26;22;24
2;6;68;134;27;23;27;23;24
2;7;76;143;28;23;28;24;25
2;8;84;153;29;24;28;24;25
2;9;92;179;30;24;29;25;26
2;10;100;192;31;25;30;25;27
2;11;108;205;32;25;31;26;28
2;12;116;219;33;26;32;27;28
2;13;124;249;34;27;33;27;29
2;14;129;265;35;27;34;28;30
2;15;135;282;36;28;36;29;30
2;16;141;315;38;28;37;29;31
2;17;152;334;39;29;38;30;32
2;18;164;354;40;30;39;31;33
2;19;177;390;41;30;40;31;33
2;20;191;412;42;31;41;32;34
2;21;206;435;43;32;42;33;35
2;22;222;459;45;32;43;34;36
2;23;239;499;46;33;44;34;37
2;24;247;525;47;34;46;35;37
2;25;266;552;48;34;47;36;38
2;26;286;579;50;35;48;37;39
2;27;307;621;51;36;49;37;40
2;28;329;648;52;36;50;38;41
2;29;342;675;54;37;52;39;42
2;30;366;702;55;38;53;40;42
2;31;391;729;56;39;54;41;43
2;32;407;756;58;39;56;42;44
2;33;434;798;59;40;57;42;45
2;34;462;825;61;41;58;43;46
2;35;481;852;62;42;60;44;47
2;36;511;879;64;43;61;45;48
2;37;542;906;65;43;62;46;49
2;38;564;933;67;44;64;47;50
2;39;597;960;68;45;65;48;51
2;40;621;987;70;46;67;49;52
2;41;656;1014;71;47;68;50;53
2;42;682;1041;73;47;70;51;54
2;43;719;1068;74;48;71;52;55
2;44;747;1110;76;49;73;52;56
2;45;786;1137;78;50;74;53;57
2;46;816;1164;79;51;76;54;58
2;47;857;1176;81;52;77;56;59
2;48;889;1203;83;53;79;57;60
2;49;922;1230;84;54;81;58;62
2;50;966;1257;86;55;82;59;63
2;51;1001;1284;88;56;84;60;64
2;52;1037;1311;90;57;86;61;65
2;53;1084;1338;92;58;87;62;66
2;54;1122;1365;93;59;89;63;67
2;55;1161;1392;95;60;91;64;69
2;56;1201;1419;97;61;93;65;70
2;57;1252;1446;99;62;94;66;71
2;58;1294;1458;101;63;96;68;72
2;59;1337;1485;103;64;98;69;74
2;60;1381;1512;105;65;100;70;75
2;61;1540;1656;107;66;102;71;76
2;62;1708;1800;109;67;104;72;78
2;63;1884;1944;111;68;106;74;79
2;64;2068;2088;113;69;108;75;80
2;65;2262;2232;115;71;110;76;82
2;66;2466;2377;118;72;112;78;83
2;67;2679;2521;120;73;114;79;85
2;68;2901;2665;122;74;116;80;86
2;69;3134;2809;124;75;118;82;87
2;70;3377;2953;126;77;120;83;89
2;71;3629;3097;129;78;122;84;90
2;72;3900;3241;131;79;125;86;92
2;73;4191;3385;133;80;127;87;94
2;74;4503;3529;136;82;129;89;95
2;75;4839;3673;138;83;131;90;97
2;76;5200;3817;141;84;134;92;98
2;77;5588;3962;143;86;136;93;100
2;78;6005;4106;146;87;138;95;102
2;79;6453;4250;148;88;141;96;103
2;80;6934;4394;151;90;143;98;105
2;81;7415;4538;154;92;145;100;107
2;82;7896;4682;157;94;147;102;109
2;83;8377;4826;160;96;149;104;111
2;84;8858;4970;163;98;151;106;113
2;85;9339;5114;166;100;153;108;115
2;86;9820;5258;169;102;155;110;117
2;87;10301;5402;172;104;157;112;119
2;88;10782;5546;175;106;159;114;121
2;89;11263;5690;178;108;161;116;123
2;90;11744;5834;181;110;163;118;125
2;91;12225;5978;184;112;165;120;127
2;92;12706;6122;187;114;167;122;129
2;93;13187;6266;190;116;169;124;131
2;94;13668;6410;193;118;171;126;133
2;95;14149;6554;196;120;173;128;135
2;96;14630;6698;199;122;175;130;137
2;97;15111;6842;202;124;177;132;139
2;98;15592;6986;205;126;179;134;141
2;99;16073;7130;208;128;181;136;143
2;100;16554;7274;211;130;183;138;145
2;101;17035;7418;214;132;185;140;147
2;102;17516;7562;217;134;187;142;149
2;103;17997;7706;220;136;189;144;151
2;104;18478;7850;223;138;191;146;153
2;105;18959;7994;226;140;193;148;155
2;106;19440;8138;229;142;195;150;157
2;107;19921;8282;232;144;197;152;159
2;108;20402;8426;235;146;199;154;161
2;109;20883;8570;238;148;201;156;163
2;110;21364;8714;241;150;203;158;165
2;111;21845;8858;244;152;205;160;167
2;112;22326;9002;247;154;207;162;169
2;113;22807;9146;250;156;209;164;171
2;114;23288;9290;253;158;211;166;173
2;115;23769;9434;256;160;213;168;175
2;116;24250;9578;259;162;215;170;177
2;117;24731;9722;262;164;217;172;179
2;118;25212;9866;265;166;219;174;181
2;119;25693;10010;268;168;221;176;183
2;120;26174;10154;271;170;223;178;185
2;121;26655;10298;274;172;225;180;187
2;122;27136;10442;277;174;227;182;189
2;123;27617;10586;280;176;229;184;191
2;124;28098;10730;283;178;231;186;193
2;125;28579;10874;286;180;233;188;195
2;126;29060;11018;289;182;235;190;197
2;127;29541;11162;292;184;237;192;199
2;128;30022;11306;295;186;239;194;201
2;129;30503;11450;298;188;241;196;203
2;130;30984;11594;301;190;243;198;205
2;131;31465;11738;304;192;245;200;207
2;132;31946;11882;307;194;247;202;209
2;133;32427;12026;310;196;249;204;211
2;134;32908;12170;313;198;251;206;213
2;135;33389;12314;316;200;253;208;215
2;136;33870;12458;319;202;255;210;217
2;137;34351;12602;322;204;257;212;219
2;138;34832;12746;325;206;259;214;221
2;139;35313;12890;328;208;261;216;223
2;140;35794;13034;331;210;263;218;225
2;141;36275;13178;334;212;265;220;227
2;142;36756;13322;337;214;267;222;229
2;143;37237;13466;340;216;269;224;231
2;144;37718;13610;343;218;271;226;233
2;145;38199;13754;346;220;273;228;235
2;146;38680;13898;349;222;275;230;237
2;147;39161;14042;352;224;277;232;239
2;148;39642;14186;355;226;279;234;241
2;149;40123;14330;358;228;281;236;243
2;150;40604;14474;361;230;283;238;245
2;151;41085;14618;364;232;285;240;247
2;152;41566;14762;367;234;287;242;249
2;153;42047;14906;370;236;289;244;251
2;154;42528;15050;373;238;291;246;253
2;155;43009;15194;376;240;293;248;255
2;156;43490;15338;379;242;295;250;257
2;157;43971;15482;382;244;297;252;259
2;158;44452;15626;385;246;299;254;261
2;159;44933;15770;388;248;301;256;263
2;160;45414;15914;391;250;303;258;265
2;161;45895;16058;394;252;305;260;267
2;162;46376;16202;397;254;307;262;269
2;163;46857;16346;400;256;309;264;271
2;164;47338;16490;403;258;311;266;273
2;165;47819;16634;406;260;313;268;275
2;166;48300;16778;409;262;315;270;277
2;167;48781;16922;412;264;317;272;279
2;168;49262;17066;415;266;319;274;281
2;169;49743;17210;418;268;321;276;283
2;170;50224;17354;421;270;323;278;285
2;171;50705;17498;424;272;325;280;287
2;172;51186;17642;427;274;327;282;289
2;173;51667;17786;430;276;329;284;291
2;174;52148;17930;433;278;331;286;293
2;175;52629;18074;436;280;333;288;295
2;176;53110;18218;439;282;335;290;297
2;177;53591;18362;442;284;337;292;299
2;178;54072;18506;445;286;339;294;301
2;179;54553;18650;448;288;341;296;303
2;180;55034;18794;451;290;343;298;305
2;181;55515;18938;454;292;345;300;307
2;182;55996;19082;457;294;347;302;309
2;183;56477;19226;460;296;349;304;311
2;184;56958;19370;463;298;351;306;313
2;185;57439;19514;466;300;353;308;315
2;186;57920;19658;469;302;355;310;317
2;187;58401;19802;472;304;357;312;319
2;188;58882;19946;475;306;359;314;321
2;189;59363;20090;478;308;361;316;323
2;190;59844;20234;481;310;363;318;325
2;191;60325;20378;484;312;365;320;327
2;192;60806;20522;487;314;367;322;329
2;193;61287;20666;490;316;369;324;331
2;194;61768;20810;493;318;371;326;333
2;195;62249;20954;496;320;373;328;335
2;196;62730;21098;499;322;375;330;337
2;197;63211;21242;502;324;377;332;339
2;198;63692;21386;505;326;379;334;341
2;199;64173;21530;508;328;381;336;343
2;200;64654;21674;511;330;383;338;345
2;201;65135;21818;514;332;385;340;347
2;202;65616;21962;517;334;387;342;349
2;203;66097;22106;520;336;389;344;351
2;204;66578;22250;523;338;391;346;353
2;205;67059;22394;526;340;393;348;355
2;206;67540;22538;529;342;395;350;357
2;207;68021;22682;532;344;397;352;359
2;208;68502;22826;535;346;399;354;361
2;209;68983;22970;538;348;401;356;363
2;210;69464;23114;541;350;403;358;365
2;211;69945;23258;544;352;405;360;367
2;212;70426;23402;547;354;407;362;369
2;213;70907;23546;550;356;409;364;371
2;214;71388;23690;553;358;411;366;373
2;215;71869;23834;556;360;413;368;375
2;216;72350;23978;559;362;415;370;377
2;217;72831;24122;562;364;417;372;379
2;218;73312;24266;565;366;419;374;381
2;219;73793;24410;568;368;421;376;383
2;220;74274;24554;571;370;423;378;385
2;221;74755;24698;574;372;425;380;387
2;222;75236;24842;577;374;427;382;389
2;223;75717;24986;580;376;429;384;391
2;224;76198;25130;583;378;431;386;393
2;225;76679;25274;586;380;433;388;395
2;226;77160;25418;589;382;435;390;397
2;227;77641;25562;592;384;437;392;399
2;228;78122;25706;595;386;439;394;401
2;229;78603;25850;598;388;441;396;403
2;230;79084;25994;601;390;443;398;405
2;231;79565;26138;604;392;445;400;407
2;232;80046;26282;607;394;447;402;409
2;233;80527;26426;610;396;449;404;411
2;234;81008;26570;613;398;451;406;413
2;235;81489;26714;616;400;453;408;415
2;236;81970;26858;619;402;455;410;417
2;237;82451;27002;622;404;457;412;419
2;238;82932;27146;625;406;459;414;421
2;239;83413;27290;628;408;461;416;423
2;240;83894;27434;631;410;463;418;425
2;241;84375;27578;634;412;465;420;427
2;242;84856;27722;637;414;467;422;429
2;243;85337;27866;640;416;469;424;431
2;244;85818;28010;643;418;471;426;433
2;245;86299;28154;646;420;473;428;435
2;246;86780;28298;649;422;475;430;437
2;247;87261;28442;652;424;477;432;439
2;248;87742;28586;655;426;479;434;441
2;249;88223;28730;658;428;481;436;443
2;250;88704;28874;661;430;483;438;445
2;251;89185;29018;664;432;485;440;447
2;252;89666;29162;667;434;487;442;449
2;253;90147;29306;670;436;489;444;451
2;254;90628;29450;673;438;491;446;453
2;255;91109;29594;676;440;493;448;455
3;1;46;65;20;23;21;20;21
3;2;53;70;20;24;22;21;22
3;3;60;76;21;25;23;21;22
3;4;67;98;21;27;23;22;23
3;5;74;106;22;28;24;22;23
3;6;81;130;22;29;25;23;24
3;7;88;140;22;30;26;23;24
3;8;95;166;23;31;27;24;25
3;9;102;193;23;33;28;24;26
3;10;109;206;24;34;28;25;26
3;11;116;235;24;35;29;25;27
3;12;123;250;25;37;30;26;28
3;13;130;266;25;38;31;27;28
3;14;138;298;26;39;32;27;29
3;15;147;316;26;41;33;28;29
3;16;157;350;27;42;34;28;30
3;17;168;370;27;43;35;29;31
3;18;180;391;28;45;36;30;32
3;19;193;428;28;46;37;30;32
3;20;207;451;29;48;38;31;33
3;21;222;475;29;49;39;32;34
3;22;238;515;30;51;40;32;34
3;23;255;541;30;52;41;33;35
3;24;273;568;31;54;42;34;36
3;25;292;611;31;55;43;34;37
3;26;312;640;32;57;44;35;37
3;27;333;670;32;59;45;36;38
3;28;355;715;33;60;46;36;39
3;29;378;745;33;62;47;37;40
3;30;402;775;34;64;48;38;40
3;31;417;805;34;65;50;39;41
3;32;443;850;35;67;51;39;42
3;33;470;880;36;69;52;40;43
3;34;498;910;36;70;53;41;44
3;35;527;940;37;72;54;42;45
3;36;547;970;38;74;56;43;46
3;37;578;1015;38;76;57;43;46
3;38;610;1045;39;78;58;44;47
3;39;643;1075;39;80;59;45;48
3;40;667;1105;40;81;61;46;49
3;41;702;1135;41;83;62;47;50
3;42;738;1180;41;85;63;47;51
3;43;775;1210;42;87;64;48;52
3;44;803;1240;43;89;66;49;53
3;45;842;1270;43;91;67;50;54
3;46;872;1300;44;93;69;51;55
3;47;913;1330;45;95;70;52;56
3;48;955;1360;46;98;71;53;57
3;49;994;1390;46;100;73;54;58
3;50;1047;1420;47;102;74;55;59
3;51;1067;1450;48;104;76;56;60
3;52;1113;1480;49;106;77;57;61
3;53;1150;1510;49;108;79;58;62
3;54;1198;1540;50;111;80;59;63
3;55;1237;1570;51;113;82;60;64
3;56;1287;1600;52;115;83;61;65
3;57;1328;1630;53;118;85;62;67
3;58;1370;1660;53;120;87;63;68
3;59;1423;1690;54;123;88;64;69
3;60;1467;1720;55;125;90;65;70
3;61;1633;1886;56;127;92;66;71
3;62;1819;2053;57;130;93;67;72
3;63;2003;2219;58;133;95;68;74
3;64;2195;2385;58;135;97;69;75
3;65;2397;2552;59;138;99;71;76
3;66;2623;2718;60;140;100;72;77
3;67;2844;2884;61;143;102;73;79
3;68;3075;3050;62;146;104;74;80
3;69;3316;3217;63;149;106;75;81
3;70;3568;3383;64;151;108;77;83
3;71;3834;3549;65;154;110;78;84
3;72;4120;3716;66;157;112;79;85
3;73;4427;3882;67;160;114;80;87
3;74;4757;4048;68;163;116;82;88
3;75;5112;4215;69;166;118;83;90
3;76;5493;4381;70;169;120;84;91
3;77;5903;4547;71;172;122;86;93
3;78;6343;4713;72;175;124;87;94
3;79;6816;4880;73;178;126;88;96
3;80;7324;5046;74;181;128;90;97
3;79;6816;4880;73;178;126;88;96
3;80;7324;5046;74;181;128;90;97
3;81;7832;5212;75;184;130;92;98
3;82;8340;5378;76;187;132;94;99
3;83;8848;5544;77;190;134;96;100
3;84;9356;5710;78;193;136;98;101
3;85;9864;5876;79;196;138;100;102
3;86;10372;6042;80;199;140;102;103
3;87;10880;6208;81;202;142;104;104
3;88;11388;6374;82;205;144;106;105
3;89;11896;6540;83;208;146;108;106
3;90;12404;6706;84;211;148;110;107
3;91;12912;6872;85;214;150;112;108
3;92;13420;7038;86;217;152;114;109
3;93;13928;7204;87;220;154;116;110
3;94;14436;7370;88;223;156;118;111
3;95;14944;7536;89;226;158;120;112
3;96;15452;7702;90;229;160;122;113
3;97;15960;7868;91;232;162;124;114
3;98;16468;8034;92;235;164;126;115
3;99;16976;8200;93;238;166;128;116
3;100;17484;8366;94;241;168;130;117
3;101;17992;8532;95;244;170;132;118
3;102;18500;8698;96;247;172;134;119
3;103;19008;8864;97;250;174;136;120
3;104;19516;9030;98;253;176;138;121
3;105;20024;9196;99;256;178;140;122
3;106;20532;9362;100;259;180;142;123
3;107;21040;9528;101;262;182;144;124
3;108;21548;9694;102;265;184;146;125
3;109;22056;9860;103;268;186;148;126
3;110;22564;10026;104;271;188;150;127
3;111;23072;10192;105;274;190;152;128
3;112;23580;10358;106;277;192;154;129
3;113;24088;10524;107;280;194;156;130
3;114;24596;10690;108;283;196;158;131
3;115;25104;10856;109;286;198;160;132
3;116;25612;11022;110;289;200;162;133
3;117;26120;11188;111;292;202;164;134
3;118;26628;11354;112;295;204;166;135
3;119;27136;11520;113;298;206;168;136
3;120;27644;11686;114;301;208;170;137
3;121;28152;11852;115;304;210;172;138
3;122;28660;12018;116;307;212;174;139
3;123;29168;12184;117;310;214;176;140
3;124;29676;12350;118;313;216;178;141
3;125;30184;12516;119;316;218;180;142
3;126;30692;12682;120;319;220;182;143
3;127;31200;12848;121;322;222;184;144
3;128;31708;13014;122;325;224;186;145
3;129;32216;13180;123;328;226;188;146
3;130;32724;13346;124;331;228;190;147
3;131;33232;13512;125;334;230;192;148
3;132;33740;13678;126;337;232;194;149
3;133;34248;13844;127;340;234;196;150
3;134;34756;14010;128;343;236;198;151
3;135;35264;14176;129;346;238;200;152
3;136;35772;14342;130;349;240;202;153
3;137;36280;14508;131;352;242;204;154
3;138;36788;14674;132;355;244;206;155
3;139;37296;14840;133;358;246;208;156
3;140;37804;15006;134;361;248;210;157
3;141;38312;15172;135;364;250;212;158
3;142;38820;15338;136;367;252;214;159
3;143;39328;15504;137;370;254;216;160
3;144;39836;15670;138;373;256;218;161
3;145;40344;15836;139;376;258;220;162
3;146;40852;16002;140;379;260;222;163
3;147;41360;16168;141;382;262;224;164
3;148;41868;16334;142;385;264;226;165
3;149;42376;16500;143;388;266;228;166
3;150;42884;16666;144;391;268;230;167
3;151;43392;16832;145;394;270;232;168
3;152;43900;16998;146;397;272;234;169
3;153;44408;17164;147;400;274;236;170
3;154;44916;17330;148;403;276;238;171
3;155;45424;17496;149;406;278;240;172
3;156;45932;17662;150;409;280;242;173
3;157;46440;17828;151;412;282;244;174
3;158;46948;17994;152;415;284;246;175
3;159;47456;18160;153;418;286;248;176
3;160;47964;18326;154;421;288;250;177
3;161;48472;18492;155;424;290;252;178
3;162;48980;18658;156;427;292;254;179
3;163;49488;18824;157;430;294;256;180
3;164;49996;18990;158;433;296;258;181
3;165;50504;19156;159;436;298;260;182
3;166;51012;19322;160;439;300;262;183
3;167;51520;19488;161;442;302;264;184
3;168;52028;19654;162;445;304;266;185
3;169;52536;19820;163;448;306;268;186
3;170;53044;19986;164;451;308;270;187
3;171;53552;20152;165;454;310;272;188
3;172;54060;20318;166;457;312;274;189
3;173;54568;20484;167;460;314;276;190
3;174;55076;20650;168;463;316;278;191
3;175;55584;20816;169;466;318;280;192
3;176;56092;20982;170;469;320;282;193
3;177;56600;21148;171;472;322;284;194
3;178;57108;21314;172;475;324;286;195
3;179;57616;21480;173;478;326;288;196
3;180;58124;21646;174;481;328;290;197
3;181;58632;21812;175;484;330;292;198
3;182;59140;21978;176;487;332;294;199
3;183;59648;22144;177;490;334;296;200
3;184;60156;22310;178;493;336;298;201
3;185;60664;22476;179;496;338;300;202
3;186;61172;22642;180;499;340;302;203
3;187;61680;22808;181;502;342;304;204
3;188;62188;22974;182;505;344;306;205
3;189;62696;23140;183;508;346;308;206
3;190;63204;23306;184;511;348;310;207
3;191;63712;23472;185;514;350;312;208
3;192;64220;23638;186;517;352;314;209
3;193;64728;23804;187;520;354;316;210
3;194;65236;23970;188;523;356;318;211
3;195;65744;24136;189;526;358;320;212
3;196;66252;24302;190;529;360;322;213
3;197;66760;24468;191;532;362;324;214
3;198;67268;24634;192;535;364;326;215
3;199;67776;24800;193;538;366;328;216
3;200;68284;24966;194;541;368;330;217
3;201;68792;25132;195;544;370;332;218
3;202;69300;25298;196;547;372;334;219
3;203;69808;25464;197;550;374;336;220
3;204;70316;25630;198;553;376;338;221
3;205;70824;25796;199;556;378;340;222
3;206;71332;25962;200;559;380;342;223
3;207;71840;26128;201;562;382;344;224
3;208;72348;26294;202;565;384;346;225
3;209;72856;26460;203;568;386;348;226
3;210;73364;26626;204;571;388;350;227
3;211;73872;26792;205;574;390;352;228
3;212;74380;26958;206;577;392;354;229
3;213;74888;27124;207;580;394;356;230
3;214;75396;27290;208;583;396;358;231
3;215;75904;27456;209;586;398;360;232
3;216;76412;27622;210;589;400;362;233
3;217;76920;27788;211;592;402;364;234
3;218;77428;27954;212;595;404;366;235
3;219;77936;28120;213;598;406;368;236
3;220;78444;28286;214;601;408;370;237
3;221;78952;28452;215;604;410;372;238
3;222;79460;28618;216;607;412;374;239
3;223;79968;28784;217;610;414;376;240
3;224;80476;28950;218;613;416;378;241
3;225;80984;29116;219;616;418;380;242
3;226;81492;29282;220;619;420;382;243
3;227;82000;29448;221;622;422;384;244
3;228;82508;29614;222;625;424;386;245
3;229;83016;29780;223;628;426;388;246
3;230;83524;29946;224;631;428;390;247
3;231;84032;30112;225;634;430;392;248
3;232;84540;30278;226;637;432;394;249
3;233;85048;30444;227;640;434;396;250
3;234;85556;30610;228;643;436;398;251
3;235;86064;30776;229;646;438;400;252
3;236;86572;30942;230;649;440;402;253
3;237;87080;31108;231;652;442;404;254
3;238;87588;31274;232;655;444;406;255
3;239;88096;31440;233;658;446;408;256
3;240;88604;31606;234;661;448;410;257
3;241;89112;31772;235;664;450;412;258
3;242;89620;31938;236;667;452;414;259
3;243;90128;32104;237;670;454;416;260
3;244;90636;32270;238;673;456;418;261
3;245;91144;32436;239;676;458;420;262
3;246;91652;32602;240;679;460;422;263
3;247;92160;32768;241;682;462;424;264
3;248;92668;32934;242;685;464;426;265
3;249;93176;33100;243;688;466;428;266
3;250;93684;33266;244;691;468;430;267
3;251;94192;33432;245;694;470;432;268
3;252;94700;33598;246;697;472;434;269
3;253;95208;33764;247;700;474;436;270
3;254;95716;33930;248;703;476;438;271
3;255;96224;34096;249;706;478;440;272
4;1;25;0;21;23;21;20;20
4;2;32;0;22;24;22;20;20
4;3;49;0;22;25;22;20;21
4;4;56;0;23;27;23;21;21
4;5;63;0;24;28;24;21;21
4;6;70;0;24;29;24;21;22
4;7;87;0;25;31;25;21;22
4;8;94;0;26;32;25;21;22
4;9;101;0;27;33;26;21;23
4;10;118;0;27;35;27;22;23
4;11;125;0;28;36;28;22;24
4;12;142;0;29;37;28;22;24
4;13;149;0;30;39;29;22;24
4;14;156;0;30;40;30;22;25
4;15;173;0;31;42;30;23;25
4;16;181;0;32;43;31;23;26
4;17;190;0;33;44;32;23;26
4;18;200;0;34;46;33;23;26
4;19;221;0;35;48;33;23;27
4;20;233;0;35;49;34;24;27
4;21;246;0;36;51;35;24;28
4;22;260;0;37;52;36;24;28
4;23;275;0;38;54;37;24;29
4;24;301;0;39;55;37;25;29
4;25;318;0;40;57;38;25;30
4;26;336;0;41;59;39;25;30
4;27;355;0;42;60;40;25;30
4;28;375;0;43;62;41;25;31
4;29;396;0;43;64;42;26;31
4;30;428;0;44;66;42;26;32
4;31;451;0;45;67;43;26;32
4;32;475;0;46;69;44;26;33
4;33;500;0;47;71;45;27;33
4;34;526;0;48;73;46;27;34
4;35;553;0;49;75;47;27;34
4;36;581;0;51;77;48;28;35
4;37;610;0;52;78;49;28;36
4;38;640;0;53;80;50;28;36
4;39;671;0;54;82;51;28;37
4;40;703;0;55;84;52;29;37
4;41;736;0;56;86;53;29;38
4;42;770;0;57;88;54;29;38
4;43;805;0;58;90;55;29;39
4;44;841;0;59;93;56;30;39
4;45;878;0;61;95;57;30;40
4;46;916;0;62;97;58;30;41
4;47;955;0;63;99;59;31;41
4;48;995;0;64;101;60;31;42
4;49;1026;0;65;103;62;31;43
4;50;1068;0;67;106;63;32;43
4;51;1111;0;68;108;64;32;44
4;52;1155;0;69;110;65;32;44
4;53;1200;0;70;113;66;33;45
4;54;1246;0;72;115;67;33;46
4;55;1283;0;73;117;69;33;46
4;56;1331;0;74;120;70;34;47
4;57;1380;0;76;122;71;34;48
4;58;1430;0;77;125;72;34;49
4;59;1471;0;79;127;74;35;49
4;60;1523;0;80;130;75;35;50
4;61;1702;0;81;133;76;35;51
4;62;1879;0;83;135;78;36;51
4;63;2077;0;84;138;79;36;52
4;64;2285;0;86;141;80;36;53
4;65;2489;0;87;143;82;37;54
4;66;2717;0;89;146;83;37;55
4;67;2941;0;90;149;85;38;55
4;68;3190;0;92;152;86;38;56
4;69;3450;0;94;155;87;38;57
4;70;3704;0;95;158;89;39;58
4;71;3980;0;97;161;90;39;59
4;72;4277;0;99;164;92;40;59
4;73;4596;0;100;167;94;40;60
4;74;4939;0;102;170;95;41;61
4;75;5307;0;104;173;97;41;62
4;76;5703;0;105;176;98;41;63
4;77;6128;0;107;179;100;42;64
4;78;6585;0;109;183;102;42;65
4;79;7076;0;111;186;103;43;66
4;80;7604;0;113;189;105;43;67
4;81;8132;0;115;192;107;43;68
4;82;8660;0;117;195;109;43;69
4;83;9188;0;119;198;111;43;70
4;84;9716;0;121;201;113;43;71
4;85;10244;0;123;204;115;43;72
4;86;10772;0;125;207;117;43;73
4;87;11300;0;127;210;119;43;74
4;88;11828;0;129;213;121;43;75
4;89;12356;0;131;216;123;43;76
4;90;12884;0;133;219;125;43;77
4;91;13412;0;135;222;127;43;78
4;92;13940;0;137;225;129;43;79
4;93;14468;0;139;228;131;43;80
4;94;14996;0;141;231;133;43;81
4;95;15524;0;143;234;135;43;82
4;96;16052;0;145;237;137;43;83
4;97;16580;0;147;240;139;43;84
4;98;17108;0;149;243;141;43;85
4;99;17636;0;151;246;143;43;86
4;100;18164;0;153;249;145;43;87
4;101;18692;0;155;252;147;43;88
4;102;19220;0;157;255;149;43;89
4;103;19748;0;159;258;151;43;90
4;104;20276;0;161;261;153;43;91
4;105;20804;0;163;264;155;43;92
4;106;21332;0;165;267;157;43;93
4;107;21860;0;167;270;159;43;94
4;108;22388;0;169;273;161;43;95
4;109;22916;0;171;276;163;43;96
4;110;23444;0;173;279;165;43;97
4;111;23972;0;175;282;167;43;98
4;112;24500;0;177;285;169;43;99
4;113;25028;0;179;288;171;43;100
4;114;25556;0;181;291;173;43;101
4;115;26084;0;183;294;175;43;102
4;116;26612;0;185;297;177;43;103
4;117;27140;0;187;300;179;43;104
4;118;27668;0;189;303;181;43;105
4;119;28196;0;191;306;183;43;106
4;120;28724;0;193;309;185;43;107
4;121;29252;0;195;312;187;43;108
4;122;29780;0;197;315;189;43;109
4;123;30308;0;199;318;191;43;110
4;124;30836;0;201;321;193;43;111
4;125;31364;0;203;324;195;43;112
4;126;31892;0;205;327;197;43;113
4;127;32420;0;207;330;199;43;114
4;128;32948;0;209;333;201;43;115
4;129;33476;0;211;336;203;43;116
4;130;34004;0;213;339;205;43;117
4;131;34532;0;215;342;207;43;118
4;132;35060;0;217;345;209;43;119
4;133;35588;0;219;348;211;43;120
4;134;36116;0;221;351;213;43;121
4;135;36644;0;223;354;215;43;122
4;136;37172;0;225;357;217;43;123
4;137;37700;0;227;360;219;43;124
4;138;38228;0;229;363;221;43;125
4;139;38756;0;231;366;223;43;126
4;140;39284;0;233;369;225;43;127
4;141;39812;0;235;372;227;43;128
4;142;40340;0;237;375;229;43;129
4;143;40868;0;239;378;231;43;130
4;144;41396;0;241;381;233;43;131
4;145;41924;0;243;384;235;43;132
4;146;42452;0;245;387;237;43;133
4;147;42980;0;247;390;239;43;134
4;148;43508;0;249;393;241;43;135
4;149;44036;0;251;396;243;43;136
4;150;44564;0;253;399;245;43;137
4;151;45092;0;255;402;247;43;138
4;152;45620;0;257;405;249;43;139
4;153;46148;0;259;408;251;43;140
4;154;46676;0;261;411;253;43;141
4;155;47204;0;263;414;255;43;142
4;156;47732;0;265;417;257;43;143
4;157;48260;0;267;420;259;43;144
4;158;48788;0;269;423;261;43;145
4;159;49316;0;271;426;263;43;146
4;160;49844;0;273;429;265;43;147
4;161;50372;0;275;432;267;43;148
4;162;50900;0;277;435;269;43;149
4;163;51428;0;279;438;271;43;150
4;164;51956;0;281;441;273;43;151
4;165;52484;0;283;444;275;43;152
4;166;53012;0;285;447;277;43;153
4;167;53540;0;287;450;279;43;154
4;168;54068;0;289;453;281;43;155
4;169;54596;0;291;456;283;43;156
4;170;55124;0;293;459;285;43;157
4;171;55652;0;295;462;287;43;158
4;172;56180;0;297;465;289;43;159
4;173;56708;0;299;468;291;43;160
4;174;57236;0;301;471;293;43;161
4;175;57764;0;303;474;295;43;162
4;176;58292;0;305;477;297;43;163
4;177;58820;0;307;480;299;43;164
4;178;59348;0;309;483;301;43;165
4;179;59876;0;311;486;303;43;166
4;180;60404;0;313;489;305;43;167
4;181;60932;0;315;492;307;43;168
4;182;61460;0;317;495;309;43;169
4;183;61988;0;319;498;311;43;170
4;184;62516;0;321;501;313;43;171
4;185;63044;0;323;504;315;43;172
4;186;63572;0;325;507;317;43;173
4;187;64100;0;327;510;319;43;174
4;188;64628;0;329;513;321;43;175
4;189;65156;0;331;516;323;43;176
4;190;65684;0;333;519;325;43;177
4;191;66212;0;335;522;327;43;178
4;192;66740;0;337;525;329;43;179
4;193;67268;0;339;528;331;43;180
4;194;67796;0;341;531;333;43;181
4;195;68324;0;343;534;335;43;182
4;196;68852;0;345;537;337;43;183
4;197;69380;0;347;540;339;43;184
4;198;69908;0;349;543;341;43;185
4;199;70436;0;351;546;343;43;186
4;200;70964;0;353;549;345;43;187
4;201;71492;0;355;552;347;43;188
4;202;72020;0;357;555;349;43;189
4;203;72548;0;359;558;351;43;190
4;204;73076;0;361;561;353;43;191
4;205;73604;0;363;564;355;43;192
4;206;74132;0;365;567;357;43;193
4;207;74660;0;367;570;359;43;194
4;208;75188;0;369;573;361;43;195
4;209;75716;0;371;576;363;43;196
4;210;76244;0;373;579;365;43;197
4;211;76772;0;375;582;367;43;198
4;212;77300;0;377;585;369;43;199
4;213;77828;0;379;588;371;43;200
4;214;78356;0;381;591;373;43;201
4;215;78884;0;383;594;375;43;202
4;216;79412;0;385;597;377;43;203
4;217;79940;0;387;600;379;43;204
4;218;80468;0;389;603;381;43;205
4;219;80996;0;391;606;383;43;206
4;220;81524;0;393;609;385;43;207
4;221;82052;0;395;612;387;43;208
4;222;82580;0;397;615;389;43;209
4;223;83108;0;399;618;391;43;210
4;224;83636;0;401;621;393;43;211
4;225;84164;0;403;624;395;43;212
4;226;84692;0;405;627;397;43;213
4;227;85220;0;407;630;399;43;214
4;228;85748;0;409;633;401;43;215
4;229;86276;0;411;636;403;43;216
4;230;86804;0;413;639;405;43;217
4;231;87332;0;415;642;407;43;218
4;232;87860;0;417;645;409;43;219
4;233;88388;0;419;648;411;43;220
4;234;88916;0;421;651;413;43;221
4;235;89444;0;423;654;415;43;222
4;236;89972;0;425;657;417;43;223
4;237;90500;0;427;660;419;43;224
4;238;91028;0;429;663;421;43;225
4;239;91556;0;431;666;423;43;226
4;240;92084;0;433;669;425;43;227
4;241;92612;0;435;672;427;43;228
4;242;93140;0;437;675;429;43;229
4;243;93668;0;439;678;431;43;230
4;244;94196;0;441;681;433;43;231
4;245;94724;0;443;684;435;43;232
4;246;95252;0;445;687;437;43;233
4;247;95780;0;447;690;439;43;234
4;248;96308;0;449;693;441;43;235
4;249;96836;0;451;696;443;43;236
4;250;97364;0;453;699;445;43;237
4;251;97892;0;455;702;447;43;238
4;252;98420;0;457;705;449;43;239
4;253;98948;0;459;708;451;43;240
4;254;99476;0;461;711;453;43;241
4;255;100004;0;463;714;455;43;242
7;1;40;85;21;20;21;21;22
7;2;47;91;22;20;22;22;23
7;3;55;98;22;21;23;23;24
7;4;62;106;23;21;24;23;25
7;5;70;115;24;22;24;24;26
7;6;77;125;25;22;25;25;27
7;7;85;136;26;22;26;26;28
7;8;92;148;26;23;27;27;28
7;9;100;161;27;23;28;28;29
7;10;107;175;28;24;29;28;30
7;11;114;190;29;24;30;29;31
7;12;122;206;30;25;31;30;32
7;13;129;223;30;25;32;31;33
7;14;137;241;31;26;33;32;34
7;15;144;260;32;26;34;33;36
7;16;152;280;33;27;35;34;37
7;17;161;301;34;27;36;35;38
7;18;170;323;35;28;37;36;39
7;19;181;346;36;28;38;37;40
7;20;193;370;37;29;39;38;41
7;21;205;395;38;29;40;39;42
7;22;219;421;38;30;41;40;43
7;23;234;448;39;30;42;41;44
7;24;250;476;40;31;43;42;46
7;25;257;505;41;31;45;43;47
7;26;275;535;42;32;46;44;48
7;27;294;566;43;32;47;45;49
7;28;315;598;44;33;48;46;50
7;29;336;631;45;33;49;47;52
7;30;358;665;46;34;50;48;53
7;31;371;699;48;34;52;50;54
7;32;396;733;49;35;53;51;56
7;33;422;767;50;36;54;52;57
7;34;448;786;51;36;55;53;58
7;35;465;820;52;37;57;54;60
7;36;494;854;53;38;58;56;61
7;37;524;888;54;38;59;57;62
7;38;545;922;55;39;61;58;64
7;39;577;941;56;39;62;59;65
7;40;610;975;58;40;63;61;67
7;41;633;1009;59;41;65;62;68
7;42;669;1028;60;41;66;63;70
7;43;694;1062;61;42;68;64;71
7;44;732;1096;63;43;69;66;73
7;45;760;1115;64;43;71;67;74
7;46;799;1149;65;44;72;69;76
7;47;829;1183;66;45;74;70;77
7;48;871;1202;68;46;75;71;79
7;49;903;1236;69;46;77;73;81
7;50;947;1255;70;47;78;74;82
7;51;981;1289;72;48;80;76;84
7;52;1027;1323;73;49;81;77;86
7;53;1064;1342;75;49;83;79;87
7;54;1101;1376;76;50;85;80;89
7;55;1150;1395;77;51;86;82;91
7;56;1190;1414;79;52;88;83;93
7;57;1231;1448;80;53;90;85;94
7;58;1283;1467;82;53;91;87;96
7;59;1326;1501;83;54;93;88;98
7;60;1423;1520;85;55;95;90;100
7;61;1528;1664;87;56;97;92;102
7;62;1694;1808;88;57;99;93;104
7;63;1883;1951;90;58;100;95;106
7;64;2067;2095;91;58;102;97;108
7;65;2262;2239;93;59;104;99;110
7;66;2465;2383;95;60;106;100;112
7;67;2679;2527;96;61;108;102;114
7;68;2903;2670;98;62;110;104;116
7;69;3136;2814;100;63;112;106;118
7;70;3380;2958;102;64;114;108;120
7;71;3633;3102;103;65;116;110;122
7;72;3903;3246;105;66;118;112;125
7;73;4194;3389;107;67;120;114;127
7;74;4507;3533;109;68;123;116;129
7;75;4843;3677;111;69;125;118;131
7;76;5203;3821;111;70;127;120;134
7;77;5592;3965;114;71;129;122;136
7;78;6009;4108;116;72;131;124;138
7;79;6457;4252;118;73;134;126;141
7;80;6939;4396;120;74;136;128;143
7;81;7421;4540;122;75;138;130;145
7;82;7903;4684;124;76;140;132;147
7;83;8385;4828;126;77;142;134;149
7;84;8867;4972;128;78;144;136;151
7;85;9349;5116;130;79;146;138;153
7;86;9831;5260;132;80;148;140;155
7;87;10313;5404;134;81;150;142;157
7;88;10795;5548;136;82;152;144;159
7;89;11277;5692;138;83;154;146;161
7;90;11759;5836;140;84;156;148;163
7;91;12241;5980;142;85;158;150;165
7;92;12723;6124;144;86;160;152;167
7;93;13205;6268;146;87;162;154;169
7;94;13687;6412;148;88;164;156;171
7;95;14169;6556;150;89;166;158;173
7;96;14651;6700;152;90;168;160;175
7;97;15133;6844;154;91;170;162;177
7;98;15615;6988;156;92;172;164;179
7;99;16097;7132;158;93;174;166;181
7;100;16579;7276;160;94;176;168;183
7;101;17061;7420;162;95;178;170;185
7;102;17543;7564;164;96;180;172;187
7;103;18025;7708;166;97;182;174;189
7;104;18507;7852;168;98;184;176;191
7;105;18989;7996;170;99;186;178;193
7;106;19471;8140;172;100;188;180;195
7;107;19953;8284;174;101;190;182;197
7;108;20435;8428;176;102;192;184;199
7;109;20917;8572;178;103;194;186;201
7;110;21399;8716;180;104;196;188;203
7;111;21881;8860;182;105;198;190;205
7;112;22363;9004;184;106;200;192;207
7;113;22845;9148;186;107;202;194;209
7;114;23327;9292;188;108;204;196;211
7;115;23809;9436;190;109;206;198;213
7;116;24291;9580;192;110;208;200;215
7;117;24773;9724;194;111;210;202;217
7;118;25255;9868;196;112;212;204;219
7;119;25737;10012;198;113;214;206;221
7;120;26219;10156;200;114;216;208;223
7;121;26701;10300;202;115;218;210;225
7;122;27183;10444;204;116;220;212;227
7;123;27665;10588;206;117;222;214;229
7;124;28147;10732;208;118;224;216;231
7;125;28629;10876;210;119;226;218;233
7;126;29111;11020;212;120;228;220;235
7;127;29593;11164;214;121;230;222;237
7;128;30075;11308;216;122;232;224;239
7;129;30557;11452;218;123;234;226;241
7;130;31039;11596;220;124;236;228;243
7;131;31521;11740;222;125;238;230;245
7;132;32003;11884;224;126;240;232;247
7;133;32485;12028;226;127;242;234;249
7;134;32967;12172;228;128;244;236;251
7;135;33449;12316;230;129;246;238;253
7;136;33931;12460;232;130;248;240;255
7;137;34413;12604;234;131;250;242;257
7;138;34895;12748;236;132;252;244;259
7;139;35377;12892;238;133;254;246;261
7;140;35859;13036;240;134;256;248;263
7;141;36341;13180;242;135;258;250;265
7;142;36823;13324;244;136;260;252;267
7;143;37305;13468;246;137;262;254;269
7;144;37787;13612;248;138;264;256;271
7;145;38269;13756;250;139;266;258;273
7;146;38751;13900;252;140;268;260;275
7;147;39233;14044;254;141;270;262;277
7;148;39715;14188;256;142;272;264;279
7;149;40197;14332;258;143;274;266;281
7;150;40679;14476;260;144;276;268;283
7;151;41161;14620;262;145;278;270;285
7;152;41643;14764;264;146;280;272;287
7;153;42125;14908;266;147;282;274;289
7;154;42607;15052;268;148;284;276;291
7;155;43089;15196;270;149;286;278;293
7;156;43571;15340;272;150;288;280;295
7;157;44053;15484;274;151;290;282;297
7;158;44535;15628;276;152;292;284;299
7;159;45017;15772;278;153;294;286;301
7;160;45499;15916;280;154;296;288;303
7;161;45981;16060;282;155;298;290;305
7;162;46463;16204;284;156;300;292;307
7;163;46945;16348;286;157;302;294;309
7;164;47427;16492;288;158;304;296;311
7;165;47909;16636;290;159;306;298;313
7;166;48391;16780;292;160;308;300;315
7;167;48873;16924;294;161;310;302;317
7;168;49355;17068;296;162;312;304;319
7;169;49837;17212;298;163;314;306;321
7;170;50319;17356;300;164;316;308;323
7;171;50801;17500;302;165;318;310;325
7;172;51283;17644;304;166;320;312;327
7;173;51765;17788;306;167;322;314;329
7;174;52247;17932;308;168;324;316;331
7;175;52729;18076;310;169;326;318;333
7;176;53211;18220;312;170;328;320;335
7;177;53693;18364;314;171;330;322;337
7;178;54175;18508;316;172;332;324;339
7;179;54657;18652;318;173;334;326;341
7;180;55139;18796;320;174;336;328;343
7;181;55621;18940;322;175;338;330;345
7;182;56103;19084;324;176;340;332;347
7;183;56585;19228;326;177;342;334;349
7;184;57067;19372;328;178;344;336;351
7;185;57549;19516;330;179;346;338;353
7;186;58031;19660;332;180;348;340;355
7;187;58513;19804;334;181;350;342;357
7;188;58995;19948;336;182;352;344;359
7;189;59477;20092;338;183;354;346;361
7;190;59959;20236;340;184;356;348;363
7;191;60441;20380;342;185;358;350;365
7;192;60923;20524;344;186;360;352;367
7;193;61405;20668;346;187;362;354;369
7;194;61887;20812;348;188;364;356;371
7;195;62369;20956;350;189;366;358;373
7;196;62851;21100;352;190;368;360;375
7;197;63333;21244;354;191;370;362;377
7;198;63815;21388;356;192;372;364;379
7;199;64297;21532;358;193;374;366;381
7;200;64779;21676;360;194;376;368;383
7;201;65261;21820;362;195;378;370;385
7;202;65743;21964;364;196;380;372;387
7;203;66225;22108;366;197;382;374;389
7;204;66707;22252;368;198;384;376;391
7;205;67189;22396;370;199;386;378;393
7;206;67671;22540;372;200;388;380;395
7;207;68153;22684;374;201;390;382;397
7;208;68635;22828;376;202;392;384;399
7;209;69117;22972;378;203;394;386;401
7;210;69599;23116;380;204;396;388;403
7;211;70081;23260;382;205;398;390;405
7;212;70563;23404;384;206;400;392;407
7;213;71045;23548;386;207;402;394;409
7;214;71527;23692;388;208;404;396;411
7;215;72009;23836;390;209;406;398;413
7;216;72491;23980;392;210;408;400;415
7;217;72973;24124;394;211;410;402;417
7;218;73455;24268;396;212;412;404;419
7;219;73937;24412;398;213;414;406;421
7;220;74419;24556;400;214;416;408;423
7;221;74901;24700;402;215;418;410;425
7;222;75383;24844;404;216;420;412;427
7;223;75865;24988;406;217;422;414;429
7;224;76347;25132;408;218;424;416;431
7;225;76829;25276;410;219;426;418;433
7;226;77311;25420;412;220;428;420;435
7;227;77793;25564;414;221;430;422;437
7;228;78275;25708;416;222;432;424;439
7;229;78757;25852;418;223;434;426;441
7;230;79239;25996;420;224;436;428;443
7;231;79721;26140;422;225;438;430;445
7;232;80203;26284;424;226;440;432;447
7;233;80685;26428;426;227;442;434;449
7;234;81167;26572;428;228;444;436;451
7;235;81649;26716;430;229;446;438;453
7;236;82131;26860;432;230;448;440;455
7;237;82613;27004;434;231;450;442;457
7;238;83095;27148;436;232;452;444;459
7;239;83577;27292;438;233;454;446;461
7;240;84059;27436;440;234;456;448;463
7;241;84541;27580;442;235;458;450;465
7;242;85023;27724;444;236;460;452;467
7;243;85505;27868;446;237;462;454;469
7;244;85987;28012;448;238;464;456;471
7;245;86469;28156;450;239;466;458;473
7;246;86951;28300;452;240;468;460;475
7;247;87433;28444;454;241;470;462;477
7;248;87915;28588;456;242;472;464;479
7;249;88397;28732;458;243;474;466;481
7;250;88879;28876;460;244;476;468;483
7;251;89361;29020;462;245;478;470;485
7;252;89843;29164;464;246;480;472;487
7;253;90325;29308;466;247;482;474;489
7;254;90807;29452;468;248;484;476;491
7;255;91289;29596;470;249;486;478;493
8;1;32;100;20;20;20;23;22
8;2;47;110;20;20;20;24;23
8;3;52;106;20;20;21;25;24
8;4;67;118;20;21;21;27;25
8;5;82;131;20;21;21;28;27
8;6;97;130;21;21;21;29;28
8;7;102;145;21;21;22;30;29
8;8;117;146;21;21;22;31;30
8;9;132;163;21;21;22;33;31
8;10;137;196;21;22;23;34;33
8;11;152;215;21;22;23;35;34
8;12;167;220;21;22;23;37;35
8;13;172;241;21;22;24;38;36
8;14;187;263;22;22;24;39;38
8;15;202;271;22;23;24;41;39
8;16;207;295;22;23;25;42;40
8;17;222;305;22;23;25;43;42
8;18;237;331;22;23;25;45;43
8;19;242;343;22;23;26;46;44
8;20;257;371;22;24;26;48;46
8;21;272;385;23;24;26;49;47
8;22;277;415;23;24;27;51;49
8;23;292;431;23;24;27;52;50
8;24;298;463;23;25;28;54;52
8;25;315;481;23;25;28;55;53
8;26;333;515;23;25;28;57;55
8;27;342;535;23;25;29;59;56
8;28;362;556;24;25;29;60;58
8;29;373;592;24;26;30;62;59
8;30;395;613;24;26;30;64;61
8;31;418;634;24;26;30;65;63
8;32;432;670;24;26;31;67;64
8;33;457;691;24;27;31;69;66
8;34;473;712;25;27;32;70;68
8;35;500;733;25;27;32;72;69
8;36;518;754;25;28;33;74;71
8;37;547;790;25;28;33;76;73
8;38;577;811;25;28;33;78;75
8;39;598;832;26;28;34;80;76
8;40;630;853;26;29;34;81;78
8;41;653;874;26;29;35;83;80
8;42;687;895;26;29;35;85;82
8;43;712;916;26;29;36;87;84
8;44;748;937;26;30;36;89;86
8;45;775;958;27;30;37;91;88
8;46;813;979;27;30;37;93;90
8;47;842;1000;27;31;38;95;92
8;48;882;1021;27;31;38;98;94
8;49;913;1042;28;31;39;100;96
8;50;955;1048;28;32;39;102;98
8;51;988;1069;28;32;40;104;100
8;52;1032;1090;28;32;40;106;102
8;53;1067;1111;28;33;41;108;104
8;54;1103;1117;29;33;42;111;106
8;55;1150;1138;29;33;42;113;109
8;56;1188;1159;29;34;43;115;111
8;57;1237;1165;29;34;43;118;113
8;58;1277;1186;30;34;44;120;115
8;59;1328;1192;30;35;44;123;118
8;60;1370;1213;30;35;45;125;120
8;61;1526;1316;30;35;46;127;122
8;62;1702;1419;30;36;46;130;125
8;63;1875;1521;31;36;47;133;127
8;64;2070;1624;31;36;47;135;130
8;65;2261;1727;31;37;48;138;132
8;66;2461;1830;32;37;49;140;135
8;67;2686;1932;32;38;49;143;137
8;68;2906;2035;32;38;50;146;140
8;69;3136;2138;32;38;51;149;143
8;70;3393;2241;33;39;51;151;145
8;71;3646;2343;33;39;52;154;148
8;72;3918;2446;33;40;53;157;151
8;73;4210;2549;33;40;54;160;154
8;74;4524;2652;34;41;54;163;156
8;75;4861;2754;34;41;55;166;159
8;76;5223;2857;34;41;56;169;162
8;77;5612;2960;35;42;57;172;165
8;78;6030;3063;35;42;57;175;168
8;79;6480;3165;35;43;58;178;171
8;80;6963;3268;36;43;59;181;174
8;81;7446;3371;37;43;60;184;177
8;82;7929;3474;38;43;61;187;180
8;83;8412;3577;39;43;62;190;183
8;84;8895;3680;40;43;63;193;186
8;85;9378;3783;41;43;64;196;189
8;86;9861;3886;42;43;65;199;192
8;87;10344;3989;43;43;66;202;195
8;88;10827;4092;44;43;67;205;198
8;89;11310;4195;45;43;68;208;201
8;90;11793;4298;46;43;69;211;204
8;91;12276;4401;47;43;70;214;207
8;92;12759;4504;48;43;71;217;210
8;93;13242;4607;49;43;72;220;213
8;94;13725;4710;50;43;73;223;216
8;95;14208;4813;51;43;74;226;219
8;96;14691;4916;52;43;75;229;222
8;97;15174;5019;53;43;76;232;225
8;98;15657;5122;54;43;77;235;228
8;99;16140;5225;55;43;78;238;231
8;100;16623;5328;56;43;79;241;234
8;101;17106;5431;57;43;80;244;237
8;102;17589;5534;58;43;81;247;240
8;103;18072;5637;59;43;82;250;243
8;104;18555;5740;60;43;83;253;246
8;105;19038;5843;61;43;84;256;249
8;106;19521;5946;62;43;85;259;252
8;107;20004;6049;63;43;86;262;255
8;108;20487;6152;64;43;87;265;258
8;109;20970;6255;65;43;88;268;261
8;110;21453;6358;66;43;89;271;264
8;111;21936;6461;67;43;90;274;267
8;112;22419;6564;68;43;91;277;270
8;113;22902;6667;69;43;92;280;273
8;114;23385;6770;70;43;93;283;276
8;115;23868;6873;71;43;94;286;279
8;116;24351;6976;72;43;95;289;282
8;117;24834;7079;73;43;96;292;285
8;118;25317;7182;74;43;97;295;288
8;119;25800;7285;75;43;98;298;291
8;120;26283;7388;76;43;99;301;294
8;121;26766;7491;77;43;100;304;297
8;122;27249;7594;78;43;101;307;300
8;123;27732;7697;79;43;102;310;303
8;124;28215;7800;80;43;103;313;306
8;125;28698;7903;81;43;104;316;309
8;126;29181;8006;82;43;105;319;312
8;127;29664;8109;83;43;106;322;315
8;128;30147;8212;84;43;107;325;318
8;129;30630;8315;85;43;108;328;321
8;130;31113;8418;86;43;109;331;324
8;131;31596;8521;87;43;110;334;327
8;132;32079;8624;88;43;111;337;330
8;133;32562;8727;89;43;112;340;333
8;134;33045;8830;90;43;113;343;336
8;135;33528;8933;91;43;114;346;339
8;136;34011;9036;92;43;115;349;342
8;137;34494;9139;93;43;116;352;345
8;138;34977;9242;94;43;117;355;348
8;139;35460;9345;95;43;118;358;351
8;140;35943;9448;96;43;119;361;354
8;141;36426;9551;97;43;120;364;357
8;142;36909;9654;98;43;121;367;360
8;143;37392;9757;99;43;122;370;363
8;144;37875;9860;100;43;123;373;366
8;145;38358;9963;101;43;124;376;369
8;146;38841;10066;102;43;125;379;372
8;147;39324;10169;103;43;126;382;375
8;148;39807;10272;104;43;127;385;378
8;149;40290;10375;105;43;128;388;381
8;150;40773;10478;106;43;129;391;384
8;151;41256;10581;107;43;130;394;387
8;152;41739;10684;108;43;131;397;390
8;153;42222;10787;109;43;132;400;393
8;154;42705;10890;110;43;133;403;396
8;155;43188;10993;111;43;134;406;399
8;156;43671;11096;112;43;135;409;402
8;157;44154;11199;113;43;136;412;405
8;158;44637;11302;114;43;137;415;408
8;159;45120;11405;115;43;138;418;411
8;160;45603;11508;116;43;139;421;414
8;161;46086;11611;117;43;140;424;417
8;162;46569;11714;118;43;141;427;420
8;163;47052;11817;119;43;142;430;423
8;164;47535;11920;120;43;143;433;426
8;165;48018;12023;121;43;144;436;429
8;166;48501;12126;122;43;145;439;432
8;167;48984;12229;123;43;146;442;435
8;168;49467;12332;124;43;147;445;438
8;169;49950;12435;125;43;148;448;441
8;170;50433;12538;126;43;149;451;444
8;171;50916;12641;127;43;150;454;447
8;172;51399;12744;128;43;151;457;450
8;173;51882;12847;129;43;152;460;453
8;174;52365;12950;130;43;153;463;456
8;175;52848;13053;131;43;154;466;459
8;176;53331;13156;132;43;155;469;462
8;177;53814;13259;133;43;156;472;465
8;178;54297;13362;134;43;157;475;468
8;179;54780;13465;135;43;158;478;471
8;180;55263;13568;136;43;159;481;474
8;181;55746;13671;137;43;160;484;477
8;182;56229;13774;138;43;161;487;480
8;183;56712;13877;139;43;162;490;483
8;184;57195;13980;140;43;163;493;486
8;185;57678;14083;141;43;164;496;489
8;186;58161;14186;142;43;165;499;492
8;187;58644;14289;143;43;166;502;495
8;188;59127;14392;144;43;167;505;498
8;189;59610;14495;145;43;168;508;501
8;190;60093;14598;146;43;169;511;504
8;191;60576;14701;147;43;170;514;507
8;192;61059;14804;148;43;171;517;510
8;193;61542;14907;149;43;172;520;513
8;194;62025;15010;150;43;173;523;516
8;195;62508;15113;151;43;174;526;519
8;196;62991;15216;152;43;175;529;522
8;197;63474;15319;153;43;176;532;525
8;198;63957;15422;154;43;177;535;528
8;199;64440;15525;155;43;178;538;531
8;200;64923;15628;156;43;179;541;534
8;201;65406;15731;157;43;180;544;537
8;202;65889;15834;158;43;181;547;540
8;203;66372;15937;159;43;182;550;543
8;204;66855;16040;160;43;183;553;546
8;205;67338;16143;161;43;184;556;549
8;206;67821;16246;162;43;185;559;552
8;207;68304;16349;163;43;186;562;555
8;208;68787;16452;164;43;187;565;558
8;209;69270;16555;165;43;188;568;561
8;210;69753;16658;166;43;189;571;564
8;211;70236;16761;167;43;190;574;567
8;212;70719;16864;168;43;191;577;570
8;213;71202;16967;169;43;192;580;573
8;214;71685;17070;170;43;193;583;576
8;215;72168;17173;171;43;194;586;579
8;216;72651;17276;172;43;195;589;582
8;217;73134;17379;173;43;196;592;585
8;218;73617;17482;174;43;197;595;588
8;219;74100;17585;175;43;198;598;591
8;220;74583;17688;176;43;199;601;594
8;221;75066;17791;177;43;200;604;597
8;222;75549;17894;178;43;201;607;600
8;223;76032;17997;179;43;202;610;603
8;224;76515;18100;180;43;203;613;606
8;225;76998;18203;181;43;204;616;609
8;226;77481;18306;182;43;205;619;612
8;227;77964;18409;183;43;206;622;615
8;228;78447;18512;184;43;207;625;618
8;229;78930;18615;185;43;208;628;621
8;230;79413;18718;186;43;209;631;624
8;231;79896;18821;187;43;210;634;627
8;232;80379;18924;188;43;211;637;630
8;233;80862;19027;189;43;212;640;633
8;234;81345;19130;190;43;213;643;636
8;235;81828;19233;191;43;214;646;639
8;236;82311;19336;192;43;215;649;642
8;237;82794;19439;193;43;216;652;645
8;238;83277;19542;194;43;217;655;648
8;239;83760;19645;195;43;218;658;651
8;240;84243;19748;196;43;219;661;654
8;241;84726;19851;197;43;220;664;657
8;242;85209;19954;198;43;221;667;660
8;243;85692;20057;199;43;222;670;663
8;244;86175;20160;200;43;223;673;666
8;245;86658;20263;201;43;224;676;669
8;246;87141;20366;202;43;225;679;672
8;247;87624;20469;203;43;226;682;675
8;248;88107;20572;204;43;227;685;678
8;249;88590;20675;205;43;228;688;681
8;250;89073;20778;206;43;229;691;684
8;251;89556;20881;207;43;230;694;687
8;252;90039;20984;208;43;231;697;690
8;253;90522;21087;209;43;232;700;693
8;254;91005;21190;210;43;233;703;696
8;255;91488;21293;211;43;234;706;699
9;1;23;90;20;20;21;22;22
9;2;28;98;20;20;22;23;23
9;3;43;107;21;21;22;24;24
9;4;48;102;21;21;23;25;25
9;5;63;113;21;21;23;26;26
9;6;68;126;21;22;24;27;27
9;7;83;144;22;22;24;28;29
9;8;88;162;22;22;25;29;30
9;9;93;180;22;23;25;30;31
9;10;108;198;23;23;26;31;32
9;11;123;200;23;24;26;33;33
9;12;128;218;23;24;27;34;34
9;13;143;237;24;24;27;35;36
9;14;148;257;24;25;28;36;37
9;15;153;278;24;25;29;37;38
9;16;168;300;25;26;29;38;39
9;17;173;308;25;26;30;40;41
9;18;189;332;25;26;30;41;42
9;19;196;357;26;27;31;42;43
9;20;204;383;26;27;32;43;45
9;21;223;395;26;28;32;45;46
9;22;233;423;27;28;33;46;47
9;23;244;452;27;29;34;47;49
9;24;266;467;28;29;34;49;50
9;25;279;498;28;30;35;50;52
9;26;293;530;28;30;36;51;53
9;27;318;548;29;30;36;53;54
9;28;334;582;29;31;37;54;56
9;29;351;602;30;31;38;56;57
9;30;379;638;30;32;38;57;59
9;31;398;674;30;32;39;58;61
9;32;418;695;31;33;40;60;62
9;33;439;731;31;33;41;61;64
9;34;471;752;32;34;41;63;65
9;35;494;788;32;34;42;64;67
9;36;518;809;33;35;43;66;69
9;37;543;830;33;36;44;68;70
9;38;569;866;33;36;45;69;72
9;39;606;887;34;37;45;71;74
9;40;634;923;34;37;46;72;75
9;41;663;944;35;38;47;74;77
9;42;693;965;35;38;48;76;79
9;43;724;1001;36;39;49;77;81
9;44;756;1022;36;39;50;79;82
9;45;799;1043;37;40;50;81;84
9;46;832;1064;37;41;51;83;86
9;47;868;1100;38;41;52;84;88
9;48;904;1121;38;42;53;86;90
9;49;941;1142;39;43;54;88;92
9;50;979;1163;39;43;55;90;94
9;51;1018;1184;40;44;56;92;96
9;52;1058;1205;40;44;57;94;98
9;53;1099;1226;41;45;58;96;100
9;54;1141;1247;42;46;59;98;102
9;55;1184;1268;42;46;60;100;104
9;56;1228;1289;43;47;61;102;106
9;57;1273;1310;43;48;62;104;108
9;58;1319;1331;44;49;63;106;111
9;59;1366;1352;44;49;64;108;113
9;60;1414;1373;45;50;65;110;115
9;61;1580;1497;46;51;66;112;117
9;62;1755;1621;46;51;67;114;120
9;63;1939;1745;47;52;68;117;122
9;64;2133;1870;47;53;69;119;124
9;65;2323;1994;48;54;71;121;126
9;66;2535;2118;49;55;72;123;129
9;67;2758;2242;49;55;73;126;131
9;68;2991;2366;50;56;74;128;134
9;69;3235;2490;51;57;75;130;136
9;70;3490;2615;51;58;76;133;139
9;71;3750;2739;52;59;78;135;142
9;72;4025;2863;53;59;79;138;144
9;73;4330;2987;54;60;80;140;147
9;74;4646;3111;54;61;81;143;150
9;75;4997;3235;55;62;83;145;152
9;76;5373;3360;56;63;84;148;155
9;77;5774;3483;57;64;85;151;158
9;78;6207;3608;57;65;87;153;161
9;79;6667;3732;58;66;88;156;164
9;80;7136;3856;59;67;89;159;166
9;81;7605;3980;60;68;90;162;168
9;82;8074;4104;61;69;91;165;170
9;83;8543;4228;62;70;92;168;172
9;84;9012;4352;63;71;93;171;174
9;85;9481;4476;64;72;94;174;176
9;86;9950;4600;65;73;95;177;178
9;87;10419;4724;66;74;96;180;180
9;88;10888;4848;67;75;97;183;182
9;89;11357;4972;68;76;98;186;184
9;90;11826;5096;69;77;99;189;186
9;91;12295;5220;70;78;100;192;188
9;92;12764;5344;71;79;101;195;190
9;93;13233;5468;72;80;102;198;192
9;94;13702;5592;73;81;103;201;194
9;95;14171;5716;74;82;104;204;196
9;96;14640;5840;75;83;105;207;198
9;97;15109;5964;76;84;106;210;200
9;98;15578;6088;77;85;107;213;202
9;99;16047;6212;78;86;108;216;204
9;100;16516;6336;79;87;109;219;206
9;101;16985;6460;80;88;110;222;208
9;102;17454;6584;81;89;111;225;210
9;103;17923;6708;82;90;112;228;212
9;104;18392;6832;83;91;113;231;214
9;105;18861;6956;84;92;114;234;216
9;106;19330;7080;85;93;115;237;218
9;107;19799;7204;86;94;116;240;220
9;108;20268;7328;87;95;117;243;222
9;109;20737;7452;88;96;118;246;224
9;110;21206;7576;89;97;119;249;226
9;111;21675;7700;90;98;120;252;228
9;112;22144;7824;91;99;121;255;230
9;113;22613;7948;92;100;122;258;232
9;114;23082;8072;93;101;123;261;234
9;115;23551;8196;94;102;124;264;236
9;116;24020;8320;95;103;125;267;238
9;117;24489;8444;96;104;126;270;240
9;118;24958;8568;97;105;127;273;242
9;119;25427;8692;98;106;128;276;244
9;120;25896;8816;99;107;129;279;246
9;121;26365;8940;100;108;130;282;248
9;122;26834;9064;101;109;131;285;250
9;123;27303;9188;102;110;132;288;252
9;124;27772;9312;103;111;133;291;254
9;125;28241;9436;104;112;134;294;256
9;126;28710;9560;105;113;135;297;258
9;127;29179;9684;106;114;136;300;260
9;128;29648;9808;107;115;137;303;262
9;129;30117;9932;108;116;138;306;264
9;130;30586;10056;109;117;139;309;266
9;131;31055;10180;110;118;140;312;268
9;132;31524;10304;111;119;141;315;270
9;133;31993;10428;112;120;142;318;272
9;134;32462;10552;113;121;143;321;274
9;135;32931;10676;114;122;144;324;276
9;136;33400;10800;115;123;145;327;278
9;137;33869;10924;116;124;146;330;280
9;138;34338;11048;117;125;147;333;282
9;139;34807;11172;118;126;148;336;284
9;140;35276;11296;119;127;149;339;286
9;141;35745;11420;120;128;150;342;288
9;142;36214;11544;121;129;151;345;290
9;143;36683;11668;122;130;152;348;292
9;144;37152;11792;123;131;153;351;294
9;145;37621;11916;124;132;154;354;296
9;146;38090;12040;125;133;155;357;298
9;147;38559;12164;126;134;156;360;300
9;148;39028;12288;127;135;157;363;302
9;149;39497;12412;128;136;158;366;304
9;150;39966;12536;129;137;159;369;306
9;151;40435;12660;130;138;160;372;308
9;152;40904;12784;131;139;161;375;310
9;153;41373;12908;132;140;162;378;312
9;154;41842;13032;133;141;163;381;314
9;155;42311;13156;134;142;164;384;316
9;156;42780;13280;135;143;165;387;318
9;157;43249;13404;136;144;166;390;320
9;158;43718;13528;137;145;167;393;322
9;159;44187;13652;138;146;168;396;324
9;160;44656;13776;139;147;169;399;326
9;161;45125;13900;140;148;170;402;328
9;162;45594;14024;141;149;171;405;330
9;163;46063;14148;142;150;172;408;332
9;164;46532;14272;143;151;173;411;334
9;165;47001;14396;144;152;174;414;336
9;166;47470;14520;145;153;175;417;338
9;167;47939;14644;146;154;176;420;340
9;168;48408;14768;147;155;177;423;342
9;169;48877;14892;148;156;178;426;344
9;170;49346;15016;149;157;179;429;346
9;171;49815;15140;150;158;180;432;348
9;172;50284;15264;151;159;181;435;350
9;173;50753;15388;152;160;182;438;352
9;174;51222;15512;153;161;183;441;354
9;175;51691;15636;154;162;184;444;356
9;176;52160;15760;155;163;185;447;358
9;177;52629;15884;156;164;186;450;360
9;178;53098;16008;157;165;187;453;362
9;179;53567;16132;158;166;188;456;364
9;180;54036;16256;159;167;189;459;366
9;181;54505;16380;160;168;190;462;368
9;182;54974;16504;161;169;191;465;370
9;183;55443;16628;162;170;192;468;372
9;184;55912;16752;163;171;193;471;374
9;185;56381;16876;164;172;194;474;376
9;186;56850;17000;165;173;195;477;378
9;187;57319;17124;166;174;196;480;380
9;188;57788;17248;167;175;197;483;382
9;189;58257;17372;168;176;198;486;384
9;190;58726;17496;169;177;199;489;386
9;191;59195;17620;170;178;200;492;388
9;192;59664;17744;171;179;201;495;390
9;193;60133;17868;172;180;202;498;392
9;194;60602;17992;173;181;203;501;394
9;195;61071;18116;174;182;204;504;396
9;196;61540;18240;175;183;205;507;398
9;197;62009;18364;176;184;206;510;400
9;198;62478;18488;177;185;207;513;402
9;199;62947;18612;178;186;208;516;404
9;200;63416;18736;179;187;209;519;406
9;201;63885;18860;180;188;210;522;408
9;202;64354;18984;181;189;211;525;410
9;203;64823;19108;182;190;212;528;412
9;204;65292;19232;183;191;213;531;414
9;205;65761;19356;184;192;214;534;416
9;206;66230;19480;185;193;215;537;418
9;207;66699;19604;186;194;216;540;420
9;208;67168;19728;187;195;217;543;422
9;209;67637;19852;188;196;218;546;424
9;210;68106;19976;189;197;219;549;426
9;211;68575;20100;190;198;220;552;428
9;212;69044;20224;191;199;221;555;430
9;213;69513;20348;192;200;222;558;432
9;214;69982;20472;193;201;223;561;434
9;215;70451;20596;194;202;224;564;436
9;216;70920;20720;195;203;225;567;438
9;217;71389;20844;196;204;226;570;440
9;218;71858;20968;197;205;227;573;442
9;219;72327;21092;198;206;228;576;444
9;220;72796;21216;199;207;229;579;446
9;221;73265;21340;200;208;230;582;448
9;222;73734;21464;201;209;231;585;450
9;223;74203;21588;202;210;232;588;452
9;224;74672;21712;203;211;233;591;454
9;225;75141;21836;204;212;234;594;456
9;226;75610;21960;205;213;235;597;458
9;227;76079;22084;206;214;236;600;460
9;228;76548;22208;207;215;237;603;462
9;229;77017;22332;208;216;238;606;464
9;230;77486;22456;209;217;239;609;466
9;231;77955;22580;210;218;240;612;468
9;232;78424;22704;211;219;241;615;470
9;233;78893;22828;212;220;242;618;472
9;234;79362;22952;213;221;243;621;474
9;235;79831;23076;214;222;244;624;476
9;236;80300;23200;215;223;245;627;478
9;237;80769;23324;216;224;246;630;480
9;238;81238;23448;217;225;247;633;482
9;239;81707;23572;218;226;248;636;484
9;240;82176;23696;219;227;249;639;486
9;241;82645;23820;220;228;250;642;488
9;242;83114;23944;221;229;251;645;490
9;243;83583;24068;222;230;252;648;492
9;244;84052;24192;223;231;253;651;494
9;245;84521;24316;224;232;254;654;496
9;246;84990;24440;225;233;255;657;498
9;247;85459;24564;226;234;256;660;500
9;248;85928;24688;227;235;257;663;502
9;249;86397;24812;228;236;258;666;504
9;250;86866;24936;229;237;259;669;506
9;251;87335;25060;230;238;260;672;508
9;252;87804;25184;231;239;261;675;510
9;253;88273;25308;232;240;262;678;512
9;254;88742;25432;233;241;263;681;514
9;255;89211;25556;234;242;264;684;516
11;1;44;60;21;20;20;22;22
11;2;51;66;22;20;21;23;23
11;3;58;73;22;21;21;24;24
11;4;75;81;23;21;22;25;25
11;5;82;90;23;22;22;26;26
11;6;89;100;24;22;23;27;27
11;7;106;111;24;23;24;28;28
11;8;113;123;25;23;24;28;29
11;9;120;136;25;24;25;29;30
11;10;137;150;26;24;25;30;31
11;11;144;165;26;25;26;31;33
11;12;151;182;27;25;27;32;34
11;13;168;200;27;26;27;33;35
11;14;175;219;28;26;28;34;36
11;15;182;239;29;27;29;36;37
11;16;199;260;29;27;29;37;38
11;17;206;282;30;28;30;38;40
11;18;214;305;30;29;31;39;41
11;19;233;329;31;29;31;40;42
11;20;243;354;32;30;32;41;43
11;21;254;380;32;30;33;42;45
11;22;266;392;33;31;34;43;46
11;23;289;420;34;32;34;44;47
11;24;303;449;34;32;35;46;49
11;25;318;479;35;33;36;47;50
11;26;334;509;35;33;36;48;51
11;27;361;524;36;34;37;49;53
11;28;379;554;37;35;38;50;54
11;29;398;584;38;35;39;52;56
11;30;418;614;38;36;40;53;57
11;31;439;629;39;37;41;54;58
11;32;461;659;40;37;42;56;60
11;33;494;689;41;38;42;57;61
11;34;518;704;41;39;43;58;63
11;35;543;734;42;39;44;60;64
11;36;569;749;43;40;45;61;66
11;37;596;779;44;41;46;62;68
11;38;624;809;45;41;47;64;69
11;39;653;824;45;42;48;65;71
11;40;683;854;46;43;49;67;72
11;41;714;869;47;44;50;68;74
11;42;746;899;48;44;51;70;76
11;43;779;914;49;45;52;71;77
11;44;823;944;50;46;52;73;79
11;45;858;959;50;47;53;74;81
11;46;894;989;51;48;54;76;83
11;47;921;1004;52;48;56;77;84
11;48;959;1019;53;49;57;79;86
11;49;998;1049;54;50;58;81;88
11;50;1038;1064;55;51;59;82;90
11;51;1079;1079;56;52;60;84;92
11;52;1121;1109;57;53;61;86;94
11;53;1164;1124;58;54;62;87;96
11;54;1208;1139;59;54;63;89;98
11;55;1253;1154;60;55;64;91;100
11;56;1299;1169;61;56;65;93;102
11;57;1346;1199;62;57;66;94;104
11;58;1384;1214;63;58;68;96;106
11;59;1433;1229;64;59;69;98;108
11;60;1483;1244;65;60;70;100;110
11;61;1657;1357;66;61;71;102;112
11;62;1840;1469;67;62;72;104;114
11;63;2020;1582;68;63;74;106;117
11;64;2222;1694;69;64;75;108;119
11;65;2433;1807;71;65;76;110;121
11;66;2640;1919;72;66;78;112;123
11;67;2872;2032;73;67;79;114;126
11;68;3114;2145;74;68;80;116;128
11;69;3351;2257;75;69;82;118;130
11;70;3614;2370;76;70;83;120;133
11;71;3883;2482;78;71;84;122;135
11;72;4172;2595;79;73;86;125;138
11;73;4483;2708;80;74;87;127;140
11;74;4817;2820;81;75;89;129;143
11;75;5176;2933;83;76;90;131;145
11;76;5562;3045;84;77;92;134;148
11;77;5977;3158;85;78;93;136;151
11;78;6423;3270;87;80;95;138;153
11;79;6902;3383;88;81;96;141;156
11;80;7417;3496;89;82;98;143;159
11;81;7932;3609;90;83;100;145;162
11;82;8447;3722;91;84;102;147;165
11;83;8962;3835;92;85;104;149;168
11;84;9477;3948;93;86;106;151;171
11;85;9992;4061;94;87;108;153;174
11;86;10507;4174;95;88;110;155;177
11;87;11022;4287;96;89;112;157;180
11;88;11537;4400;97;90;114;159;183
11;89;12052;4513;98;91;116;161;186
11;90;12567;4626;99;92;118;163;189
11;91;13082;4739;100;93;120;165;192
11;92;13597;4852;101;94;122;167;195
11;93;14112;4965;102;95;124;169;198
11;94;14627;5078;103;96;126;171;201
11;95;15142;5191;104;97;128;173;204
11;96;15657;5304;105;98;130;175;207
11;97;16172;5417;106;99;132;177;210
11;98;16687;5530;107;100;134;179;213
11;99;17202;5643;108;101;136;181;216
11;100;17717;5756;109;102;138;183;219
11;101;18232;5869;110;103;140;185;222
11;102;18747;5982;111;104;142;187;225
11;103;19262;6095;112;105;144;189;228
11;104;19777;6208;113;106;146;191;231
11;105;20292;6321;114;107;148;193;234
11;106;20807;6434;115;108;150;195;237
11;107;21322;6547;116;109;152;197;240
11;108;21837;6660;117;110;154;199;243
11;109;22352;6773;118;111;156;201;246
11;110;22867;6886;119;112;158;203;249
11;111;23382;6999;120;113;160;205;252
11;112;23897;7112;121;114;162;207;255
11;113;24412;7225;122;115;164;209;258
11;114;24927;7338;123;116;166;211;261
11;115;25442;7451;124;117;168;213;264
11;116;25957;7564;125;118;170;215;267
11;117;26472;7677;126;119;172;217;270
11;118;26987;7790;127;120;174;219;273
11;119;27502;7903;128;121;176;221;276
11;120;28017;8016;129;122;178;223;279
11;121;28532;8129;130;123;180;225;282
11;122;29047;8242;131;124;182;227;285
11;123;29562;8355;132;125;184;229;288
11;124;30077;8468;133;126;186;231;291
11;125;30592;8581;134;127;188;233;294
11;126;31107;8694;135;128;190;235;297
11;127;31622;8807;136;129;192;237;300
11;128;32137;8920;137;130;194;239;303
11;129;32652;9033;138;131;196;241;306
11;130;33167;9146;139;132;198;243;309
11;131;33682;9259;140;133;200;245;312
11;132;34197;9372;141;134;202;247;315
11;133;34712;9485;142;135;204;249;318
11;134;35227;9598;143;136;206;251;321
11;135;35742;9711;144;137;208;253;324
11;136;36257;9824;145;138;210;255;327
11;137;36772;9937;146;139;212;257;330
11;138;37287;10050;147;140;214;259;333
11;139;37802;10163;148;141;216;261;336
11;140;38317;10276;149;142;218;263;339
11;141;38832;10389;150;143;220;265;342
11;142;39347;10502;151;144;222;267;345
11;143;39862;10615;152;145;224;269;348
11;144;40377;10728;153;146;226;271;351
11;145;40892;10841;154;147;228;273;354
11;146;41407;10954;155;148;230;275;357
11;147;41922;11067;156;149;232;277;360
11;148;42437;11180;157;150;234;279;363
11;149;42952;11293;158;151;236;281;366
11;150;43467;11406;159;152;238;283;369
11;151;43982;11519;160;153;240;285;372
11;152;44497;11632;161;154;242;287;375
11;153;45012;11745;162;155;244;289;378
11;154;45527;11858;163;156;246;291;381
11;155;46042;11971;164;157;248;293;384
11;156;46557;12084;165;158;250;295;387
11;157;47072;12197;166;159;252;297;390
11;158;47587;12310;167;160;254;299;393
11;159;48102;12423;168;161;256;301;396
11;160;48617;12536;169;162;258;303;399
11;161;49132;12649;170;163;260;305;402
11;162;49647;12762;171;164;262;307;405
11;163;50162;12875;172;165;264;309;408
11;164;50677;12988;173;166;266;311;411
11;165;51192;13101;174;167;268;313;414
11;166;51707;13214;175;168;270;315;417
11;167;52222;13327;176;169;272;317;420
11;168;52737;13440;177;170;274;319;423
11;169;53252;13553;178;171;276;321;426
11;170;53767;13666;179;172;278;323;429
11;171;54282;13779;180;173;280;325;432
11;172;54797;13892;181;174;282;327;435
11;173;55312;14005;182;175;284;329;438
11;174;55827;14118;183;176;286;331;441
11;175;56342;14231;184;177;288;333;444
11;176;56857;14344;185;178;290;335;447
11;177;57372;14457;186;179;292;337;450
11;178;57887;14570;187;180;294;339;453
11;179;58402;14683;188;181;296;341;456
11;180;58917;14796;189;182;298;343;459
11;181;59432;14909;190;183;300;345;462
11;182;59947;15022;191;184;302;347;465
11;183;60462;15135;192;185;304;349;468
11;184;60977;15248;193;186;306;351;471
11;185;61492;15361;194;187;308;353;474
11;186;62007;15474;195;188;310;355;477
11;187;62522;15587;196;189;312;357;480
11;188;63037;15700;197;190;314;359;483
11;189;63552;15813;198;191;316;361;486
11;190;64067;15926;199;192;318;363;489
11;191;64582;16039;200;193;320;365;492
11;192;65097;16152;201;194;322;367;495
11;193;65612;16265;202;195;324;369;498
11;194;66127;16378;203;196;326;371;501
11;195;66642;16491;204;197;328;373;504
11;196;67157;16604;205;198;330;375;507
11;197;67672;16717;206;199;332;377;510
11;198;68187;16830;207;200;334;379;513
11;199;68702;16943;208;201;336;381;516
11;200;69217;17056;209;202;338;383;519
11;201;69732;17169;210;203;340;385;522
11;202;70247;17282;211;204;342;387;525
11;203;70762;17395;212;205;344;389;528
11;204;71277;17508;213;206;346;391;531
11;205;71792;17621;214;207;348;393;534
11;206;72307;17734;215;208;350;395;537
11;207;72822;17847;216;209;352;397;540
11;208;73337;17960;217;210;354;399;543
11;209;73852;18073;218;211;356;401;546
11;210;74367;18186;219;212;358;403;549
11;211;74882;18299;220;213;360;405;552
11;212;75397;18412;221;214;362;407;555
11;213;75912;18525;222;215;364;409;558
11;214;76427;18638;223;216;366;411;561
11;215;76942;18751;224;217;368;413;564
11;216;77457;18864;225;218;370;415;567
11;217;77972;18977;226;219;372;417;570
11;218;78487;19090;227;220;374;419;573
11;219;79002;19203;228;221;376;421;576
11;220;79517;19316;229;222;378;423;579
11;221;80032;19429;230;223;380;425;582
11;222;80547;19542;231;224;382;427;585
11;223;81062;19655;232;225;384;429;588
11;224;81577;19768;233;226;386;431;591
11;225;82092;19881;234;227;388;433;594
11;226;82607;19994;235;228;390;435;597
11;227;83122;20107;236;229;392;437;600
11;228;83637;20220;237;230;394;439;603
11;229;84152;20333;238;231;396;441;606
11;230;84667;20446;239;232;398;443;609
11;231;85182;20559;240;233;400;445;612
11;232;85697;20672;241;234;402;447;615
11;233;86212;20785;242;235;404;449;618
11;234;86727;20898;243;236;406;451;621
11;235;87242;21011;244;237;408;453;624
11;236;87757;21124;245;238;410;455;627
11;237;88272;21237;246;239;412;457;630
11;238;88787;21350;247;240;414;459;633
11;239;89302;21463;248;241;416;461;636
11;240;89817;21576;249;242;418;463;639
11;241;90332;21689;250;243;420;465;642
11;242;90847;21802;251;244;422;467;645
11;243;91362;21915;252;245;424;469;648
11;244;91877;22028;253;246;426;471;651
11;245;92392;22141;254;247;428;473;654
11;246;92907;22254;255;248;430;475;657
11;247;93422;22367;256;249;432;477;660
11;248;93937;22480;257;250;434;479;663
11;249;94452;22593;258;251;436;481;666
11;250;94967;22706;259;252;438;483;669
11;251;95482;22819;260;253;440;485;672
11;252;95997;22932;261;254;442;487;675
11;253;96512;23045;262;255;444;489;678
11;254;97027;23158;263;256;446;491;681
11;255;97542;23271;264;257;448;493;684
5;1;52;73;20;20;20;22;23
5;2;57;76;20;20;20;23;24
5;3;72;95;20;20;21;24;25
5;4;77;114;21;21;21;25;27
5;5;92;133;21;21;21;27;28
5;6;101;152;21;21;22;28;29
5;7;112;171;21;21;22;29;30
5;8;117;190;21;22;22;30;31
5;9;132;209;21;22;23;31;33
5;10;137;212;22;22;23;33;34
5;11;142;215;22;22;24;34;35
5;12;157;234;22;23;24;35;37
5;13;172;254;22;23;24;36;38
5;14;177;260;22;23;25;38;39
5;15;192;282;23;23;25;39;41
5;16;197;305;23;24;26;40;42
5;17;212;329;23;24;26;42;43
5;18;227;339;23;24;26;43;45
5;19;232;365;23;25;27;44;46
5;20;247;377;24;25;27;46;48
5;21;252;405;24;25;28;47;49
5;22;268;434;24;25;28;49;51
5;23;275;449;24;26;29;50;52
5;24;293;480;25;26;29;52;54
5;25;302;497;25;26;30;53;55
5;26;322;530;25;27;30;55;57
5;27;343;549;25;27;30;56;59
5;28;355;584;25;27;31;58;60
5;29;378;605;26;28;31;59;62
5;30;392;627;26;28;32;61;64
5;31;417;665;26;28;32;63;65
5;32;433;689;26;29;33;64;67
5;33;460;728;27;29;33;66;69
5;34;478;752;27;29;34;68;70
5;35;507;776;27;30;34;69;72
5;36;527;800;28;30;35;71;74
5;37;548;839;28;30;36;73;76
5;38;580;863;28;31;36;75;78
5;39;603;887;28;31;37;76;80
5;40;637;911;29;31;37;78;81
5;41;662;950;29;32;38;80;83
5;42;698;974;29;32;38;82;85
5;43;725;998;29;33;39;84;87
5;44;763;1022;30;33;39;86;89
5;45;792;1046;30;33;40;88;91
5;46;822;1070;30;34;41;90;93
5;47;863;1094;31;34;41;92;95
5;48;895;1118;31;35;42;94;98
5;49;928;1142;31;35;43;96;100
5;50;972;1166;32;35;43;98;102
5;51;1007;1190;32;36;44;100;104
5;52;1053;1214;32;36;44;102;106
5;53;1090;1238;33;37;45;104;108
5;54;1128;1262;33;37;46;106;111
5;55;1177;1271;33;38;46;109;113
5;56;1217;1295;34;38;47;111;115
5;57;1258;1319;34;39;48;113;118
5;58;1300;1343;34;39;49;115;120
5;59;1353;1352;35;40;49;118;123
5;60;1397;1376;35;40;50;120;125
5;61;1557;1500;35;40;51;122;127
5;62;1738;1625;36;41;51;125;130
5;63;1916;1749;36;41;52;127;133
5;64;2101;1873;36;42;53;130;135
5;65;2295;1998;37;43;54;132;138
5;66;2495;2122;37;43;55;135;140
5;67;2719;2247;38;44;55;137;143
5;68;2936;2371;38;44;56;140;146
5;69;3160;2495;38;45;57;143;149
5;70;3391;2620;39;45;58;145;151
5;71;3644;2744;39;46;59;148;154
5;72;3916;2868;40;46;59;151;157
5;73;4208;2993;40;47;60;154;160
5;74;4522;3117;41;47;61;156;163
5;75;4859;3242;41;48;62;159;166
5;76;5221;3366;41;49;63;162;169
5;77;5610;3490;42;49;64;165;172
5;78;6028;3615;42;50;65;168;175
5;79;6477;3739;43;50;66;171;178
5;80;6960;3863;43;51;67;174;181
6;55;1359;0;108;73;99;29;42
6;56;1421;0;111;75;102;29;43
6;57;1485;0;113;76;104;29;43
6;58;1551;0;115;77;106;30;44
6;59;1619;0;118;79;108;30;44
6;60;1689;0;120;80;110;30;45
6;61;1902;0;122;81;112;30;46
6;62;2129;0;125;83;114;30;46
6;63;2357;0;127;84;117;31;47
6;64;2612;0;130;86;119;31;47
6;65;2883;0;133;87;121;31;48
6;66;3169;0;135;89;124;31;49
6;67;3455;0;138;90;126;32;49
6;68;3774;0;140;92;128;32;50
6;69;4109;0;143;93;131;32;51
6;70;4444;0;146;95;133;32;51
6;71;4720;0;149;97;136;33;52
6;72;5013;0;151;98;138;33;53
6;73;5325;0;154;100;141;33;54
6;74;5656;0;157;102;143;33;54
6;75;6008;0;160;103;146;34;55
6;76;6381;0;163;105;149;34;56
6;77;6778;0;166;107;151;34;57
6;78;7199;0;169;108;154;34;57
6;79;7646;0;172;110;157;35;58
6;80;8121;0;175;112;160;35;59
5;81;7443;3987;43;52;68;177;184
5;82;7926;4111;43;53;69;180;187
5;83;8409;4235;43;54;70;183;190
5;84;8892;4359;43;55;71;186;193
5;85;9375;4483;43;56;72;189;196
5;86;9858;4607;43;57;73;192;199
5;87;10341;4731;43;58;74;195;202
5;88;10824;4855;43;59;75;198;205
5;89;11307;4979;43;60;76;201;208
5;90;11790;5103;43;61;77;204;211
5;91;12273;5227;43;62;78;207;214
5;92;12756;5351;43;63;79;210;217
5;93;13239;5475;43;64;80;213;220
5;94;13722;5599;43;65;81;216;223
5;95;14205;5723;43;66;82;219;226
5;96;14688;5847;43;67;83;222;229
5;97;15171;5971;43;68;84;225;232
5;98;15654;6095;43;69;85;228;235
5;99;16137;6219;43;70;86;231;238
5;100;16620;6343;43;71;87;234;241
5;101;17103;6467;43;72;88;237;244
5;102;17586;6591;43;73;89;240;247
5;103;18069;6715;43;74;90;243;250
5;104;18552;6839;43;75;91;246;253
5;105;19035;6963;43;76;92;249;256
5;106;19518;7087;43;77;93;252;259
5;107;20001;7211;43;78;94;255;262
5;108;20484;7335;43;79;95;258;265
5;109;20967;7459;43;80;96;261;268
5;110;21450;7583;43;81;97;264;271
5;111;21933;7707;43;82;98;267;274
5;112;22416;7831;43;83;99;270;277
5;113;22899;7955;43;84;100;273;280
5;114;23382;8079;43;85;101;276;283
5;115;23865;8203;43;86;102;279;286
5;116;24348;8327;43;87;103;282;289
5;117;24831;8451;43;88;104;285;292
5;118;25314;8575;43;89;105;288;295
5;119;25797;8699;43;90;106;291;298
5;120;26280;8823;43;91;107;294;301
5;121;26763;8947;43;92;108;297;304
5;122;27246;9071;43;93;109;300;307
5;123;27729;9195;43;94;110;303;310
5;124;28212;9319;43;95;111;306;313
5;125;28695;9443;43;96;112;309;316
5;126;29178;9567;43;97;113;312;319
5;127;29661;9691;43;98;114;315;322
5;128;30144;9815;43;99;115;318;325
5;129;30627;9939;43;100;116;321;328
5;130;31110;10063;43;101;117;324;331
5;131;31593;10187;43;102;118;327;334
5;132;32076;10311;43;103;119;330;337
5;133;32559;10435;43;104;120;333;340
5;134;33042;10559;43;105;121;336;343
5;135;33525;10683;43;106;122;339;346
5;136;34008;10807;43;107;123;342;349
5;137;34491;10931;43;108;124;345;352
5;138;34974;11055;43;109;125;348;355
5;139;35457;11179;43;110;126;351;358
5;140;35940;11303;43;111;127;354;361
5;141;36423;11427;43;112;128;357;364
5;142;36906;11551;43;113;129;360;367
5;143;37389;11675;43;114;130;363;370
5;144;37872;11799;43;115;131;366;373
5;145;38355;11923;43;116;132;369;376
5;146;38838;12047;43;117;133;372;379
5;147;39321;12171;43;118;134;375;382
5;148;39804;12295;43;119;135;378;385
5;149;40287;12419;43;120;136;381;388
5;150;40770;12543;43;121;137;384;391
5;151;41253;12667;43;122;138;387;394
5;152;41736;12791;43;123;139;390;397
5;153;42219;12915;43;124;140;393;400
5;154;42702;13039;43;125;141;396;403
5;155;43185;13163;43;126;142;399;406
5;156;43668;13287;43;127;143;402;409
5;157;44151;13411;43;128;144;405;412
5;158;44634;13535;43;129;145;408;415
5;159;45117;13659;43;130;146;411;418
5;160;45600;13783;43;131;147;414;421
5;161;46083;13907;43;132;148;417;424
5;162;46566;14031;43;133;149;420;427
5;163;47049;14155;43;134;150;423;430
5;164;47532;14279;43;135;151;426;433
5;165;48015;14403;43;136;152;429;436
5;166;48498;14527;43;137;153;432;439
5;167;48981;14651;43;138;154;435;442
5;168;49464;14775;43;139;155;438;445
5;169;49947;14899;43;140;156;441;448
5;170;50430;15023;43;141;157;444;451
5;171;50913;15147;43;142;158;447;454
5;172;51396;15271;43;143;159;450;457
5;173;51879;15395;43;144;160;453;460
5;174;52362;15519;43;145;161;456;463
5;175;52845;15643;43;146;162;459;466
5;176;53328;15767;43;147;163;462;469
5;177;53811;15891;43;148;164;465;472
5;178;54294;16015;43;149;165;468;475
5;179;54777;16139;43;150;166;471;478
5;180;55260;16263;43;151;167;474;481
5;181;55743;16387;43;152;168;477;484
5;182;56226;16511;43;153;169;480;487
5;183;56709;16635;43;154;170;483;490
5;184;57192;16759;43;155;171;486;493
5;185;57675;16883;43;156;172;489;496
5;186;58158;17007;43;157;173;492;499
5;187;58641;17131;43;158;174;495;502
5;188;59124;17255;43;159;175;498;505
5;189;59607;17379;43;160;176;501;508
5;190;60090;17503;43;161;177;504;511
5;191;60573;17627;43;162;178;507;514
5;192;61056;17751;43;163;179;510;517
5;193;61539;17875;43;164;180;513;520
5;194;62022;17999;43;165;181;516;523
5;195;62505;18123;43;166;182;519;526
5;196;62988;18247;43;167;183;522;529
5;197;63471;18371;43;168;184;525;532
5;198;63954;18495;43;169;185;528;535
5;199;64437;18619;43;170;186;531;538
5;200;64920;18743;43;171;187;534;541
5;201;65403;18867;43;172;188;537;544
5;202;65886;18991;43;173;189;540;547
5;203;66369;19115;43;174;190;543;550
5;204;66852;19239;43;175;191;546;553
5;205;67335;19363;43;176;192;549;556
5;206;67818;19487;43;177;193;552;559
5;207;68301;19611;43;178;194;555;562
5;208;68784;19735;43;179;195;558;565
5;209;69267;19859;43;180;196;561;568
5;210;69750;19983;43;181;197;564;571
5;211;70233;20107;43;182;198;567;574
5;212;70716;20231;43;183;199;570;577
5;213;71199;20355;43;184;200;573;580
5;214;71682;20479;43;185;201;576;583
5;215;72165;20603;43;186;202;579;586
5;216;72648;20727;43;187;203;582;589
5;217;73131;20851;43;188;204;585;592
5;218;73614;20975;43;189;205;588;595
5;219;74097;21099;43;190;206;591;598
5;220;74580;21223;43;191;207;594;601
5;221;75063;21347;43;192;208;597;604
5;222;75546;21471;43;193;209;600;607
5;223;76029;21595;43;194;210;603;610
5;224;76512;21719;43;195;211;606;613
5;225;76995;21843;43;196;212;609;616
5;226;77478;21967;43;197;213;612;619
5;227;77961;22091;43;198;214;615;622
5;228;78444;22215;43;199;215;618;625
5;229;78927;22339;43;200;216;621;628
5;230;79410;22463;43;201;217;624;631
5;231;79893;22587;43;202;218;627;634
5;232;80376;22711;43;203;219;630;637
5;233;80859;22835;43;204;220;633;640
5;234;81342;22959;43;205;221;636;643
5;235;81825;23083;43;206;222;639;646
5;236;82308;23207;43;207;223;642;649
5;237;82791;23331;43;208;224;645;652
5;238;83274;23455;43;209;225;648;655
5;239;83757;23579;43;210;226;651;658
5;240;84240;23703;43;211;227;654;661
5;241;84723;23827;43;212;228;657;664
5;242;85206;23951;43;213;229;660;667
5;243;85689;24075;43;214;230;663;670
5;244;86172;24199;43;215;231;666;673
5;245;86655;24323;43;216;232;669;676
5;246;87138;24447;43;217;233;672;679
5;247;87621;24571;43;218;234;675;682
5;248;88104;24695;43;219;235;678;685
5;249;88587;24819;43;220;236;681;688
5;250;89070;24943;43;221;237;684;691
5;251;89553;25067;43;222;238;687;694
5;252;90036;25191;43;223;239;690;697
5;253;90519;25315;43;224;240;693;700
5;254;91002;25439;43;225;241;696;703
5;255;91485;25563;43;226;242;699;706
6;81;8596;0;178;114;163;35;60
6;82;9071;0;181;116;166;35;61
6;83;9546;0;184;118;169;35;62
6;84;10021;0;187;120;172;35;63
6;85;10496;0;190;122;175;35;64
6;86;10971;0;193;124;178;35;65
6;87;11446;0;196;126;181;35;66
6;88;11921;0;199;128;184;35;67
6;89;12396;0;202;130;187;35;68
6;90;12871;0;205;132;190;35;69
6;91;13346;0;208;134;193;35;70
6;92;13821;0;211;136;196;35;71
6;93;14296;0;214;138;199;35;72
6;94;14771;0;217;140;202;35;73
6;95;15246;0;220;142;205;35;74
6;96;15721;0;223;144;208;35;75
6;97;16196;0;226;146;211;35;76
6;98;16671;0;229;148;214;35;77
6;99;17146;0;232;150;217;35;78
6;100;17621;0;235;152;220;35;79
6;101;18096;0;238;154;223;35;80
6;102;18571;0;241;156;226;35;81
6;103;19046;0;244;158;229;35;82
6;104;19521;0;247;160;232;35;83
6;105;19996;0;250;162;235;35;84
6;106;20471;0;253;164;238;35;85
6;107;20946;0;256;166;241;35;86
6;108;21421;0;259;168;244;35;87
6;109;21896;0;262;170;247;35;88
6;110;22371;0;265;172;250;35;89
6;111;22846;0;268;174;253;35;90
6;112;23321;0;271;176;256;35;91
6;113;23796;0;274;178;259;35;92
6;114;24271;0;277;180;262;35;93
6;115;24746;0;280;182;265;35;94
6;116;25221;0;283;184;268;35;95
6;117;25696;0;286;186;271;35;96
6;118;26171;0;289;188;274;35;97
6;119;26646;0;292;190;277;35;98
6;120;27121;0;295;192;280;35;99
6;121;27596;0;298;194;283;35;100
6;122;28071;0;301;196;286;35;101
6;123;28546;0;304;198;289;35;102
6;124;29021;0;307;200;292;35;103
6;125;29496;0;310;202;295;35;104
6;126;29971;0;313;204;298;35;105
6;127;30446;0;316;206;301;35;106
6;128;30921;0;319;208;304;35;107
6;129;31396;0;322;210;307;35;108
6;130;31871;0;325;212;310;35;109
6;131;32346;0;328;214;313;35;110
6;132;32821;0;331;216;316;35;111
6;133;33296;0;334;218;319;35;112
6;134;33771;0;337;220;322;35;113
6;135;34246;0;340;222;325;35;114
6;136;34721;0;343;224;328;35;115
6;137;35196;0;346;226;331;35;116
6;138;35671;0;349;228;334;35;117
6;139;36146;0;352;230;337;35;118
6;140;36621;0;355;232;340;35;119
6;141;37096;0;358;234;343;35;120
6;142;37571;0;361;236;346;35;121
6;143;38046;0;364;238;349;35;122
6;144;38521;0;367;240;352;35;123
6;145;38996;0;370;242;355;35;124
6;146;39471;0;373;244;358;35;125
6;147;39946;0;376;246;361;35;126
6;148;40421;0;379;248;364;35;127
6;149;40896;0;382;250;367;35;128
6;150;41371;0;385;252;370;35;129
6;151;41846;0;388;254;373;35;130
6;152;42321;0;391;256;376;35;131
6;153;42796;0;394;258;379;35;132
6;154;43271;0;397;260;382;35;133
6;155;43746;0;400;262;385;35;134
6;156;44221;0;403;264;388;35;135
6;157;44696;0;406;266;391;35;136
6;158;45171;0;409;268;394;35;137
6;159;45646;0;412;270;397;35;138
6;160;46121;0;415;272;400;35;139
6;161;46596;0;418;274;403;35;140
6;162;47071;0;421;276;406;35;141
6;163;47546;0;424;278;409;35;142
6;164;48021;0;427;280;412;35;143
6;165;48496;0;430;282;415;35;144
6;166;48971;0;433;284;418;35;145
6;167;49446;0;436;286;421;35;146
6;168;49921;0;439;288;424;35;147
6;169;50396;0;442;290;427;35;148
6;170;50871;0;445;292;430;35;149
6;171;51346;0;448;294;433;35;150
6;172;51821;0;451;296;436;35;151
6;173;52296;0;454;298;439;35;152
6;174;52771;0;457;300;442;35;153
6;175;53246;0;460;302;445;35;154
6;176;53721;0;463;304;448;35;155
6;177;54196;0;466;306;451;35;156
6;178;54671;0;469;308;454;35;157
6;179;55146;0;472;310;457;35;158
6;180;55621;0;475;312;460;35;159
6;181;56096;0;478;314;463;35;160
6;182;56571;0;481;316;466;35;161
6;183;57046;0;484;318;469;35;162
6;184;57521;0;487;320;472;35;163
6;185;57996;0;490;322;475;35;164
6;186;58471;0;493;324;478;35;165
6;187;58946;0;496;326;481;35;166
6;188;59421;0;499;328;484;35;167
6;189;59896;0;502;330;487;35;168
6;190;60371;0;505;332;490;35;169
6;191;60846;0;508;334;493;35;170
6;192;61321;0;511;336;496;35;171
6;193;61796;0;514;338;499;35;172
6;194;62271;0;517;340;502;35;173
6;195;62746;0;520;342;505;35;174
6;196;63221;0;523;344;508;35;175
6;197;63696;0;526;346;511;35;176
6;198;64171;0;529;348;514;35;177
6;199;64646;0;532;350;517;35;178
6;200;65121;0;535;352;520;35;179
6;201;65596;0;538;354;523;35;180
6;202;66071;0;541;356;526;35;181
6;203;66546;0;544;358;529;35;182
6;204;67021;0;547;360;532;35;183
6;205;67496;0;550;362;535;35;184
6;206;67971;0;553;364;538;35;185
6;207;68446;0;556;366;541;35;186
6;208;68921;0;559;368;544;35;187
6;209;69396;0;562;370;547;35;188
6;210;69871;0;565;372;550;35;189
6;211;70346;0;568;374;553;35;190
6;212;70821;0;571;376;556;35;191
6;213;71296;0;574;378;559;35;192
6;214;71771;0;577;380;562;35;193
6;215;72246;0;580;382;565;35;194
6;216;72721;0;583;384;568;35;195
6;217;73196;0;586;386;571;35;196
6;218;73671;0;589;388;574;35;197
6;219;74146;0;592;390;577;35;198
6;220;74621;0;595;392;580;35;199
6;221;75096;0;598;394;583;35;200
6;222;75571;0;601;396;586;35;201
6;223;76046;0;604;398;589;35;202
6;224;76521;0;607;400;592;35;203
6;225;76996;0;610;402;595;35;204
6;226;77471;0;613;404;598;35;205
6;227;77946;0;616;406;601;35;206
6;228;78421;0;619;408;604;35;207
6;229;78896;0;622;410;607;35;208
6;230;79371;0;625;412;610;35;209
6;231;79846;0;628;414;613;35;210
6;232;80321;0;631;416;616;35;211
6;233;80796;0;634;418;619;35;212
6;234;81271;0;637;420;622;35;213
6;235;81746;0;640;422;625;35;214
6;236;82221;0;643;424;628;35;215
6;237;82696;0;646;426;631;35;216
6;238;83171;0;649;428;634;35;217
6;239;83646;0;652;430;637;35;218
6;240;84121;0;655;432;640;35;219
6;241;84596;0;658;434;643;35;220
6;242;85071;0;661;436;646;35;221
6;243;85546;0;664;438;649;35;222
6;244;86021;0;667;440;652;35;223
6;245;86496;0;670;442;655;35;224
6;246;86971;0;673;444;658;35;225
6;247;87446;0;676;446;661;35;226
6;248;87921;0;679;448;664;35;227
6;249;88396;0;682;450;667;35;228
6;250;88871;0;685;452;670;35;229
6;251;89346;0;688;454;673;35;230
6;252;89821;0;691;456;676;35;231
6;253;90296;0;694;458;679;35;232
6;254;90771;0;697;460;682;35;233
6;255;91246;0;700;462;685;35;234
6;1;20;0;23;20;22;20;20
6;2;29;0;24;21;23;20;20
6;3;38;0;25;21;24;20;21
6;4;47;0;26;22;25;20;21
6;5;56;0;28;23;26;20;21
6;6;65;0;29;24;27;21;21
6;7;74;0;30;24;28;21;22
6;8;83;0;31;25;29;21;22
6;9;92;0;32;26;30;21;22
6;10;97;0;33;26;31;21;23
6;11;103;0;35;27;33;21;23
6;12;109;0;36;28;34;21;23
6;13;118;0;37;29;35;21;24
6;14;128;0;39;30;36;22;24
6;15;139;0;40;30;37;22;24
6;16;151;0;41;31;38;22;25
6;17;154;0;42;32;40;22;25
6;18;168;0;44;33;41;22;25
6;19;183;0;45;34;42;22;26
6;20;199;0;47;35;43;22;26
6;21;206;0;48;35;45;23;26
6;22;224;0;49;36;46;23;27
6;23;243;0;51;37;47;23;27
6;24;253;0;52;38;49;23;28
6;25;274;0;54;39;50;23;28
6;26;296;0;55;40;51;23;28
6;27;309;0;57;41;53;23;29
6;28;333;0;58;42;54;24;29
6;29;348;0;60;43;56;24;30
6;30;374;0;62;44;57;24;30
6;31;401;0;63;45;58;24;30
6;32;419;0;65;46;60;24;31
6;33;448;0;66;47;61;24;31
6;34;468;0;68;48;63;25;32
6;35;499;0;70;49;64;25;32
6;36;521;0;72;50;66;25;33
6;37;545;0;73;51;68;25;33
6;38;581;0;75;52;69;25;33
6;39;609;0;77;53;71;26;34
6;40;649;0;79;54;72;26;34
6;41;681;0;80;56;74;26;35
6;42;715;0;82;57;76;26;35
6;43;761;0;84;58;77;26;36
6;44;799;0;86;59;79;26;36
6;45;839;0;88;60;81;27;37
6;46;881;0;90;61;83;27;37
6;47;935;0;92;63;84;27;38
6;48;981;0;94;64;86;27;38
6;49;1029;0;96;65;88;28;39
6;50;1079;0;98;66;90;28;39
6;51;1131;0;100;68;92;28;40
6;52;1185;0;102;69;94;28;40
6;53;1241;0;104;70;96;28;41
6;54;1299;0;106;72;98;29;42
